# -*- coding: utf-8 -*-

# Resource object code
#
# Created by: The Resource Compiler for PyQt5 (Qt v5.15.2)
#
# WARNING! All changes made in this file will be lost!

from PyQt5 import QtCore

qt_resource_data = b"\
\x00\x00\x05\x15\
\x3c\
\x3f\x78\x6d\x6c\x20\x76\x65\x72\x73\x69\x6f\x6e\x3d\x22\x31\x2e\
\x30\x22\x20\x65\x6e\x63\x6f\x64\x69\x6e\x67\x3d\x22\x55\x54\x46\
\x2d\x38\x22\x3f\x3e\x0a\x3c\x73\x76\x67\x20\x78\x6d\x6c\x6e\x73\
\x3d\x22\x68\x74\x74\x70\x3a\x2f\x2f\x77\x77\x77\x2e\x77\x33\x2e\
\x6f\x72\x67\x2f\x32\x30\x30\x30\x2f\x73\x76\x67\x22\x20\x69\x64\
\x3d\x22\x4c\x61\x79\x65\x72\x5f\x31\x22\x20\x64\x61\x74\x61\x2d\
\x6e\x61\x6d\x65\x3d\x22\x4c\x61\x79\x65\x72\x20\x31\x22\x20\x76\
\x69\x65\x77\x42\x6f\x78\x3d\x22\x30\x20\x30\x20\x32\x34\x20\x32\
\x34\x22\x3e\x0a\x20\x20\x3c\x70\x61\x74\x68\x20\x64\x3d\x22\x4d\
\x31\x38\x2e\x35\x2c\x31\x31\x63\x31\x2e\x34\x36\x39\x2c\x30\x2c\
\x32\x2e\x38\x35\x31\x2d\x2e\x35\x37\x32\x2c\x33\x2e\x38\x38\x39\
\x2d\x31\x2e\x36\x31\x31\x2c\x31\x2e\x30\x33\x39\x2d\x31\x2e\x30\
\x33\x39\x2c\x31\x2e\x36\x31\x31\x2d\x32\x2e\x34\x32\x2c\x31\x2e\
\x36\x31\x31\x2d\x33\x2e\x38\x38\x39\x73\x2d\x2e\x35\x37\x32\x2d\
\x32\x2e\x38\x35\x31\x2d\x31\x2e\x36\x31\x31\x2d\x33\x2e\x38\x38\
\x39\x63\x2d\x31\x2e\x30\x33\x38\x2d\x31\x2e\x30\x33\x39\x2d\x32\
\x2e\x34\x32\x2d\x31\x2e\x36\x31\x31\x2d\x33\x2e\x38\x38\x39\x2d\
\x31\x2e\x36\x31\x31\x73\x2d\x32\x2e\x38\x35\x31\x2c\x2e\x35\x37\
\x32\x2d\x33\x2e\x38\x38\x39\x2c\x31\x2e\x36\x31\x31\x63\x2d\x31\
\x2e\x30\x33\x39\x2c\x31\x2e\x30\x33\x39\x2d\x31\x2e\x36\x31\x31\
\x2c\x32\x2e\x34\x32\x2d\x31\x2e\x36\x31\x31\x2c\x33\x2e\x38\x38\
\x39\x73\x2e\x35\x37\x32\x2c\x32\x2e\x38\x35\x31\x2c\x31\x2e\x36\
\x31\x31\x2c\x33\x2e\x38\x38\x39\x63\x31\x2e\x30\x33\x38\x2c\x31\
\x2e\x30\x33\x39\x2c\x32\x2e\x34\x32\x2c\x31\x2e\x36\x31\x31\x2c\
\x33\x2e\x38\x38\x39\x2c\x31\x2e\x36\x31\x31\x5a\x4d\x31\x35\x2e\
\x33\x31\x38\x2c\x32\x2e\x33\x31\x38\x63\x2e\x38\x35\x2d\x2e\x38\
\x35\x2c\x31\x2e\x39\x37\x39\x2d\x31\x2e\x33\x31\x38\x2c\x33\x2e\
\x31\x38\x32\x2d\x31\x2e\x33\x31\x38\x73\x32\x2e\x33\x33\x32\x2c\
\x2e\x34\x36\x38\x2c\x33\x2e\x31\x38\x32\x2c\x31\x2e\x33\x31\x38\
\x63\x2e\x38\x35\x31\x2c\x2e\x38\x35\x2c\x31\x2e\x33\x31\x38\x2c\
\x31\x2e\x39\x38\x2c\x31\x2e\x33\x31\x38\x2c\x33\x2e\x31\x38\x32\
\x73\x2d\x2e\x34\x36\x38\x2c\x32\x2e\x33\x33\x32\x2d\x31\x2e\x33\
\x31\x38\x2c\x33\x2e\x31\x38\x32\x63\x2d\x2e\x38\x35\x2c\x2e\x38\
\x35\x2d\x31\x2e\x39\x37\x39\x2c\x31\x2e\x33\x31\x38\x2d\x33\x2e\
\x31\x38\x32\x2c\x31\x2e\x33\x31\x38\x73\x2d\x32\x2e\x33\x33\x32\
\x2d\x2e\x34\x36\x38\x2d\x33\x2e\x31\x38\x32\x2d\x31\x2e\x33\x31\
\x38\x63\x2d\x2e\x38\x35\x31\x2d\x2e\x38\x35\x2d\x31\x2e\x33\x31\
\x38\x2d\x31\x2e\x39\x38\x2d\x31\x2e\x33\x31\x38\x2d\x33\x2e\x31\
\x38\x32\x73\x2e\x34\x36\x38\x2d\x32\x2e\x33\x33\x32\x2c\x31\x2e\
\x33\x31\x38\x2d\x33\x2e\x31\x38\x32\x5a\x6d\x2e\x31\x38\x32\x2c\
\x33\x2e\x31\x38\x32\x63\x30\x2d\x2e\x32\x37\x36\x2c\x2e\x32\x32\
\x34\x2d\x2e\x35\x2c\x2e\x35\x2d\x2e\x35\x68\x32\x56\x33\x63\x30\
\x2d\x2e\x32\x37\x36\x2c\x2e\x32\x32\x34\x2d\x2e\x35\x2c\x2e\x35\
\x2d\x2e\x35\x73\x2e\x35\x2c\x2e\x32\x32\x34\x2c\x2e\x35\x2c\x2e\
\x35\x76\x32\x68\x32\x63\x2e\x32\x37\x36\x2c\x30\x2c\x2e\x35\x2c\
\x2e\x32\x32\x34\x2c\x2e\x35\x2c\x2e\x35\x73\x2d\x2e\x32\x32\x34\
\x2c\x2e\x35\x2d\x2e\x35\x2c\x2e\x35\x68\x2d\x32\x76\x32\x63\x30\
\x2c\x2e\x32\x37\x36\x2d\x2e\x32\x32\x34\x2c\x2e\x35\x2d\x2e\x35\
\x2c\x2e\x35\x73\x2d\x2e\x35\x2d\x2e\x32\x32\x34\x2d\x2e\x35\x2d\
\x2e\x35\x76\x2d\x32\x68\x2d\x32\x63\x2d\x2e\x32\x37\x36\x2c\x30\
\x2d\x2e\x35\x2d\x2e\x32\x32\x34\x2d\x2e\x35\x2d\x2e\x35\x5a\x6d\
\x38\x2e\x35\x2c\x36\x76\x38\x63\x30\x2c\x32\x2e\x34\x38\x31\x2d\
\x32\x2e\x30\x31\x39\x2c\x34\x2e\x35\x2d\x34\x2e\x35\x2c\x34\x2e\
\x35\x48\x34\x2e\x35\x63\x2d\x32\x2e\x34\x38\x31\x2c\x30\x2d\x34\
\x2e\x35\x2d\x32\x2e\x30\x31\x39\x2d\x34\x2e\x35\x2d\x34\x2e\x35\
\x56\x37\x2e\x35\x43\x30\x2c\x35\x2e\x30\x31\x39\x2c\x32\x2e\x30\
\x31\x39\x2c\x33\x2c\x34\x2e\x35\x2c\x33\x68\x36\x63\x2e\x32\x37\
\x36\x2c\x30\x2c\x2e\x35\x2c\x2e\x32\x32\x34\x2c\x2e\x35\x2c\x2e\
\x35\x73\x2d\x2e\x32\x32\x34\x2c\x2e\x35\x2d\x2e\x35\x2c\x2e\x35\
\x48\x34\x2e\x35\x63\x2d\x31\x2e\x36\x31\x31\x2c\x30\x2d\x32\x2e\
\x39\x35\x38\x2c\x31\x2e\x31\x30\x31\x2d\x33\x2e\x33\x36\x33\x2c\
\x32\x2e\x35\x38\x36\x4c\x39\x2e\x35\x32\x35\x2c\x31\x34\x2e\x39\
\x37\x35\x63\x31\x2e\x33\x32\x32\x2c\x31\x2e\x33\x32\x32\x2c\x33\
\x2e\x36\x32\x37\x2c\x31\x2e\x33\x32\x32\x2c\x34\x2e\x39\x34\x39\
\x2c\x30\x6c\x32\x2e\x32\x34\x37\x2d\x32\x2e\x33\x32\x32\x63\x2e\
\x31\x39\x31\x2d\x2e\x31\x39\x37\x2c\x2e\x35\x31\x2d\x2e\x32\x30\
\x34\x2c\x2e\x37\x30\x37\x2d\x2e\x30\x31\x32\x2c\x2e\x31\x39\x38\
\x2c\x2e\x31\x39\x32\x2c\x2e\x32\x30\x34\x2c\x2e\x35\x30\x39\x2c\
\x2e\x30\x31\x32\x2c\x2e\x37\x30\x37\x6c\x2d\x32\x2e\x32\x35\x33\
\x2c\x32\x2e\x33\x32\x38\x63\x2d\x2e\x38\x35\x35\x2c\x2e\x38\x35\
\x36\x2d\x31\x2e\x39\x38\x35\x2c\x31\x2e\x33\x32\x34\x2d\x33\x2e\
\x31\x38\x38\x2c\x31\x2e\x33\x32\x34\x73\x2d\x32\x2e\x33\x33\x32\
\x2d\x2e\x34\x36\x38\x2d\x33\x2e\x31\x38\x32\x2d\x31\x2e\x33\x31\
\x38\x4c\x31\x2c\x37\x2e\x38\x36\x33\x76\x31\x31\x2e\x36\x33\x37\
\x63\x30\x2c\x31\x2e\x39\x33\x2c\x31\x2e\x35\x37\x2c\x33\x2e\x35\
\x2c\x33\x2e\x35\x2c\x33\x2e\x35\x68\x31\x35\x63\x31\x2e\x39\x33\
\x2c\x30\x2c\x33\x2e\x35\x2d\x31\x2e\x35\x37\x2c\x33\x2e\x35\x2d\
\x33\x2e\x35\x56\x31\x31\x2e\x35\x63\x30\x2d\x2e\x32\x37\x36\x2c\
\x2e\x32\x32\x34\x2d\x2e\x35\x2c\x2e\x35\x2d\x2e\x35\x73\x2e\x35\
\x2c\x2e\x32\x32\x34\x2c\x2e\x35\x2c\x2e\x35\x5a\x22\x20\x66\x69\
\x6c\x6c\x3d\x22\x77\x68\x69\x74\x65\x22\x2f\x3e\x0a\x3c\x2f\x73\
\x76\x67\x3e\x0a\
\x00\x00\x06\xa1\
\x3c\
\x73\x76\x67\x20\x78\x6d\x6c\x6e\x73\x3d\x22\x68\x74\x74\x70\x3a\
\x2f\x2f\x77\x77\x77\x2e\x77\x33\x2e\x6f\x72\x67\x2f\x32\x30\x30\
\x30\x2f\x73\x76\x67\x22\x20\x78\x6d\x6c\x6e\x73\x3a\x78\x6c\x69\
\x6e\x6b\x3d\x22\x68\x74\x74\x70\x3a\x2f\x2f\x77\x77\x77\x2e\x77\
\x33\x2e\x6f\x72\x67\x2f\x31\x39\x39\x39\x2f\x78\x6c\x69\x6e\x6b\
\x22\x20\x77\x69\x64\x74\x68\x3d\x22\x36\x30\x30\x22\x20\x68\x65\
\x69\x67\x68\x74\x3d\x22\x39\x32\x22\x3e\x3c\x67\x20\x66\x69\x6c\
\x6c\x3d\x22\x23\x66\x66\x66\x22\x20\x74\x72\x61\x6e\x73\x66\x6f\
\x72\x6d\x3d\x22\x74\x72\x61\x6e\x73\x6c\x61\x74\x65\x28\x2d\x32\
\x2e\x30\x31\x20\x2d\x31\x2e\x38\x35\x29\x20\x73\x63\x61\x6c\x65\
\x28\x32\x2e\x30\x31\x33\x34\x29\x22\x3e\x3c\x70\x61\x74\x68\x20\
\x69\x64\x3d\x22\x61\x22\x20\x64\x3d\x22\x4d\x32\x30\x2e\x37\x38\
\x20\x33\x32\x2e\x39\x33\x63\x2e\x34\x31\x20\x31\x2e\x30\x33\x2e\
\x32\x38\x20\x32\x2e\x33\x35\x2e\x30\x38\x20\x33\x2e\x31\x35\x2d\
\x2e\x33\x35\x20\x31\x2e\x34\x32\x2d\x31\x2e\x33\x31\x20\x32\x2e\
\x38\x37\x2d\x34\x2e\x31\x35\x20\x32\x2e\x38\x37\x2d\x32\x2e\x36\
\x36\x20\x30\x2d\x34\x2e\x32\x38\x2d\x31\x2e\x35\x34\x2d\x34\x2e\
\x32\x38\x2d\x33\x2e\x38\x36\x76\x2d\x34\x2e\x31\x33\x48\x31\x76\
\x33\x2e\x32\x38\x63\x30\x20\x39\x2e\x35\x20\x37\x2e\x34\x37\x20\
\x31\x32\x2e\x33\x37\x20\x31\x35\x2e\x34\x38\x20\x31\x32\x2e\x33\
\x37\x20\x37\x2e\x37\x20\x30\x20\x31\x34\x2e\x30\x34\x2d\x32\x2e\
\x36\x32\x20\x31\x35\x2e\x30\x35\x2d\x39\x2e\x37\x33\x2e\x35\x32\
\x2d\x33\x2e\x36\x38\x2e\x31\x34\x2d\x36\x2e\x30\x39\x2d\x2e\x30\
\x34\x2d\x36\x2e\x39\x38\x2d\x31\x2e\x38\x2d\x38\x2e\x39\x32\x2d\
\x31\x37\x2e\x39\x36\x2d\x31\x31\x2e\x35\x38\x2d\x31\x39\x2e\x31\
\x37\x2d\x31\x36\x2e\x35\x37\x61\x35\x2e\x34\x36\x20\x35\x2e\x34\
\x36\x20\x30\x20\x30\x20\x31\x2d\x2e\x30\x34\x2d\x32\x2e\x32\x34\
\x63\x2e\x33\x2d\x31\x2e\x33\x37\x20\x31\x2e\x32\x33\x2d\x32\x2e\
\x38\x36\x20\x33\x2e\x38\x39\x2d\x32\x2e\x38\x36\x20\x32\x2e\x35\
\x20\x30\x20\x33\x2e\x39\x35\x20\x31\x2e\x35\x34\x20\x33\x2e\x39\
\x35\x20\x33\x2e\x38\x36\x76\x32\x2e\x36\x34\x68\x31\x30\x2e\x36\
\x33\x76\x2d\x33\x43\x33\x30\x2e\x37\x35\x20\x32\x2e\x34\x35\x20\
\x32\x32\x2e\x34\x32\x20\x31\x20\x31\x36\x2e\x34\x20\x31\x20\x38\
\x2e\x38\x32\x20\x31\x20\x32\x2e\x36\x33\x20\x33\x2e\x35\x31\x20\
\x31\x2e\x35\x20\x31\x30\x2e\x34\x36\x63\x2d\x2e\x33\x20\x31\x2e\
\x39\x2d\x2e\x33\x35\x20\x33\x2e\x36\x2e\x31\x20\x35\x2e\x37\x34\
\x20\x31\x2e\x38\x35\x20\x38\x2e\x37\x20\x31\x36\x2e\x39\x38\x20\
\x31\x31\x2e\x32\x32\x20\x31\x39\x2e\x31\x38\x20\x31\x36\x2e\x37\
\x33\x22\x2f\x3e\x3c\x70\x61\x74\x68\x20\x64\x3d\x22\x6d\x34\x36\
\x2e\x36\x20\x32\x2e\x33\x36\x2d\x37\x2e\x39\x20\x34\x32\x2e\x35\
\x39\x68\x31\x31\x2e\x35\x31\x4c\x35\x36\x2e\x30\x34\x20\x36\x2e\
\x33\x68\x2e\x32\x34\x6c\x35\x2e\x36\x37\x20\x33\x38\x2e\x36\x35\
\x48\x37\x33\x2e\x34\x6c\x2d\x37\x2e\x38\x35\x2d\x34\x32\x2e\x36\
\x7a\x6d\x36\x34\x2e\x33\x35\x20\x30\x2d\x35\x2e\x32\x35\x20\x33\
\x32\x2e\x35\x36\x68\x2d\x2e\x32\x35\x6c\x2d\x35\x2e\x32\x34\x2d\
\x33\x32\x2e\x35\x36\x48\x38\x32\x2e\x38\x34\x6c\x2d\x2e\x39\x34\
\x20\x34\x32\x2e\x35\x39\x68\x31\x30\x2e\x36\x36\x6c\x2e\x32\x36\
\x2d\x33\x38\x2e\x32\x39\x68\x2e\x32\x34\x6c\x37\x2e\x31\x31\x20\
\x33\x38\x2e\x32\x39\x68\x31\x30\x2e\x38\x31\x6c\x37\x2e\x31\x32\
\x2d\x33\x38\x2e\x32\x38\x68\x2e\x32\x33\x6c\x2e\x32\x37\x20\x33\
\x38\x2e\x32\x38\x68\x31\x30\x2e\x36\x35\x6c\x2d\x2e\x39\x34\x2d\
\x34\x32\x2e\x36\x7a\x22\x2f\x3e\x3c\x75\x73\x65\x20\x78\x6c\x69\
\x6e\x6b\x3a\x68\x72\x65\x66\x3d\x22\x23\x61\x22\x20\x74\x72\x61\
\x6e\x73\x66\x6f\x72\x6d\x3d\x22\x74\x72\x61\x6e\x73\x6c\x61\x74\
\x65\x28\x31\x33\x38\x2e\x34\x37\x20\x2d\x2e\x30\x38\x29\x22\x2f\
\x3e\x3c\x70\x61\x74\x68\x20\x64\x3d\x22\x4d\x31\x39\x35\x20\x33\
\x38\x2e\x35\x37\x63\x32\x2e\x39\x36\x20\x30\x20\x33\x2e\x38\x37\
\x2d\x32\x2e\x30\x34\x20\x34\x2e\x30\x38\x2d\x33\x2e\x30\x38\x2e\
\x30\x39\x2d\x2e\x34\x36\x2e\x31\x2d\x31\x2e\x30\x38\x2e\x31\x2d\
\x31\x2e\x36\x33\x56\x32\x2e\x33\x36\x68\x31\x30\x2e\x37\x38\x76\
\x33\x30\x2e\x35\x33\x61\x33\x37\x20\x33\x37\x20\x30\x20\x30\x20\
\x31\x2d\x2e\x31\x20\x32\x2e\x38\x63\x2d\x2e\x37\x35\x20\x37\x2e\
\x39\x35\x2d\x37\x2e\x30\x33\x20\x31\x30\x2e\x35\x33\x2d\x31\x34\
\x2e\x38\x36\x20\x31\x30\x2e\x35\x33\x2d\x37\x2e\x38\x34\x20\x30\
\x2d\x31\x34\x2e\x31\x32\x2d\x32\x2e\x35\x38\x2d\x31\x34\x2e\x38\
\x37\x2d\x31\x30\x2e\x35\x33\x2d\x2e\x30\x33\x2d\x2e\x34\x32\x2d\
\x2e\x31\x31\x2d\x32\x2e\x30\x32\x2d\x2e\x31\x2d\x32\x2e\x38\x56\
\x32\x2e\x33\x35\x68\x31\x30\x2e\x37\x38\x76\x33\x31\x2e\x35\x63\
\x2d\x2e\x30\x31\x2e\x35\x36\x2e\x30\x31\x20\x31\x2e\x31\x38\x2e\
\x31\x20\x31\x2e\x36\x34\x2e\x32\x20\x31\x2e\x30\x34\x20\x31\x2e\
\x31\x32\x20\x33\x2e\x30\x38\x20\x34\x2e\x30\x39\x20\x33\x2e\x30\
\x38\x6d\x35\x32\x2e\x30\x38\x2d\x33\x36\x2e\x32\x31\x2e\x35\x38\
\x20\x33\x33\x2e\x34\x33\x68\x2d\x2e\x32\x33\x6c\x2d\x39\x2e\x38\
\x2d\x33\x33\x2e\x34\x33\x68\x2d\x31\x35\x2e\x38\x56\x34\x34\x2e\
\x35\x68\x31\x30\x2e\x34\x37\x6c\x2d\x2e\x35\x38\x2d\x33\x34\x2e\
\x35\x39\x68\x2e\x32\x33\x6c\x31\x30\x2e\x35\x31\x20\x33\x34\x2e\
\x35\x39\x68\x31\x35\x2e\x31\x37\x56\x32\x2e\x33\x36\x7a\x6d\x33\
\x36\x2e\x37\x35\x20\x33\x35\x2e\x37\x37\x63\x33\x2e\x30\x38\x20\
\x30\x20\x34\x2e\x31\x36\x2d\x31\x2e\x39\x35\x20\x34\x2e\x33\x35\
\x2d\x33\x2e\x31\x2e\x30\x39\x2d\x2e\x34\x37\x2e\x31\x2d\x31\x2e\
\x30\x37\x2e\x31\x2d\x31\x2e\x36\x76\x2d\x36\x2e\x32\x68\x2d\x34\
\x2e\x33\x37\x76\x2d\x36\x2e\x32\x48\x32\x39\x39\x76\x31\x31\x2e\
\x34\x32\x63\x30\x20\x2e\x38\x2d\x2e\x30\x32\x20\x31\x2e\x33\x38\
\x2d\x2e\x31\x35\x20\x32\x2e\x38\x2d\x2e\x37\x20\x37\x2e\x37\x36\
\x2d\x37\x2e\x34\x33\x20\x31\x30\x2e\x35\x33\x2d\x31\x34\x2e\x39\
\x38\x20\x31\x30\x2e\x35\x33\x2d\x37\x2e\x35\x35\x20\x30\x2d\x31\
\x34\x2e\x32\x37\x2d\x32\x2e\x37\x37\x2d\x31\x34\x2e\x39\x38\x2d\
\x31\x30\x2e\x35\x33\x2d\x2e\x31\x32\x2d\x31\x2e\x34\x32\x2d\x2e\
\x31\x35\x2d\x32\x2d\x2e\x31\x35\x2d\x32\x2e\x38\x56\x31\x34\x2e\
\x35\x33\x63\x30\x2d\x2e\x37\x36\x2e\x31\x2d\x32\x2e\x31\x2e\x31\
\x38\x2d\x32\x2e\x38\x2e\x39\x35\x2d\x37\x2e\x39\x37\x20\x37\x2e\
\x34\x2d\x31\x30\x2e\x35\x33\x20\x31\x34\x2e\x39\x35\x2d\x31\x30\
\x2e\x35\x33\x20\x37\x2e\x35\x35\x20\x30\x20\x31\x34\x2e\x31\x37\
\x20\x32\x2e\x35\x34\x20\x31\x34\x2e\x39\x35\x20\x31\x30\x2e\x35\
\x32\x2e\x31\x34\x20\x31\x2e\x33\x36\x2e\x31\x20\x32\x2e\x38\x2e\
\x31\x20\x32\x2e\x38\x76\x31\x2e\x34\x33\x68\x2d\x31\x30\x2e\x37\
\x34\x76\x2d\x32\x2e\x33\x39\x73\x30\x2d\x31\x2d\x2e\x31\x33\x2d\
\x31\x2e\x36\x32\x63\x2d\x2e\x32\x2d\x2e\x39\x34\x2d\x31\x2d\x33\
\x2e\x31\x2d\x34\x2e\x32\x36\x2d\x33\x2e\x31\x2d\x33\x2e\x31\x20\
\x30\x2d\x34\x2e\x30\x31\x20\x32\x2e\x30\x35\x2d\x34\x2e\x32\x34\
\x20\x33\x2e\x31\x2d\x2e\x31\x33\x2e\x35\x36\x2d\x2e\x31\x38\x20\
\x31\x2e\x33\x32\x2d\x2e\x31\x38\x20\x32\x2e\x30\x31\x76\x31\x39\
\x2e\x34\x37\x63\x30\x20\x2e\x35\x34\x2e\x30\x32\x20\x31\x2e\x31\
\x34\x2e\x31\x20\x31\x2e\x36\x32\x2e\x32\x20\x31\x2e\x31\x34\x20\
\x31\x2e\x32\x38\x20\x33\x2e\x30\x39\x20\x34\x2e\x33\x36\x20\x33\
\x2e\x30\x39\x22\x2f\x3e\x3c\x2f\x67\x3e\x3c\x2f\x73\x76\x67\x3e\
\
\x00\x00\x52\xfc\
\x89\
\x50\x4e\x47\x0d\x0a\x1a\x0a\x00\x00\x00\x0d\x49\x48\x44\x52\x00\
\x00\x00\xc6\x00\x00\x00\x78\x08\x06\x00\x00\x00\xa9\x5b\x8d\x58\
\x00\x00\x00\x01\x73\x52\x47\x42\x00\xae\xce\x1c\xe9\x00\x00\x20\
\x00\x49\x44\x41\x54\x78\x5e\xec\x7d\x07\x98\x5d\x55\xd5\xf6\xda\
\xa7\x9f\x5b\xa7\xa7\x57\x08\x44\x45\xb1\x80\x28\x28\x8a\xe8\x07\
\x82\x88\xa0\x60\x41\x94\x12\x42\x0d\x24\x81\x44\x8a\xc0\x7c\xd2\
\x7b\x87\x64\xd2\x06\x42\x93\x60\x81\x20\x45\xe9\x25\xf4\x26\x20\
\x24\x01\xd2\xcb\xf4\xdb\x4e\xdf\xe5\x7f\xd6\x3e\xf7\x26\x33\x93\
\x00\x29\x03\x8c\xff\x37\xf7\x31\x5e\xe6\xce\x99\x73\xf7\xd9\x7b\
\xbf\x7b\xf5\x77\x11\x18\x78\x0d\xcc\xc0\xc0\x0c\x6c\x32\x03\x64\
\x60\x4e\x06\x66\x60\x60\x06\x36\x9d\x81\x01\x60\x0c\xec\x8a\x81\
\x19\xd8\xcc\x0c\x0c\x00\x63\x60\x5b\x0c\xcc\xc0\x00\x30\x06\xf6\
\xc0\xc0\x0c\x6c\xd9\x0c\x0c\x48\x8c\x2d\x9b\xa7\x81\xab\xfe\x8f\
\xcd\xc0\x00\x30\xfe\x8f\x2d\xf8\xc0\xe3\x6e\xd9\x0c\x0c\x00\x63\
\xcb\xe6\xe9\x73\xbb\xea\x99\x9b\x26\xff\xba\xca\xb6\xf8\x2e\x47\
\x5f\x7a\x0f\x21\x20\x3e\xb7\x81\xfc\x1f\xfb\xe2\x01\x60\xf4\xf3\
\x05\x5f\x3a\xf3\xb8\xdb\x4c\x12\xee\x93\x57\xea\xce\xfe\xf2\x84\
\xab\xe6\xf7\xf3\xe1\xfe\x7f\x33\xbc\x01\x60\xf4\xe3\xa5\xbc\xa7\
\xf1\x30\x63\xcf\x2a\x7a\x17\x78\xf9\x43\x1d\xb3\x7e\x99\xa7\x57\
\x9d\xb7\xeb\x29\x33\xef\x18\x90\x1c\x9f\xfe\xa2\x0d\x00\xe3\xd3\
\x9f\xe3\x6d\xfe\x86\x77\x6f\x38\xea\xcb\x75\xee\xf2\x9b\xc2\x7c\
\xfb\x77\x21\x3b\x1c\xf2\xdc\xec\x62\x56\x66\xc2\x5a\x0a\x8f\xec\
\x37\x6d\xbe\xb3\xcd\x37\x1e\xf8\xc3\x4f\x9c\x81\x01\x60\x7c\xe2\
\x14\x7d\x7e\x17\xbc\xfe\xbf\xfb\x37\x8e\xb3\x8a\xd3\x94\xd0\x49\
\x74\x51\x13\x42\x2d\x09\x01\x25\x9c\x25\x1b\x26\xaf\x8b\x92\xf7\
\xfc\xf0\x9c\xd9\x2d\x9f\xdf\xe8\xfe\xff\xfe\xe6\x01\x60\xf4\xe3\
\xf5\x5d\x73\xe5\x41\x8f\x59\xf9\xd5\x3f\x20\xd4\x07\x66\xa4\x21\
\x22\x0a\x44\x21\x03\x2d\x55\x0d\x91\x55\x3b\x6b\x6d\x90\xb8\x7c\
\xcf\xb3\xe6\xbc\xdf\x8f\x1f\xe1\xbf\x76\x68\x03\xc0\xe8\xa7\x4b\
\x27\x04\x90\x75\x17\xef\xf3\x64\x82\x95\xf6\x06\x46\x81\x09\x1d\
\x02\x1a\x81\x29\x22\xe0\x8a\x0a\x91\x55\x0d\x61\xb2\xe1\xf1\x0e\
\x25\x7b\xf9\x37\x26\xcf\x7a\xa4\x9f\x3e\xc6\x7f\xed\xb0\x06\x80\
\xd1\x4f\x97\xee\xdf\x57\x1e\x35\x7e\x04\x5b\x73\x5f\x50\xca\xed\
\x44\xa3\x10\x4c\x23\x01\xb6\x41\x40\x0b\xf3\x40\x38\x03\x1f\x74\
\x08\xac\x2c\x04\xc9\x41\x2f\x3b\x7a\xcd\x95\xe3\x4f\x99\x75\x4f\
\x3f\x7d\x94\xff\xca\x61\x0d\x00\xa3\x9f\x2e\xdb\x5b\x17\xfd\xfc\
\xb4\x91\x46\xee\x02\xaf\x98\x4f\x5b\x86\x09\x4e\xa1\x04\xb6\xa1\
\x81\xc1\x5c\x10\x2c\x00\xc3\x4e\x80\x2b\x0c\xa0\x89\x5a\x08\xcc\
\xcc\xbb\x1d\x81\x72\xc3\x57\xfe\xb0\x60\xc6\x80\xc7\xaa\x6f\x16\
\x74\x00\x18\x7d\x33\x8f\x7d\x7e\x97\x0f\xae\x3a\xf4\xaf\x99\x60\
\xf5\x21\x24\xf0\x40\xe1\x00\x2a\x37\x00\x40\x01\x8a\x3f\x00\x07\
\x55\x70\x60\x44\x03\x8f\x1b\x90\xcc\x54\x41\x14\x7a\x6b\x42\xdd\
\xb8\x68\xa9\x1f\xce\xda\xa7\xf1\x49\xda\xe7\x03\xfa\x3f\x76\xc3\
\x01\x60\xf4\xc3\x05\x6f\x6c\x6c\x54\x0e\x23\x4f\xbd\x39\x48\xcf\
\xef\x02\x81\x0f\x1a\x02\x83\x99\xc0\x89\x06\x81\x4a\x40\x10\x01\
\x1a\xc7\xbd\xaf\x80\x50\x4c\xf0\x3c\x0f\x52\x16\x01\xd0\xad\x62\
\x94\xac\x39\xed\xfd\x82\x7d\xdf\x9e\x8d\x0b\x3a\xfb\xe1\xa3\xfd\
\xd7\x0c\x69\x00\x18\xfd\x70\xa9\x1e\x69\x3c\xb2\xe1\x6b\xb5\xc5\
\xff\x44\x2d\x8b\x6b\x4d\x95\x80\x22\x62\x60\x08\xd0\x80\x2a\x00\
\x9c\x00\xa8\x22\x16\x0a\x21\x17\xa0\x68\x3a\xa8\x44\x85\x20\xa4\
\xc0\x15\x03\xb4\x74\xc3\x19\xad\x4a\xfa\xaf\xbb\x4e\x9b\xbf\xac\
\x1f\x3e\xde\x7f\xc5\x90\x06\x80\xd1\x0f\x97\xe9\xb5\x4b\x7f\xbf\
\x77\x75\xf8\xe1\x03\x49\xde\x95\x56\x04\x07\x45\x28\xa0\x70\x13\
\x40\xa0\x2a\x85\xc0\x88\x55\x29\x02\x1c\x88\xaa\x00\x65\x02\x18\
\xe8\xa0\xaa\x3a\x08\xc6\x21\x12\x0a\xd8\x75\x43\xee\x6a\x55\xb3\
\x57\x8f\x9f\x34\xf7\x95\x7e\xf8\x88\xfd\x7e\x48\x03\xc0\xe8\x67\
\x4b\x84\x69\x20\xbb\xea\xc1\x0d\x0d\x46\x61\x22\x2d\xb6\x80\x42\
\x08\x80\x50\x81\x70\x0b\x00\xa1\x40\x04\x00\xa1\x31\x28\x04\x07\
\xe0\x1c\x6c\x2b\x09\xb9\x92\x03\x86\x65\x03\x41\xeb\x9b\xa8\xe0\
\x73\x01\xd4\xaa\x7e\xd4\xb3\xea\x2f\x19\x3f\x65\xfe\xe3\xfd\xec\
\x31\xfb\xfd\x70\x06\x80\xd1\xcf\x96\x68\x51\xe3\x61\x35\x83\x78\
\xcb\xdb\x26\xed\x1c\x92\x30\x04\x08\x21\x00\x84\x0e\x80\x12\x03\
\x14\x00\xc2\x00\x20\x06\x46\x6c\x84\x2b\xc0\x39\x05\x4d\xd3\x80\
\x49\x83\x1c\xc0\xa7\x0c\x4c\x2b\x05\xaa\x95\x82\x50\x4d\xbd\xee\
\x9b\x35\xd7\x8c\x3a\xa5\x79\x20\x01\x71\x2b\xd6\x7a\x00\x18\x5b\
\x31\x59\x9f\xc5\xa5\x2f\x4d\xfb\xfe\xe0\xf1\x35\x62\x4d\xe8\x77\
\x2a\xaa\x22\x80\x33\x00\x01\x3a\x80\x40\x60\x00\x28\x82\x49\x89\
\x81\xa0\xc0\x97\x0e\x1a\x44\x81\x07\x99\x94\x0e\x6e\xe0\x43\x40\
\x54\xe0\x9a\x0e\x9c\xe0\xf5\x04\x2c\x55\x07\xcd\xce\xbe\xdf\xe2\
\x92\xa6\xd7\x76\xb6\xaf\x3e\xfc\xf0\x05\x88\xac\x81\xd7\x27\xcc\
\xc0\x00\x30\xfa\xd9\x16\x79\xfb\xdc\x7d\x76\x1d\xa3\xe7\x5f\x77\
\xfc\x12\x51\x55\x15\x80\x68\xd2\xe8\xe6\xc2\x44\x79\x01\x8a\x88\
\xd0\x69\x0b\x0c\x7f\x00\x00\xc4\x89\xa5\x6b\x00\x91\x07\x41\xe0\
\x41\xba\xb6\x1e\x3a\x8b\x0e\x30\xcd\x02\x85\xa8\xa0\xb3\x58\x9a\
\x10\xc3\x6e\xcd\xf3\xc4\x75\xab\x13\xa9\x6b\xf6\x9c\xba\xc0\xeb\
\x67\x8f\xdd\xef\x86\x33\x00\x8c\x7e\xb4\x24\xf7\x5d\x76\x4c\xfa\
\xab\xce\xd2\x53\xb2\xd1\xfa\x8b\x75\xcb\x06\x27\xf0\x41\xd5\x62\
\x6f\x54\x05\x18\x9a\x88\xa4\x2a\x85\xc0\xc0\xaa\x25\x0e\x9a\x04\
\x8c\x26\x42\x50\x31\x8f\x04\x35\x2f\x20\x10\x11\x03\xa8\xa2\x00\
\x82\x2b\x8a\x02\x30\xd1\xe7\xab\x27\x58\x47\x64\x4c\xed\x84\x86\
\x7b\xbe\xd9\xb8\x60\x7d\x3f\x7a\xf4\x7e\x37\x94\x01\x60\xf4\xa3\
\x25\x79\xae\xf1\xa8\xaf\xee\x00\x4b\x1f\x34\xbd\xb5\x43\x8c\x44\
\x1a\x84\xaa\x81\x1f\x32\xb9\xf9\x01\x54\xe9\xb6\xd5\x51\xb7\x22\
\x54\x7a\xa7\xd0\x9e\xa0\xc4\x00\x5c\x44\x03\x25\x83\xa0\xa0\x71\
\x84\x0b\x81\x48\xd1\x80\xa2\xb4\x51\x55\xa0\xd4\x85\x94\xce\x64\
\x02\x22\x06\x04\x59\x6a\xd8\x05\xab\xbc\xcc\xad\x7b\x5d\xf8\xe7\
\x0f\xfa\xd1\xe3\xf7\xab\xa1\x0c\x00\xa3\x1f\x2d\xc7\xcb\xe7\x1e\
\xba\xd7\x48\xb2\xfa\xd9\x34\x71\x20\xe4\x04\xbc\x28\x02\xdd\x48\
\x00\x8f\x95\xa8\x32\x30\xf8\x06\x60\x50\xa2\x00\x25\x66\x0c\x0c\
\x1e\xc9\xa0\x1f\xba\x71\xf1\x85\x51\x71\x94\x18\x11\x82\x09\x71\
\xe5\x3b\x60\x9a\x3a\xf8\xa1\x00\x3d\x53\x0f\xad\x25\xb8\x85\xd7\
\x8d\xb9\x6e\xfc\xe4\xb9\x8b\xfb\xd1\x14\xf4\x9b\xa1\x0c\x00\xa3\
\xdf\x2c\x05\xc0\x6b\x67\xfd\xe8\x7b\x23\xed\xe2\x93\x5a\x54\x80\
\x90\x03\xd8\x89\x14\x78\x61\x24\xe3\x17\x08\x0d\x54\x93\x50\x23\
\x42\x05\x8a\xaa\x1c\x10\x18\x0c\x6c\xf9\x04\x86\x08\x40\x91\xea\
\x14\xaa\x52\x18\xef\xd0\x24\xa0\x74\x8c\x94\xa3\x34\x21\x0c\x68\
\x18\x01\xd1\x0d\x19\x41\x27\x9a\x09\x2d\xa1\x76\x7f\x67\x62\xf8\
\x85\x7b\x9d\x75\xc7\xcb\xfd\x68\x1a\xfa\xc5\x50\x06\x80\xd1\x2f\
\x96\x01\xe0\x91\xc6\x43\x1a\xbe\xa0\xb8\xa7\x09\xaf\xe5\x6c\x4b\
\xa1\x60\x18\x96\xf4\x32\xe9\x5a\x6c\x74\x63\xcc\x02\x17\x4b\x67\
\x8a\x8c\x7c\x47\x2a\x95\x52\x01\xbd\x55\xf8\x3b\x0d\x3c\x40\x98\
\x30\x42\xe4\xe7\xf8\x0f\x55\x2f\x29\x45\x38\x93\xb6\x06\xe3\x20\
\x25\x88\xaa\x6b\xe0\xba\x05\xc8\x0e\x1a\x0e\x6d\x34\xf9\x7a\x51\
\xcb\x5c\xfb\x95\xa9\xb7\xcf\x1f\x48\x40\xdc\xb8\x19\x06\x80\xd1\
\x4f\x80\xf1\xfa\x9f\x0e\xdd\x7d\x94\x56\xb8\x9c\x31\xf7\xfb\x61\
\xe4\x81\x46\x34\x30\x75\x0d\xc2\x30\x04\x05\x83\x79\x18\xb3\x90\
\xc9\x84\x5a\x19\x18\x71\xcc\x42\xe5\x3a\x20\x79\x88\x0a\x3e\xfa\
\xa8\x7a\x00\x03\x1f\x4d\x8b\x42\x40\xbf\x16\xa5\x1c\x12\x89\x04\
\x78\x11\x05\x55\x57\xa4\x7a\xd5\x95\x2b\x40\xb2\x7a\x08\x04\x6a\
\x62\x79\x8e\x59\x33\x97\xa5\xfc\x6b\x0e\x38\xf5\xa1\xa0\x9f\x4c\
\xc9\xe7\x3a\x8c\x01\x60\x7c\xae\xd3\xbf\xf1\xcb\x97\x5e\x70\xe8\
\x2f\x06\x41\xfb\x7c\x0f\x98\x05\x9a\x0a\x61\xa9\x04\x18\xc4\x40\
\x70\x20\x30\x14\x41\xa5\xe4\x50\x99\x01\x0c\x6d\x0b\x95\x96\x53\
\x43\x62\x15\x0b\xaf\x89\xfd\xb7\x28\x51\xca\xff\x50\x95\x32\x0d\
\xe9\xc6\xd5\x51\xca\xf8\x0e\xd8\xb6\x0d\x8e\xe7\x03\xa8\x36\xa4\
\x93\x36\xb0\x52\x17\x18\x76\x0a\xf2\x4a\xa6\xc3\x4d\x0c\xba\x7d\
\x8d\x6f\x5e\xb4\xf7\xd9\xf3\xda\xfa\xc9\xb4\x7c\x6e\xc3\x18\x00\
\xc6\xe7\x36\xf5\x3d\xbf\x78\xc9\x79\x3f\x9e\x34\x48\xb4\x5c\xef\
\xe2\xf9\x8f\x6a\x4f\x44\x21\x69\x5b\x40\xc3\x60\x83\xc4\x90\x00\
\xe0\x68\x23\x00\x70\x85\x4a\x23\x5c\x91\x91\x71\x5c\xc6\x38\xb0\
\x81\xea\x93\x84\x09\x5e\x43\x14\x99\x64\x48\x34\x15\x14\x1e\x81\
\x89\x61\x11\xc6\x80\xa1\xcd\x62\xa6\xc1\x2f\x15\x20\xa3\x32\x60\
\x8c\x01\x35\xaa\xa0\x83\x5b\xe0\x5a\x83\x2f\xec\x32\x53\x73\xbf\
\x37\x6d\xf6\xff\xe9\x04\xc4\x01\x60\xf4\x03\x60\x3c\x7b\xd9\xf4\
\xf4\x30\xef\xd5\x3f\x56\x85\xeb\xa6\xe3\x26\x4d\xa4\x52\xe0\x84\
\x42\x1a\xcf\x1a\xc4\x81\x6a\x69\x4f\x48\x2b\x03\x37\xbf\x00\x42\
\xc2\x38\x57\x0a\x53\xcf\xf1\x63\x11\x03\xa3\xb2\xa0\x15\x66\x36\
\x41\xca\x91\xc0\xb2\x3a\x16\xc7\x39\xf0\x6f\x94\xb2\x6d\x22\x20\
\x0a\x43\xb0\x92\x59\x28\x78\x0c\xb4\x74\x1d\xe4\x42\xb8\xce\x53\
\x93\xb7\xec\x7a\xee\x82\x8f\xf5\x58\x4d\x9f\x3e\x3d\xcd\x82\x60\
\x3c\x57\x94\xc1\x84\xf3\x2c\x03\x06\x82\x8a\x90\x01\x04\x84\x87\
\xa1\x50\x94\x50\xe1\x2c\x64\x84\x30\x55\x68\x1c\xdf\x35\x21\x38\
\x25\x84\x99\x8a\xc2\x42\x11\xbb\xd0\x14\x45\x11\x2a\x53\x05\x55\
\xa8\x50\x55\x55\x44\x51\xc4\x38\xe7\x9e\xaa\xaa\x7e\x7d\x7d\x7d\
\xb1\xb1\xb1\x31\xfc\xac\x97\x69\x00\x18\x9f\xf5\x8c\x6f\xe6\xfb\
\x16\x36\x1e\xfd\xf5\x6f\x65\x3a\x2f\xcf\xf8\x6b\xf7\x65\x9e\x03\
\x94\x0b\xf0\x85\x0e\x56\x22\x09\x34\x40\xdb\x01\xe3\x15\xba\xdc\
\xd0\x32\x3f\x0a\x98\xf4\x40\xc5\x3f\x29\xe5\xcf\xb7\xed\x41\xd0\
\x28\xc7\x7a\x8e\xa4\x69\x41\xc4\xd0\x32\x37\x01\x0c\x1b\xba\xbc\
\x60\x76\x98\x1d\x7c\xf9\x17\xa7\xff\x65\xe9\xe6\xee\xdc\xd8\x78\
\x7a\x5d\xb1\x33\x38\x54\xd3\x8d\xf3\x01\x60\x88\x10\x82\x60\x5e\
\x57\xf9\x1f\x17\xf1\xa6\x97\x31\x48\x42\x08\x57\x14\x05\xff\x51\
\x55\x51\x22\x50\x94\x90\x10\x12\x2a\x40\x22\x50\x54\xfc\x56\xbc\
\x9c\x0a\x0e\x11\x17\x3c\x14\x9c\x97\x28\x67\x2b\x05\x87\x55\x61\
\xe0\xad\xd5\x4c\x73\x8d\xef\xfb\x6b\x09\x21\x79\x21\x44\x40\x29\
\xa5\xf9\x7c\xbe\xb0\x60\xc1\xa7\x17\xc1\x1f\x00\xc6\xb6\xed\xa7\
\x3e\xfd\xab\x67\x6f\xf9\xe3\xf1\xa3\xbd\x77\xaf\x50\xdb\x16\xa7\
\x75\xa0\x60\xe2\x26\x05\x8c\x39\x50\xb0\xd4\xf8\xab\x2a\xc0\x20\
\xc0\x64\x2d\x86\x0a\x71\x3d\xc6\xf6\x02\x83\x10\x8c\x8c\x47\xa0\
\xeb\x2a\xa8\xba\x01\x85\x92\x0b\x8a\xaa\x41\xb2\xaa\x0a\x5a\x23\
\xfd\xc5\x56\x6b\xec\xe4\xef\x9c\x7e\xcb\x0b\xdd\x1f\xb8\xb1\x71\
\x62\x22\x2c\x24\xa6\x14\x5c\xef\xcc\x44\x22\x91\xaa\xfc\x4e\x26\
\x3c\xf6\x7a\x71\x1e\xdb\x3e\x98\xf5\xdb\xfd\x5f\xe5\xb2\x38\x46\
\xb3\xf1\xd5\x0d\x5c\x12\x64\x8a\xa2\x00\xa5\x14\x2c\xcb\x92\x92\
\x24\x08\x42\x6e\x18\x1a\x16\x61\xdd\xe3\x78\xde\x19\x4d\x4d\x4d\
\x98\x0a\xd0\xe7\xaf\x01\x60\xf4\xf9\x94\x6e\xdd\x0d\xb1\x5a\x6f\
\x8f\x8c\x73\xeb\x78\x58\xf9\xdb\xaa\x60\x1d\x50\xb7\x00\x9c\x45\
\xa0\xe8\x49\x79\x23\x95\xc7\xeb\x8e\x0e\x59\x4e\x88\x74\xc9\xa2\
\x0a\xd5\x57\xc0\xa8\xd8\x26\x41\xe4\x83\x99\xb0\x81\x28\x0a\x78\
\x6e\x09\x2c\xdd\x80\xc8\xaa\x82\x4e\x73\xd8\xf2\xb6\xc8\xfc\xe3\
\xde\xd3\xe7\xde\x59\x71\xe7\x5e\x34\xf5\xe4\x3f\xb4\xb9\xe1\x69\
\xc9\x6c\xf5\x90\x20\xe8\xe9\xc4\xc2\xcd\xdf\xfd\x25\xd3\xe0\xcb\
\x80\xe9\xfd\x8e\xd7\x31\xa9\x07\xc6\xc0\xd9\xdc\xbb\xae\xeb\xb1\
\x0d\x44\xe3\x9c\x2f\x04\x1a\xfe\x4b\x26\x93\x50\x2a\x39\x6f\x96\
\xdc\xd2\x4f\x66\xcf\x9e\xbd\x7a\xeb\x66\xfd\x93\xaf\xde\x6e\x60\
\xfc\xe1\xa6\x85\x07\xf1\x44\xdd\x2f\xbd\x30\x52\x41\x60\x16\x83\
\x21\xbd\x87\x8a\x2a\x34\x00\xa2\x68\x9a\xa2\xe2\x59\x81\xb3\x83\
\x92\x16\x50\xc4\x12\x2c\xbf\x89\x5f\x94\xd1\xed\x22\x2a\xd6\x35\
\x7d\xc3\x53\x12\x51\x9e\xe5\xf2\x27\x82\x6c\x50\xb9\xf1\x3f\xe4\
\xb3\xa2\x7a\x2e\xdf\x49\x7c\xad\x5a\xd1\xc1\xbb\x5d\x2b\xff\x1c\
\xc7\x2a\x17\xae\x32\x52\xe9\xfd\x91\x9f\xc9\xa7\xc1\xff\xa1\x1a\
\xc3\xe3\x6f\x8d\x54\xbc\x1d\xc7\x40\x1a\xd1\x84\x20\x2a\xc7\x52\
\x6d\x4d\x89\xa8\x20\xa9\x4c\x92\x14\xba\x5a\x45\x4d\x4d\x06\x0d\
\x5e\x22\x88\x6e\x58\xc9\x6a\xd3\x08\x72\xee\x20\x67\x89\x3a\xcc\
\xff\xc0\xa8\x6e\x7d\xe5\x3b\x43\x95\x1c\x24\xf4\x38\x20\x27\xa4\
\xcd\x20\xca\xc0\xe0\x32\x28\x87\xa7\x6b\x5c\xa0\x84\x1e\xaa\x78\
\x5c\xdb\x2b\x31\x18\x13\x60\xda\x16\xf8\x91\x0f\x11\x0b\xc1\xb6\
\x4d\x50\x38\x85\xc8\x2d\x82\xd0\x12\xe0\x9a\x43\x41\xcb\x0c\xeb\
\xea\x28\x05\xcd\x2b\xf2\xee\xf9\x8e\x3a\x78\xd8\xdb\x2d\x85\x0b\
\x58\xb2\xf6\x27\x9e\x50\x2c\x53\x2f\x8b\xb4\x4f\xde\x6b\x1b\x36\
\x7f\xe5\xd2\x4a\xed\xc8\xe6\x00\x53\xb9\x06\xdd\xd5\x86\x61\x80\
\xeb\xba\x90\x4e\xa7\xa5\x74\x33\x4d\x53\x02\x05\x01\xa3\x68\xea\
\xcc\x42\xa1\x70\x71\x53\x53\xd3\xca\x2d\x18\xc2\x16\x5f\xb2\xdd\
\xc0\x38\xbd\xe9\xf1\x93\x68\x62\xc8\xb9\xa5\x88\x57\x87\x54\x10\
\x5d\x37\x55\x21\x98\x8a\x28\xc1\x07\xaf\x88\xd2\x0d\x93\x21\xb8\
\x34\x03\x2b\x2f\x45\x41\xa3\x32\x36\x22\xb7\xe5\x3d\x96\xd4\xdb\
\xfe\xf7\x28\xaa\xe3\xcc\x3b\x84\xce\xa6\xef\x1c\x35\xe0\x8f\xfa\
\xbd\x7c\x08\x8c\x12\x00\x84\x2a\xde\x82\x82\x22\xab\xeb\xe2\x08\
\x35\x56\xde\xe1\x19\x8f\x0b\xe9\xb9\x45\xe0\x22\x04\xcb\x50\x41\
\x31\x2c\x68\xeb\x2c\xc1\x88\x04\x85\x91\xc5\x37\x21\xbb\xfe\xc5\
\x77\xbe\x9a\xcc\x7d\x29\xed\xad\x07\x4b\x15\x72\x63\x12\x82\x29\
\x20\x98\x70\x1e\x4b\x0c\x34\xbe\xe3\x21\xc6\x31\x8d\xbe\x02\x06\
\xae\x0f\x56\x01\xea\x76\x02\x9c\xa0\x28\x6d\x9a\x94\xa9\x82\x45\
\x22\xd0\xb5\x04\x74\x85\x36\x44\x4a\x0a\x98\x62\x05\x9d\x22\x75\
\xd7\xdb\x9d\x62\x5d\x9b\x52\xfd\x3f\xab\x7d\xbe\xab\x62\x67\x35\
\x82\xe9\xbd\xf2\xc0\xd9\xfc\xf9\xd6\xfb\xf3\xde\x12\xa5\xbb\x2a\
\xb5\xb9\x7b\x20\x28\xe4\x18\xcb\x7b\x09\xaf\xf1\x7d\x1f\x50\x92\
\xe0\x3f\x0e\xa2\xe8\x79\xde\x4f\x6e\xba\xe9\xa6\xa7\xb7\x78\xd7\
\x6f\xc1\x85\xdb\x0d\x8c\xe9\x37\xff\xf3\xa7\x61\x66\xd8\xe5\x39\
\x8f\xef\xec\x73\x00\x4d\x37\x63\x55\x00\xa3\xad\x58\x7c\xb6\xc1\
\x2b\x12\x8f\x26\xf6\xa4\x6c\xfc\x5c\xa0\x5f\x91\xf0\xd8\xab\xb2\
\x0d\xef\x04\xd0\x07\xb9\xed\x7f\x1f\x8f\x6a\xdb\x80\x85\x78\x01\
\x11\x6f\xd8\x50\xe5\xc0\x91\xc1\x83\x30\xc9\xea\xa1\x23\x30\x38\
\x01\x1e\x71\xe0\x58\x38\x64\x1b\x40\x14\x2e\x17\x55\xb5\x0c\xe0\
\x42\x81\x3a\xda\x01\x63\x9d\xd7\x60\x78\xf1\x1d\xf8\x7a\x75\x08\
\x5a\x7e\x15\x20\xeb\xa0\xa5\x61\x86\x60\x25\xa8\x17\xc8\xfb\x33\
\x30\x7a\x00\xa3\xb2\xb6\xb1\x41\xbe\xed\x2f\x4d\x55\xc1\x71\x5d\
\x50\x2c\x0b\x54\x43\x05\x4e\x43\xd0\x44\x00\x7a\xe8\x02\x4a\x13\
\xae\x61\x32\x63\x12\x04\xaa\x76\x35\x23\xe1\x89\x65\xee\xd2\xc5\
\x45\xa5\x2a\x4c\x35\xd4\x97\xb8\x02\x5a\xaf\xf5\xed\xbd\xb9\x65\
\xea\x7c\xf9\xb5\x39\xc9\xd0\xfd\xfa\xee\xa0\xa9\xfc\x37\x4a\x88\
\x8a\x6d\x22\x63\x30\x8e\x03\x99\x4c\x46\x4a\x8b\xae\x42\x1e\x2c\
\x3b\x89\xd2\xe3\xc8\xb5\x6b\xd7\xde\xb5\x60\x41\xdf\xd5\x9a\x6c\
\x3f\x30\xae\x7f\x70\x38\xaf\x1e\x76\x51\x47\xa0\xfe\xce\xa1\x04\
\x34\xc3\x90\xaa\x00\x61\x21\x28\x52\xf7\x88\x55\x00\x7c\xb8\x4a\
\x04\x57\x02\x63\x3b\x17\x74\xdb\xb7\xc2\xe6\xfe\x72\xa3\xba\xb4\
\x35\xf7\x25\x42\x01\x95\x2b\x32\x05\xbc\x02\x0c\xac\xc7\x96\xa9\
\x18\x94\x48\xc9\x61\xa0\x37\x49\x60\x4d\xb6\x00\x81\x00\xc6\x93\
\x4f\x5e\xa3\x40\x95\xbf\x0a\xbe\x12\xbc\x01\x5f\x52\x56\x42\x22\
\xb7\x14\xea\x88\x03\x28\x69\x75\x22\x20\xf2\x5c\x48\x9a\x1a\x08\
\xc9\x06\x12\x67\xd1\x76\x97\x18\xdd\x5d\xb4\x5b\x33\xe6\x4d\xae\
\x15\x52\x1d\x01\x3f\xc2\x92\xd8\x38\xe1\x50\xe5\x21\x58\x3c\x94\
\xe3\x26\x9a\x05\x4e\x24\x40\x28\x3a\x14\xcd\x3a\x78\xb1\xc3\x64\
\xeb\xd5\x06\xa5\x25\xd0\x08\x98\xa9\xcd\x4a\x8a\xee\x9b\xfd\xa3\
\x24\x49\x65\x1c\xbd\x25\x48\x6f\x10\xe1\xef\x51\xe2\x22\x20\x50\
\xba\xa3\x9d\x81\x76\x8d\xfc\x3c\x61\x03\x8d\x38\xe4\x8b\x85\xd3\
\x19\x63\xb3\xe6\xce\x9d\x5b\xdc\xae\xb9\xe8\xf6\xc7\xdb\x0d\x0c\
\xbc\xd7\x94\xe6\x17\x8f\x6d\xf5\xf5\xd9\xcc\x48\x81\xaa\x19\xe0\
\x3a\x45\x48\xe2\x41\x41\x38\x30\x09\x8c\xf8\xd4\x40\xc7\x62\xa5\
\x88\x1f\xa3\xb7\x15\xdf\x7b\x5f\x3d\xcc\x56\xdf\x07\x37\xea\x76\
\xbc\x24\x00\x36\xe4\x2e\xc5\x89\x7d\x28\x00\x2b\x9f\x63\xd9\xa9\
\x2a\x50\x9d\x14\x71\xc0\x4d\x52\xdf\xa0\x09\x46\x41\x63\x0c\x06\
\x47\x2b\x60\xf7\xf0\x15\x18\xe3\x2f\x81\x5a\xda\x0a\x49\x56\x94\
\x35\x15\x28\x6d\x31\x7e\x11\xab\x4c\x18\xcf\x20\x31\x30\xf0\x80\
\x41\x6f\x14\xe1\x1b\x0e\x16\x29\xb5\xb6\xf5\x45\xca\x75\xe3\xf2\
\xc8\xc2\xc0\x21\x89\xd3\x4e\x70\xd5\x04\x4a\x2a\x94\x82\x2a\x84\
\x08\x6a\xc5\x80\x9c\x5e\x03\xaf\xe6\x52\xb0\x9a\x56\x41\x9e\xdb\
\x10\x2a\x15\x17\xf2\xb6\x0e\x60\xfb\xfe\x4e\xce\x35\xd1\xa0\xe8\
\x94\xce\x28\x16\x8b\xb3\xee\xb8\xe3\x8e\xc2\xf6\xdd\x71\xe3\x5f\
\xf7\x09\x30\xa6\xce\x7c\xec\xb0\x75\x34\x75\x0f\xb7\xaa\xc0\x0f\
\x22\xb0\x2d\x1d\x0c\x11\x02\x47\x03\x49\xc1\x14\x86\x18\x18\xb8\
\x88\xba\x88\xa4\x85\x81\xc0\xe8\xbe\xa6\x32\x46\x55\x0e\x50\x7d\
\xe6\xef\x72\x83\x60\xd0\x6b\xeb\xde\xe3\x24\xbd\x78\x32\x51\x62\
\x60\x8d\x44\x6c\xd2\x2b\x12\x30\x28\x31\x2a\xc0\x88\x14\x45\x02\
\x43\x4a\x4e\x1e\x82\x2e\x02\x18\x11\x2c\x83\x6f\xfa\xcf\xc3\xd8\
\xe0\x3d\xc8\xb2\x1c\x58\x0c\x13\x01\x63\x75\x13\x6b\x2b\x70\x86\
\xf0\xbf\x71\xfe\x28\xb1\xca\xf3\x13\x4b\x10\x54\x51\x63\x05\x10\
\xc7\xbc\x6d\xdb\xa1\x62\xab\xc4\x16\x0b\x12\xba\x61\x84\xbc\x7c\
\x4f\x88\x62\x60\xa8\x04\x42\xfc\x26\x55\x81\xbc\x56\x07\x2f\xe5\
\x33\xb0\x86\x56\x41\x89\xea\x32\xe5\x5d\x42\xb7\x4f\x76\xd1\xd6\
\x3f\x03\x02\x03\x55\x71\xca\xd9\xe4\x52\xa9\x34\xb7\xdf\x49\x8c\
\x13\xaf\xb8\xe3\x87\x51\xf5\x4e\xb7\xbb\x6a\x7a\x10\xa8\x1a\x84\
\x9e\x0b\x09\x12\x4a\x3d\x10\x3d\x1b\xd2\x70\x04\x54\x2d\x84\xac\
\x34\xc3\x33\x13\xa5\x08\x3e\x58\xe5\x85\x9b\xac\x72\xda\x7e\xf6\
\xef\xb1\x6a\x53\x51\x71\xb6\xf4\x1d\x37\x56\x05\x18\x54\x11\x52\
\xa5\xa2\x44\x95\x1b\x55\x4a\x0b\xb4\xb9\xf0\x8c\xc7\xac\x56\x95\
\xc8\xd3\x97\x10\x0e\x3a\x0f\x20\x49\x5d\x18\x15\xbe\x0f\x7b\x78\
\xcf\xc1\xe8\x60\x09\x24\x78\x49\xa6\x8e\xa3\x14\xc5\xfb\xea\x22\
\x76\xcb\x22\x00\x30\x63\x96\x82\x15\x9f\xe8\xb2\x82\x2f\x3e\x58\
\x62\x08\x6e\x2f\x30\xd0\x78\x26\xc0\x84\x2d\xd5\x5e\x5c\x07\xb9\
\x16\x0a\x95\xc4\x6e\x5c\x11\x40\x91\x80\x41\x11\xd0\xa5\xd7\xc1\
\x8b\xb9\x2a\x58\x43\xb3\xe0\x32\xd4\x04\x62\x29\xf3\x79\xa9\xc5\
\xb8\x4f\x34\xd5\x40\x55\x6a\xa2\xef\xfb\xf3\x9b\x9b\x9b\xe3\x68\
\x68\x1f\xbc\xfa\x04\xeb\x27\x35\xde\x34\x18\x46\x7f\xeb\x9c\xf6\
\x48\x3f\x25\x08\x39\x24\x13\x06\x98\x3c\x00\xc1\x22\x08\x89\xbd\
\x01\x18\x38\x85\x06\xc7\xe8\x3e\xda\x1e\x08\x8c\x8a\x27\xaa\xbc\
\x18\x65\x35\xe4\xb3\x07\xc6\xb6\x7d\x7f\x25\xe3\x15\x91\x80\x99\
\xae\x71\xca\x77\x5c\x54\x84\xb6\x07\xaa\x8d\x28\x35\x28\x08\x88\
\x54\x0d\xe5\x3e\x6e\x41\xb0\x98\x0b\x59\x5a\x84\xb1\xc1\x52\xd8\
\xcd\x7b\x06\x46\x05\xef\x83\x25\x7c\x99\x28\x88\x9b\x13\x17\x05\
\x01\x50\x31\xab\x19\xa8\x10\x2a\x31\x19\x82\x04\x86\x54\xa5\x70\
\x63\x7e\x3a\xc0\x88\x25\x12\x82\x92\x4b\x6d\x97\x92\x48\x4e\x50\
\xa7\x56\x07\xcf\x17\x6a\x60\x75\x98\x85\x10\x81\x81\x2e\xe4\xcf\
\x19\x18\x9c\x01\x67\x82\x1f\x55\x53\x53\x73\x57\x63\x63\x63\x9f\
\x51\x93\xf6\x09\x30\x70\x22\x7f\x77\xc3\x93\x3f\x76\xad\xda\x07\
\x2d\x3b\x05\x4e\xa1\x00\x59\x83\x49\x55\x2a\x52\x93\x32\x6a\x8b\
\x20\xc0\x8d\x62\xf0\x38\x20\x84\x01\x2b\xd4\xb7\x2b\x95\xcb\x9f\
\xab\x2a\xb5\x8d\x2a\x9c\xdc\xa8\xb8\x3b\xd1\x96\x92\x1e\x38\xf4\
\x1e\x61\x5c\x25\x96\x16\x12\x38\x82\xc9\xcf\x03\x15\xa5\x45\x1c\
\xb0\x4b\xd2\x12\xd4\xd2\x2e\xd8\x21\x5c\x02\xdf\xf0\x9e\x83\xe1\
\xe1\xf2\x58\x92\xa2\x2b\x9b\xa0\x4a\x13\xd7\x70\x13\x19\xf8\x51\
\xe3\x6a\xbc\xb2\x3a\x8a\x2a\x18\xce\x1e\x02\xa3\x92\xef\xb4\xad\
\x07\x64\x6f\x55\x0a\xa5\x78\x6c\x03\xc6\xab\x82\x12\x43\x7a\xfc\
\xf0\xfb\x14\x01\x1d\x5a\x1d\x3c\x53\xa8\x97\x36\x46\x80\x0f\x8c\
\x8c\x24\x9f\x33\x30\x02\x3f\xa2\x8e\xe7\xfe\x7a\xde\xbc\x79\xf7\
\x6e\xeb\x3c\x6c\xee\xef\xfa\x0c\x18\x47\x5d\xf3\xc4\x57\x4b\x89\
\xda\xd7\x98\xd0\x88\xa1\x11\x48\x2b\x81\x54\xa5\x7c\xb0\x62\x5d\
\x54\xfa\xe5\xb9\x94\x24\x38\xd1\x1c\xf4\xb2\x6e\x1a\x97\xf4\x6f\
\x8b\x8e\xbf\xb5\x36\xc1\xa6\xd7\x7f\x6c\x08\xe3\xa3\x42\x1b\x1b\
\x3e\x97\x13\xba\xc1\x80\x47\x70\xa0\x55\x80\x54\x37\xb1\x7d\x81\
\x0a\x10\x02\x83\x29\x5c\xd6\x60\x13\x45\x80\xc6\x7c\xc8\xd0\x02\
\x0c\x09\x3b\x25\x30\x76\xf5\x16\xc1\x90\x68\x95\x34\x78\x71\xa3\
\x53\xe4\x90\x2a\x03\x03\xd5\x24\x19\xf1\x46\x8a\x1c\x05\x6b\xbe\
\x51\xc5\x8a\xb3\x6d\xd1\x3c\xdf\xee\x57\x99\xd1\x10\xed\x84\xd8\
\xb8\x27\xa0\xc9\x78\xc4\x46\xf7\xb5\x04\x0f\xaa\x74\x12\x18\x0d\
\xf0\x64\xa1\x01\x56\xb2\xac\x2c\xbd\xe5\x0a\xaa\xc8\xdb\xe7\x2e\
\xde\xde\x67\x50\x34\x23\xec\xcc\x75\x1d\x36\x6b\xd6\xac\xfb\xb7\
\xf7\x5e\xdd\xff\xbe\xef\x80\x71\xdd\x3f\xc7\xd1\xcc\xf0\xe7\x54\
\x23\x59\x5f\xca\x75\x42\x46\x8b\xa4\xae\x1a\x28\x49\x88\xa4\xc4\
\xd0\xe4\x89\x68\x0a\x64\x6e\xc1\x13\xcf\x88\x03\x7d\x92\x40\x6c\
\xdb\x74\xfc\x2d\xb5\x05\x3e\xfa\xba\x6d\x53\xa1\xba\xab\x7a\x15\
\xbb\x17\x37\x10\x6e\x12\x04\xbc\x94\x18\x92\x5a\x13\xb7\x5c\x20\
\xf5\xf4\x10\xed\x0b\x85\x83\x49\x5d\xa8\x0e\x0b\x30\x34\x6a\x85\
\x1d\xa3\x0f\xe1\x8b\xde\x4b\xd0\x40\x57\xc7\x0c\x82\xa0\x40\x28\
\x8d\xe0\xb8\x86\xbb\x72\x4f\x34\xbe\x11\x08\x48\x9b\x83\x07\x0b\
\xaa\x63\xf8\x59\x5f\x6c\xca\x98\x35\xbd\x5c\x0a\x8b\xee\x5a\x0c\
\x2e\xca\x3c\x2c\xcc\xbe\xc5\x9f\xf1\x39\xe2\x60\x6d\xab\x3e\x08\
\x1e\xcf\x37\xc0\x72\x5e\x05\x12\x9e\x18\x1c\xdd\x4e\x60\x6c\xab\
\xe3\x20\x56\xf7\x00\xbc\x20\x0a\x40\x21\x07\xdf\x78\xe3\x8d\x7d\
\xda\x3c\xa7\xcf\x80\xf1\x9b\x4b\xee\xa8\xb6\x07\x7f\x69\x56\x29\
\x12\x3f\xc7\xa0\x0e\xb2\x59\x10\xa4\x89\x44\x1b\xa3\x6c\x4f\x6c\
\x38\xf1\x04\x87\x50\x8d\x4f\x9b\x0a\xa3\x5e\x85\x40\xac\x32\xd1\
\x1b\x16\xbd\x72\x22\x57\xd2\xaa\x65\xfd\x73\x2c\xde\x37\xbe\x2a\
\x0b\x54\xfe\xbc\xbb\x1b\xb6\x5c\xb8\x53\xb9\x5f\xfc\x7d\x95\xba\
\x85\xd8\xe0\xaf\xd0\xea\xc7\x0e\xe5\x72\xfa\x76\x79\xc7\x57\x3c\
\x2e\x15\x47\x41\x25\x99\x45\xda\x47\x95\xa0\x24\x82\xa2\x32\x93\
\x42\x97\xd2\x0f\x0f\x05\xdc\xc0\xd2\xa7\xa3\x08\x88\xd0\xbe\x20\
\x00\x06\x8d\xa0\x2e\x6c\x83\x71\xc1\x87\xb0\x23\x5d\x0a\xa3\xfd\
\x77\xa0\x86\xb6\x97\xd3\x25\x70\xeb\x57\x6e\x14\xc7\x84\xcb\xa3\
\xdd\xe0\xbc\xd0\x05\xda\x68\xf1\xf7\xc9\xf4\xd5\xb2\x17\x6c\xa3\
\xeb\xbb\xfb\x09\xbe\x65\xee\x68\x69\xe0\xcb\x40\x69\x5c\x09\x88\
\x2a\x1c\x8e\x1e\x37\xad\x81\xeb\x88\x3f\x2a\x2a\xb4\x68\x0d\xf0\
\x54\xbe\x0e\x56\xf0\x6a\x70\x85\x2a\xeb\x46\x3e\x6f\x60\x30\x4e\
\xfc\xae\x42\xee\xc0\x79\xf3\xe6\xf5\x29\x0d\x69\x9f\x01\x03\xb7\
\xd7\xf1\x37\x3c\x72\x6c\x98\xa9\x9b\xdd\xe1\x51\x48\x99\x69\x20\
\x5c\x05\x21\x95\x6f\xa4\xab\x8f\xd5\x0a\x93\x61\xe5\x99\x00\x5f\
\x8b\x6b\x93\x31\xa3\xc0\x36\x74\x08\x98\x1b\x6b\x26\x0a\xd2\xbd\
\x80\x8c\x87\xf8\x51\x08\x2a\xb2\x7d\x6b\x2a\xa8\x44\x07\xea\x63\
\x61\x8e\x02\x86\x82\xca\xbc\x2b\x7f\xc7\x15\x1d\x38\x23\xc0\x59\
\x0c\x18\x4d\x67\x20\x78\x04\x11\xf5\xc0\xb4\x12\x10\x52\xd4\x83\
\x0d\xbc\x61\x9c\xa5\x69\xaa\xe0\x16\x0a\x90\xb6\x92\x72\x23\x28\
\x26\x01\xc6\x42\xd0\x58\x84\x1a\x36\x10\x2d\x09\x05\xe4\x81\x55\
\x31\x98\x84\x77\x14\xe0\x53\x24\x11\xb0\x64\x6a\x42\x5a\x27\x32\
\x6f\xc7\x48\x56\x81\xef\x07\x18\x8f\x96\xea\x54\x84\xc1\x4c\x19\
\x07\x88\x79\x9e\xd0\xed\x89\x61\x3d\x50\x90\xfe\x06\x37\x32\xa6\
\x8e\xe9\xc0\x84\x06\x43\x83\x95\xb0\xbb\xfb\x24\xec\x1c\xbd\x0b\
\x83\x78\x2b\xe8\x7e\x1e\x34\xd0\xc1\xd6\x55\x08\x83\x2e\xd0\x6d\
\x0b\x3c\xec\x98\x84\xa9\x10\x52\xea\x70\x48\x60\x60\xcb\x71\xc1\
\x24\xc8\x61\x0b\xc0\x54\x8a\x5c\x6c\x12\x50\x9e\x17\x80\x9d\x48\
\x43\x14\xca\x1d\x2c\x03\x61\x98\x63\x84\xac\x20\x8a\x46\x80\xd2\
\x50\x06\xc5\x30\x72\x2c\x4b\x65\x71\x9c\x58\x8f\xa1\x68\x10\x61\
\x76\x2d\x03\x99\x5e\x01\x34\x04\x43\xf8\xa0\x12\x22\x6d\x08\x34\
\x6b\x74\xc2\x64\x7e\x12\xc6\x2c\x9c\xd4\x70\x78\x72\x9d\x01\xeb\
\x95\x7a\xc8\x85\xc4\x57\x2d\x8c\x3a\x0b\x25\x99\x49\x1b\xa5\x52\
\x49\x06\xdf\x70\x8e\x71\x9e\x4c\x2d\x0e\x6c\x7e\x54\x80\xaf\x22\
\x29\xb6\xd7\xd5\xcb\x40\x71\x5d\xcf\x3d\x70\xc6\x8c\x19\x4f\xf6\
\x4b\x55\x0a\x07\x35\xf9\xc6\x85\x5f\x2f\xa4\xea\x5e\x76\x48\x52\
\x11\xcc\x00\x1a\x72\x30\x15\xe4\x3d\xc2\x93\x0b\xcf\x24\x0a\x06\
\x63\xf2\x94\x76\x75\x8c\x00\x2b\x40\x98\x0a\x0c\x37\xa5\x0e\xd2\
\x26\x41\xc6\x6e\x1a\x32\x48\x98\x16\x1e\x52\xc0\x68\x00\x9e\xe7\
\x80\xa1\xdb\xc2\x36\x6c\x4e\x83\x50\xe8\x44\x10\x53\xa3\xc4\x75\
\x5d\x25\x02\x13\x8c\x44\x4a\x6e\x0a\x8c\x90\xba\x5e\x0e\x0c\x2c\
\x55\x2b\xab\x36\xa0\xd8\xe0\x06\x1c\x74\xc3\x02\xc6\x23\x10\x3c\
\x00\x4b\x53\x21\xa5\x1a\xe0\x07\x8e\xa3\x1a\xe4\x05\x53\x13\x51\
\x52\xe5\x16\xa7\xbc\xc6\x89\xd4\x7a\x41\xf4\x4c\xe4\x97\x6c\x21\
\x84\x82\x29\x2e\xa8\x4f\x07\xa8\x0a\xa2\xea\x10\xba\x72\x13\x75\
\xf9\x0c\x52\xc9\x34\xe8\x14\xdd\xa7\x1c\x22\x35\x4e\xe8\xd3\x04\
\x1a\xb0\x31\x45\xa0\x40\xd4\x23\xcd\xa6\x8c\x7a\xeb\x31\xab\x20\
\xd7\x61\x78\xb0\x14\xf6\x2e\x3e\x08\xe3\xd8\xdb\x50\x0d\x2e\x68\
\x34\x00\x41\x75\x30\x70\xb7\xd0\x2e\xa0\x40\xc1\xd7\x93\x20\xcc\
\xa4\xdc\x94\x78\x10\xa8\x81\x0b\x96\xa2\x81\xad\xa7\x21\xe2\x0c\
\x42\x11\x40\xc4\x02\x69\xb7\xc8\x08\xbc\x9c\x67\x1d\x08\x1a\xea\
\xb2\x4a\x0f\x6d\x63\x15\x30\x6b\x16\xd3\x38\xad\x64\x02\x58\x88\
\x9e\x42\x4c\x6d\x44\x2c\x0b\x88\x28\x8e\x5b\x03\xdd\xb4\xc0\x77\
\x3d\x48\x18\x3a\x98\x82\x4a\xf0\xa8\x89\x2a\xf9\xb7\x86\x82\xdf\
\x13\x01\x18\x09\xe8\xd4\x6a\xe0\x1f\xff\x29\xb6\xae\x0e\xd2\xa1\
\x56\x3d\xa2\xbd\x10\xf2\x25\x86\x6d\xae\xa7\x8c\xee\xa4\xe9\xc6\
\xf7\x75\x5d\xb7\x70\x0d\x70\xcc\xd2\xe5\x5b\xce\x71\xda\xac\x71\
\xdb\x4b\x22\x6f\xcb\xa6\x96\x52\x5c\x28\xa5\x92\xeb\x1c\x38\x73\
\xe6\xcc\xfe\x95\x2b\xd5\xfd\x81\x4e\x9f\xb9\xb0\xae\x83\x64\x97\
\x50\xab\xb6\x3a\xc2\x32\x14\x54\x95\x38\xba\x28\xf1\xc4\x8c\xa3\
\xde\x3a\x6e\x4e\x04\x06\x9e\x28\xe8\x87\x06\x05\x0c\x55\x03\xd7\
\x8f\x24\x93\x45\xca\xb2\x21\x28\x15\x70\x81\x78\x5a\x27\xef\x8b\
\xc8\xb9\x5d\x61\x74\x51\xde\x2b\xb4\x28\x0a\x09\x09\x0b\x99\xa6\
\x29\xc4\xd6\x15\xcd\x0d\x68\x52\xcd\xd4\xd6\x79\x4c\x1b\x67\x59\
\xf6\xb1\x3e\x15\x5f\x60\x5c\x31\x03\xc6\x20\x99\x4c\x43\xb1\x54\
\x02\xcb\x4a\x48\xb6\x0d\xfc\x0e\x55\xe1\x32\xdd\x02\x59\xf9\xba\
\xda\x5b\x9f\xaf\xb6\xad\x63\x13\xae\x2f\xb3\x32\x15\xee\x2b\x4a\
\xba\xa4\x75\xba\x44\x05\xd5\xd4\x81\xe8\xba\xa1\xaa\xd9\x20\x50\
\x86\xda\x35\x83\x0e\x67\x24\x71\x70\xc9\x0f\x6b\x0d\x99\x13\x45\
\x00\x12\x29\xc8\x17\x1d\xb0\x50\xd7\x17\xa8\x2a\xe1\x6e\x23\xd2\
\xd9\x2a\x81\x21\x89\xcf\xd0\x35\x85\xb0\x88\x93\x00\xf1\x73\xa4\
\xcc\x1c\x15\x2e\x81\xbd\x9c\x7f\xc2\x8e\xf4\x3d\xb0\x69\x5e\xce\
\x4b\xc4\x34\xb0\x35\x03\x32\x06\x93\x1b\xd2\x21\x3a\x84\xaa\x01\
\x42\xb3\xc1\xd2\x74\x87\x78\xae\xa0\x9e\x93\xb2\x4d\x03\xf2\x85\
\x2e\x30\xd3\x49\xe0\x32\x4a\x2e\x20\x89\x6d\xc7\x0a\x8e\x1c\x87\
\x65\x26\x81\xa1\x9a\xa3\x19\x61\xa4\x90\x67\x29\x90\xa7\xc2\x28\
\x58\x6f\x9a\x9a\x43\x03\x64\x6f\xf3\x85\x85\x1e\x32\x26\x14\x4d\
\x55\x35\x9f\xd3\x14\x57\xb5\xc1\xc0\xc4\x30\x43\x53\x77\x51\x40\
\x19\x49\x41\x1d\x14\x29\xa6\x82\x07\x56\x82\xf8\xa0\x42\x04\x45\
\xc7\x03\x3f\x31\x08\x16\xad\x57\x96\xaf\x08\x32\x4b\x3a\x79\xe2\
\x4e\x45\xa9\xbf\x2f\x74\xd6\x50\x75\x70\xca\x06\x6e\x9d\x98\xce\
\x64\xa6\x78\x9e\x57\x85\xd2\xa9\x3a\x93\x95\x05\x50\xdd\x73\xa5\
\x7a\x18\xb7\x7d\x04\x0c\xc1\x49\xae\xe4\x3a\x07\x35\x35\x35\x3d\
\xbb\x2d\xe0\xfa\xa8\xbf\xe9\x53\x55\x6a\x62\xe3\xcc\x44\x62\xc7\
\xdd\x17\x75\x52\x63\x57\xc7\x89\xe4\xa6\xc4\x13\xaa\x62\x28\xc5\
\x01\x31\x0c\x1c\xa1\x51\x8e\xb9\x3f\x04\x6c\x0d\xa0\x98\x2f\x40\
\x4d\xf5\x20\x68\x5b\xdf\x02\x19\x5b\xe7\x55\x26\xcc\xb6\x69\x69\
\x21\x73\x73\xab\xf4\xc8\x5b\x7e\xd9\x99\x87\xe7\x3f\xee\xa1\xa7\
\x5c\x7d\x8f\x2d\xcc\xea\xd1\x54\x51\x6b\x22\x62\x1f\x64\x25\xaa\
\x7e\xbb\xae\xbd\x30\xac\xba\xae\x1e\x4a\x0e\xd2\xe3\xeb\xc0\x68\
\x08\xa8\xa3\x69\x10\x61\x93\xc7\xff\x18\x5a\x74\xf6\x35\xbf\xdf\
\xeb\xbe\x2d\x99\xcc\x69\x37\xfd\x63\x70\x31\xb0\x46\xea\xe9\xaa\
\x1f\xaa\xaa\x72\x6c\x3e\xf0\xc6\x16\xb8\x0a\x76\x2a\x0b\xc2\x47\
\xd5\x30\x96\x87\x18\xa7\x90\x29\x1d\x52\x3f\x47\x35\x82\x61\xc0\
\x18\xb8\x88\x13\xc5\x91\x5e\x53\xc6\x2f\xc2\xc5\xf0\x4d\xf7\x69\
\x18\x43\x3f\x00\x83\x17\x00\x33\xb7\x91\x1f\x8a\x86\x14\xb4\xd0\
\x8f\x33\x92\x13\x36\x04\x9a\x05\x5d\x22\x7d\x0d\xe7\xf0\xd7\x1a\
\x55\x10\x8b\xd0\xaf\x8b\xa8\x78\x2d\x92\x3d\x13\x03\x59\x0a\x03\
\x29\xa1\x02\xcf\x87\x6c\x32\x01\x9a\xa2\x43\xa1\xe8\x03\xb1\x52\
\x79\x8f\xd8\x8d\x79\xae\xfd\x8b\xaa\xd0\x12\xe6\x2d\x67\xf5\x6a\
\x08\x0f\xbb\x67\x41\xec\x8b\x6d\x6c\x94\xeb\xfe\xea\xda\x85\x2a\
\x0c\x1d\xaa\xdb\x10\x5a\x5c\x13\x49\xc1\xb5\x2a\xa1\x88\x24\x51\
\x2c\xd3\x09\x15\xdd\xe0\x54\x35\x58\x6e\xe7\xb1\x75\x99\xd3\x4b\
\x5d\x6d\x23\x8b\x60\xc3\x83\xef\x74\x2d\x0e\x6a\x76\x68\x6a\x63\
\xd9\x59\x97\x77\xcb\x4d\x9a\x30\x61\xc2\x70\x4d\x25\x77\x66\xb3\
\xd9\xef\xca\x74\x70\x94\x58\x9b\xc9\xae\xae\xcc\x77\x5f\xa8\x52\
\xe5\xc8\x77\x7b\xd1\x29\x1d\x3c\x6b\xd6\xac\x45\x5b\xb2\x96\x5b\
\x7a\x4d\x9f\x02\x03\x8b\x6e\x56\x54\x7f\xe7\x6a\xb3\x76\xe4\x69\
\x28\x01\xfc\x88\x4a\x5d\x1d\x55\xa6\x8d\x65\x99\x54\xaa\x1c\xe8\
\xc2\xc5\x43\x43\x65\x9e\x54\x6d\x04\x53\x60\x48\x6d\xd5\x52\xb7\
\x7d\xe5\x5c\x1e\xb6\xfe\xf9\xc6\x49\x3f\xdd\xa6\x62\xfc\xd3\xaf\
\x5c\x58\xe7\x28\xfa\x0f\xb2\x0d\x3b\x1c\xb3\xae\xb3\xf8\x23\x61\
\x18\x0a\x92\x01\xa0\xbd\x82\xaa\x82\xa5\x08\x10\x51\xfe\xde\x92\
\xff\xe1\xb1\x77\x9c\xfa\xdb\xad\xca\xad\x99\x78\xe9\x3d\xd9\xda\
\x41\x83\xf6\x72\x98\xf9\x3f\xbe\x9a\xfa\x7d\x89\x8a\x2a\xb5\x6c\
\x62\xd3\x72\x96\x6d\x9c\x84\x1e\xeb\xd6\x92\x20\x4d\xda\xc2\xe8\
\x6d\xd2\xc0\x62\x45\x18\x14\xad\x86\x71\xe1\x62\xf8\x86\xf7\x22\
\x0c\xa5\x2b\x41\x11\x2e\x70\xc1\x40\x53\xd1\x56\xd2\x40\x13\x86\
\x54\x09\x43\xe6\xc2\xfa\x50\xb9\xba\xd5\x1a\x77\xe3\xf7\xce\x8d\
\x3b\x23\xbd\x7b\xe6\xfe\xa3\xb3\xd9\xf0\x9f\x10\x95\xc6\x85\x81\
\x23\xf9\xa1\x14\x64\x22\x24\x04\x74\x54\x5d\x98\x80\x12\x25\x20\
\xec\xba\x3f\xae\x75\x13\x4d\x7b\x5f\xb2\x60\xbb\xd9\x3e\x1e\x39\
\xe3\xc8\x64\x52\x7c\xf8\x8b\x71\x75\xe9\xe6\xd6\x82\x03\x2f\xac\
\xf4\xdf\x0e\xaa\x46\x5d\x74\xca\x4d\xf7\xde\xdd\x7b\x93\x1d\x7f\
\xfc\x71\x7f\xb3\x4c\xf3\x67\xa8\x6a\x22\x30\x50\x25\x93\xb6\xcb\
\x66\x5e\x7d\x05\x0c\xce\x60\x8d\xe3\xb9\x3f\x6f\x6a\x6a\x7a\x71\
\x4b\x37\xfd\x96\x5c\xd7\xa7\xc0\xc0\x2f\x3c\xf1\xfa\xc7\xbf\xa7\
\x55\x0d\xbd\xbf\xcb\xf1\x32\xaa\x61\x4a\xbd\x3e\x2e\xfe\x8d\xd9\
\x2d\x70\x8b\xe0\xff\x63\x0a\x82\x0c\x80\xd1\x12\xd4\xa4\x6d\xb0\
\x41\x7d\xcd\xeb\x5a\x7f\x71\x68\xbc\x7b\x7f\xd3\xf1\xc7\x6f\x77\
\xb9\xe2\x39\x73\x5e\xdc\xcd\x15\xc9\xe9\x9d\x11\x3d\x8c\x96\xd9\
\xf7\x0c\x4d\x85\xa0\xd0\x09\x96\xe2\xce\x6d\x3e\x69\xef\x09\x40\
\xb6\xcd\x59\x38\xf1\xca\x85\x75\xd9\xfa\x61\x13\xb8\x99\x39\xb2\
\xcb\x75\xbf\x88\x06\x75\x24\x54\x49\xd9\x1f\xbb\x9f\x37\xa6\xb7\
\xa0\x6a\x85\x2a\x65\x08\x3a\xa4\x58\x1b\x8c\x8a\x16\xc3\xce\xe1\
\x7b\xb0\xab\xf7\x16\xd4\x45\x6b\x41\xd1\x39\x44\x34\x8c\xbd\x52\
\x14\x1d\x15\x36\xa8\x46\x12\xd6\x75\xb6\xdf\xc9\xea\x46\xff\x71\
\xd7\x73\x17\x6e\x38\x20\xde\xbc\xe2\xc8\x64\x36\x6c\x39\xdf\x52\
\x4a\xd3\x74\xc2\x21\xf4\x03\xe9\x2d\x42\xfb\xa0\xca\x36\x21\x08\
\x22\x49\xbf\xb9\xb6\xa4\xec\xf3\xe5\x0b\x1f\xed\x33\x63\xf4\x89\
\xd3\x0f\xaa\x1b\x53\x15\xb4\xb9\x21\x83\x7f\xbd\xb5\xea\x4d\x5a\
\xb7\xd3\x25\xa7\xcf\x7e\xe0\xcf\xbd\x37\xd8\x31\x47\xfd\xfe\xde\
\xaa\xea\xaa\x9f\xa3\xf1\x2f\x30\xd5\xbe\x6c\x6f\x7c\x9a\xc0\x60\
\x0c\x3e\x70\x3d\xf7\x88\x7e\x0f\x0c\x54\x6b\xc2\xe4\xb8\x77\x23\
\xcd\x18\x55\xc4\xc6\x8a\x58\x91\x26\x0b\x32\xe3\xe8\x37\x16\xf3\
\x48\x1f\x39\xd7\xa5\x6e\x9d\xb5\x04\x24\x20\x78\x5b\x71\x3a\x4f\
\xb8\xe2\xc4\x1f\x3c\xb7\x25\x68\xde\xd2\x6b\x26\x5c\x71\xff\x18\
\xa3\x76\xe4\x5d\x45\xb0\xf6\x40\x63\x19\xbd\x26\x16\xf5\x21\xa3\
\xfb\xb3\x9b\x8e\xdb\xe3\xb8\x2d\xbd\xcf\x47\x5d\x37\xf5\xa6\x47\
\xf7\xa1\xa9\x9a\x8b\x5d\x61\x7c\x8b\x52\x6c\xdc\x82\x2a\x11\x93\
\xba\xbf\xcc\x8b\x92\xcc\x81\xe8\xa6\xc5\x0c\x55\x15\xaa\xd9\x3a\
\xd8\x39\x78\x1d\xc6\x87\xef\xc2\x78\x6f\x31\x64\x69\x1b\x84\x8c\
\xca\x3a\x08\x04\x2d\x63\x1c\x68\xa8\x03\x35\x6b\x96\x75\xa8\xb5\
\x3f\xfb\xf2\x39\x77\xfd\xbb\xf7\x77\xbf\x73\xc1\x7e\xfb\x0f\x33\
\x8a\xf7\xe5\x3a\xdb\x8d\xea\x74\x0a\x58\x10\x41\xda\xd4\x21\x72\
\x8a\x71\x09\xa8\x9e\x82\x4e\x6a\xfe\x29\xc8\x8c\x98\xf1\xc5\x73\
\xfe\xba\x6e\x7b\x9f\x11\xff\xfe\x89\xc6\x83\xea\x86\x13\xbf\xcd\
\x0d\x23\x78\x76\x49\xeb\xeb\x6e\xed\xe8\x4b\xa7\xcd\x78\x70\x93\
\xbe\xe2\x27\x9e\x30\xf1\x5e\xcb\xb2\x7e\x8e\x20\xc7\xd2\x58\xf4\
\x54\x21\x38\x3e\x4d\x60\x50\x2a\xde\x73\x3d\xf7\x77\xb3\x66\xcd\
\xea\x53\x9a\xd1\x3e\x97\x18\x38\x09\xd3\xe6\xbc\xf9\x56\x4b\xc9\
\xdb\x45\xcf\x60\x29\xa2\x27\x01\xc1\xc0\x8c\x23\xc3\x0a\x8d\x55\
\x0c\xa6\xcb\x20\x56\x6d\x12\x3e\xa4\xc5\x75\x53\xae\x3b\xe9\x7f\
\x36\x1b\xb9\x3c\xec\x9e\x7b\xd4\xda\x0e\xad\x96\x47\x24\x2d\x5c\
\x66\x69\x99\xa4\xaa\x29\x84\xf8\x6e\x48\x53\xa6\x11\x38\xa1\xe3\
\x24\x05\xcb\x5d\x33\xf5\xf0\xcd\xf6\x7c\xf8\xfd\xd5\x0f\x7f\xc9\
\x6a\x18\xfb\x62\x57\x40\x92\x38\x8e\xa4\x12\x01\x2f\xac\x9d\x35\
\x7f\xd2\x3e\xc7\xf7\x96\x18\x93\x2e\xbf\x7b\x87\x40\x49\x0c\x61\
\x86\xe6\x28\x91\xef\xa8\x5e\xd1\xd1\xa3\x7c\xf1\x86\xff\x3d\xf5\
\x23\x55\xae\x3f\xce\x7f\x76\xe7\xbc\x48\xcc\x8b\x22\xfd\xdb\x21\
\x53\x00\xe5\x63\xcc\x44\x1e\xc7\x39\x34\x2e\x9d\xc0\x32\x65\xa4\
\x2e\x5c\x05\xbb\xf8\xcf\xc3\xf8\xf0\x3d\x18\x13\x2c\x87\x34\x2d\
\x48\xe2\x65\x14\x5c\x2c\xf2\x41\x33\x6c\x10\x56\xb5\xdb\x12\x24\
\x4f\x7d\x66\xcd\x90\xdb\x8e\xdf\x4c\xa1\xff\x2b\x67\xef\x37\x64\
\x84\xde\xfa\xae\xa1\xab\x59\xea\x07\xa0\x0b\xb4\x6b\x98\x4c\xb5\
\x41\x43\xd7\x47\x12\x05\x2d\x03\x2d\x9e\x3a\xc9\x4b\xd7\x3e\x14\
\xf8\x0a\x35\xd3\x49\x19\x56\xf5\x3d\x80\x2e\xb2\xc3\xfa\xc3\x37\
\x43\x47\xf3\xc8\x15\x67\x24\x7d\xde\xa9\x04\x5e\x31\x38\xbc\x71\
\xc1\x06\xba\x1a\x54\x8f\x0f\x74\x9f\xdf\x6d\x70\x1a\x5e\xec\x72\
\x43\x78\xf6\xfd\x96\xd7\x0b\x55\x23\x2e\x3d\x73\xd6\x23\x9b\x00\
\xe3\xb8\x63\x8f\xb9\xb7\xae\xbe\xee\xe7\x58\x8c\x25\x33\x8f\xcb\
\x35\xda\x9f\x26\x30\x58\x24\xde\x29\x38\xc5\xa3\xe6\xce\xed\xdb\
\x5e\x83\x9f\x0a\x30\xa6\x5c\xff\xcc\xa3\xbe\x9d\xdc\x37\xc4\x74\
\x69\x4c\x8c\x23\x0a\xb8\x21\x01\xcd\xb2\x21\x64\x01\x98\xaa\x0a\
\x5a\xc8\xa0\x3e\xa5\xb7\x13\x77\xfd\x85\x57\x4d\xdc\xe7\xba\xcd\
\x4d\xde\x69\xd7\x3e\x3a\x28\xb4\xd2\x87\x84\x44\x9b\x4a\x40\x19\
\x23\x84\x50\x89\xac\xd9\xe6\x71\x7f\x08\xc1\x98\x26\x78\xa7\x06\
\xde\xdf\x2d\x3f\x7f\xf1\xb5\x53\x0e\x59\xde\xfb\x3e\x8d\x8d\x4f\
\x68\x2d\x23\x93\x4f\xf9\x46\x76\xcf\xa2\x13\xc8\x64\xbd\x04\x2d\
\x34\x35\x9d\xf2\xc3\xe3\xbb\x5f\x8b\x1b\xa0\x73\xd8\x77\x66\xe6\
\xa8\x71\x0c\xd3\x6c\xc1\x39\xe5\x16\x81\xd0\x82\xe8\x89\x28\xdf\
\x72\x15\x75\x4a\x2f\x34\x37\x1e\xbd\xd9\xec\xcd\xa9\xb3\x1e\x3f\
\x40\x35\x1b\xae\xca\x7b\x74\x7c\x89\x51\x50\xd0\x6d\x4c\x79\xcc\
\x3b\x5b\x4e\x3f\x07\x41\xa1\x21\xfa\x10\xbe\xe1\x2f\x82\x9d\xa3\
\xc5\x30\x34\x58\x07\x76\x54\x04\x8c\x9e\x58\x96\x01\xc2\x2f\x80\
\x48\x66\x61\x25\x4b\x3c\xfc\x57\xfe\xbd\x03\x1b\x1b\x1b\x37\x1b\
\x9d\x5b\x3a\xe9\xc7\x66\x2a\xdb\xb6\xcc\x34\xf4\x21\x34\x08\x41\
\x91\xa9\x22\x02\x74\x11\x0f\x0d\xe3\x3a\x81\x62\x42\xa0\xd8\x98\
\xa3\xe6\xab\xaa\xea\x6a\xa6\x26\x68\x18\xa8\x25\xae\x42\x51\xc9\
\x4e\xee\x48\xd5\xdd\x7d\xc0\xa9\x37\x6c\x60\x31\x78\xf6\xb2\x63\
\xd2\x83\x0c\xbf\x91\x44\x5d\x9c\x71\xbe\x24\x02\xb2\xd2\xf5\x95\
\x16\x85\x01\xab\xb5\xb5\xaf\xeb\x81\x77\x8e\x26\xc4\xb8\x76\x2f\
\x82\xa7\xde\x6f\x7b\xc3\xad\x1b\x7d\xc9\xb4\x59\x9b\x4a\x8c\x89\
\xc7\x1d\xfb\xb7\x4c\x26\xf3\x33\x39\x90\xb2\xd3\xe5\xa3\x0a\x91\
\xfa\xca\xc6\xa0\x21\xc1\x80\x82\x17\x00\x00\x20\x00\x49\x44\x41\
\x54\x7f\xc3\xf1\xdd\x09\xb3\x67\xcf\x7e\xb5\x2f\xa4\x63\xe5\x1e\
\x9f\x0a\x30\xa6\xdf\xf4\xe8\x3e\x3c\x35\xf8\xf6\x56\xd7\x1f\x8a\
\xce\x9a\x38\xb2\x6a\x82\x62\x60\x4c\x20\x04\x81\xad\xb1\x40\x80\
\x19\x14\x2e\x6f\xe8\x7a\xfa\xac\xcd\x6d\x82\xc9\xd7\x3c\x7e\xa8\
\x67\xd4\x4c\xf3\x35\xeb\xab\x9c\x10\x0b\x15\x32\x74\x81\x2a\x58\
\xf8\x23\xc9\x07\xf0\x11\xd0\x5d\x19\xa1\x27\x0b\x4a\x6d\xeb\x96\
\x65\x54\xef\xd7\x37\x4d\x3e\x70\x13\x23\x6c\xda\xbc\x67\x0e\x5b\
\x17\xea\xf3\x40\x4f\x24\x13\x3a\x07\x91\x6f\x9f\x39\xeb\x94\x1f\
\x9e\xd0\x7d\x22\x51\x32\xd5\x3b\xc3\x6e\xed\x64\xd6\x11\x54\xb5\
\xb1\xe7\xa3\xa4\xb5\xb4\x79\x08\x19\x1d\xf2\xc4\xe9\x7a\x86\x38\
\x5d\xd7\x5c\x3b\xed\xd0\x4d\x23\xac\x42\x90\xc9\x33\x9f\xbe\x9a\
\xd8\x55\xa7\xb6\x96\x5c\x05\x74\x0b\xcc\x74\x16\xba\x72\x25\xb0\
\x54\x0b\x95\x48\xd0\x99\x0f\x43\xe9\x52\xf8\x9a\xf7\x3c\xec\x14\
\x2d\x81\x86\xb0\x03\x0c\xea\x60\xa7\x23\xe9\x55\xca\x58\x2a\x74\
\x91\xc4\x2b\xef\x25\x47\xfc\x78\x9f\x33\xee\x6a\xff\xa8\x45\x7e\
\x65\xe6\x44\x7d\x64\xdb\x87\xaf\x89\xd0\xdd\x05\x4b\x87\xd1\x83\
\x25\x29\x3c\xcb\xb5\xe1\x42\xc1\xf4\x11\x15\xa8\x82\xa9\x25\x1c\
\x74\x8c\xa3\xd0\x40\x4a\x69\x5f\xb5\xa1\x95\xa7\xbe\xbb\xdb\xff\
\x3e\xdc\xc3\xb5\xf9\xca\xf9\x47\x8e\x1c\x99\xcc\x3d\xa9\x07\x1d\
\x63\x64\x1b\x33\xa2\x32\x8f\x1b\x18\x66\x15\x06\xe3\x16\x7a\x16\
\x31\x69\x71\xbd\x27\xe0\x99\x0f\xda\xde\x70\x6a\x47\x5f\x3a\x7d\
\x33\x36\xc6\x84\x63\x8f\xfe\x7b\x36\x9b\x3d\x58\x96\xa2\x22\x03\
\x62\x37\x86\x90\xde\xcf\xd3\x57\xc0\x88\x22\xf6\xb2\xe3\xba\xc7\
\xcf\x99\x33\xe7\xf5\x7e\x0f\x8c\x33\xae\x78\x24\xa9\x0c\x1d\xfa\
\x54\xbb\xcb\xbe\x81\x3a\x34\x06\xd7\x8a\x5e\x00\xa9\x74\x16\x0a\
\xae\x07\xb6\x42\x61\x44\x0a\x6e\x73\x56\x2f\xfe\xd3\x0d\xd3\x7f\
\xb5\x49\xf3\x92\x93\x2e\xbf\xf7\xd7\x90\xdd\xe1\x6c\x48\xd7\xef\
\x92\x77\x4a\x32\x16\xa0\xe1\x06\x40\x25\x1e\x7b\x5d\xa3\xce\x8e\
\x09\x6c\xf8\x39\x12\x10\xf0\x08\xd2\x89\x34\x14\x5a\x56\x3c\x92\
\x70\x96\x9d\x3e\xeb\xbc\xa3\xde\xe9\x21\x0d\x6e\xba\x27\x55\xa8\
\x19\xf7\x4e\x6b\x31\x1c\x29\x5d\x89\xa1\x37\xe3\x8e\xd3\xf6\x3d\
\xb1\x37\x30\x32\xee\x8e\xb7\x17\x99\xf9\x2b\xae\x9a\x72\xc3\x21\
\x30\x54\xdc\x54\x61\x09\xea\x12\x16\xd8\x1a\x5b\xd2\xb2\x6a\xd9\
\xd5\xf3\xce\x3e\x6c\x66\xef\x45\x38\xed\xda\xfb\x06\xa9\xd9\x41\
\x97\xe6\xa9\x76\x94\x2f\x54\x49\xe3\xaf\x68\x86\x6c\x2c\x69\x89\
\x50\xaa\x4d\x23\x30\x69\x30\x78\x19\xc6\x46\xef\x43\x75\x94\x03\
\x8d\x7a\x10\x31\x15\x74\x03\x5b\x15\xd3\x55\xed\x7a\x4d\xe3\xb8\
\xf3\xfe\x39\xf7\xe3\x16\x18\x9d\x5d\xcb\x2e\xfc\xc9\xfc\x8c\x4a\
\x8f\xa0\x5e\x1e\x14\xac\x31\x97\x6c\x85\x71\xf5\xa0\x54\xe1\x30\
\xce\x22\x13\x19\x29\x28\x2c\x90\x2e\x63\xfc\xcc\x51\x33\x6c\xb1\
\x67\xed\xb0\xef\x45\x8f\xaf\xe8\xfe\x1d\x2f\x5e\x70\xe4\x98\xb1\
\x7a\xee\x59\xdd\x6f\x19\xaa\x88\xb8\x6c\x14\x93\x19\xd1\x36\xc4\
\x83\x88\x72\x05\x42\x35\x01\x6b\x3d\x02\x4f\x7f\xd0\xf2\x46\x50\
\x3d\xf2\xd2\xb3\x36\x03\x8c\x49\x27\x9f\xf0\x77\x3b\x91\x3c\x18\
\xe7\x0e\xa5\x19\x46\xda\x31\x12\xfe\x69\xaa\x52\x61\x48\x5f\x70\
\x5c\xf7\x84\xb9\x73\xe7\xbe\xd9\xef\x81\x01\x42\x90\xd3\x9b\x5f\
\x7d\x64\x5d\x89\xfe\x48\x37\xb1\xf1\x89\x0c\xc3\x82\x83\x29\x14\
\x89\x24\x54\x5b\x24\x17\x2c\x7f\xe3\xf8\xb9\xe7\xfc\x72\x13\x3d\
\xf5\xa4\xab\xe6\xef\x99\x6e\x18\x7f\x59\x07\x4b\x7e\xa7\xe0\x73\
\x50\xf4\xb8\xd4\x52\xa7\xe5\x9c\x1d\x61\xca\x34\xf6\x0a\x30\x74\
\x2c\x88\x0a\x31\x68\x68\x80\xad\x71\x57\x77\x56\xff\x72\xd6\xe4\
\xfd\x1e\xd8\x64\xe3\x36\x2f\x7a\xcd\xd3\xd2\x5f\x2b\x14\x3d\xb0\
\x54\x36\xa3\x79\xe2\xb7\x7b\x00\x43\xba\x9a\xc7\xfc\x62\xbe\x1b\
\xa9\xbf\xc1\x7b\xe1\xe2\xe2\x86\x42\x02\x34\xac\xb8\x83\xc8\x05\
\x6c\x46\x9f\xb0\xad\xf7\x0a\xad\x2b\xff\x34\xef\x8c\x9f\xde\xd5\
\xfb\x3b\xa6\xce\x7a\xf2\xd4\x9c\xb0\xaf\x73\x99\x0a\x44\xd5\x40\
\xd3\x6d\x08\x22\x0e\x09\x11\x40\x3d\x6d\x83\xd1\xd1\x52\xd8\xc5\
\x7b\x05\x46\x44\x2b\x20\x13\x15\x64\x6a\xb9\x61\x57\x41\xd1\x67\
\x20\xcc\xc4\xac\x77\x69\x62\xfa\x3e\x8d\x7f\xcf\x7d\xd2\x02\xbf\
\xfd\xa7\x83\x4f\x6a\xb0\xc4\xa5\xc4\xc9\xa5\x09\xf7\xa5\x27\xac\
\x92\x37\x55\x29\x60\x42\xb7\x31\x9a\xfc\x18\x50\x45\x26\x0f\x8f\
\x01\xf8\x66\x1d\x5f\xae\x0d\x1e\xbe\x77\x2f\xa3\xfc\xe5\x4b\x8e\
\x19\x3b\x8a\xac\x7b\x56\x77\x5b\x86\x10\x56\xce\xde\x15\x71\x19\
\xae\x4a\x34\xf0\x89\x01\x9e\x9a\x85\x55\x1e\x81\xe7\x96\xae\x7f\
\x3d\xa8\x19\x75\xd9\xf9\x9b\x01\xc6\x71\x13\x8e\x59\x98\x4a\xa5\
\x7e\x82\x5e\x29\x5c\x13\x34\xbc\x7b\xb3\xc4\x6c\x50\x55\xfa\x28\
\xc0\xe7\x7b\xe1\x13\x8e\xe7\x9e\xd6\xdc\xdc\xfc\xd6\x27\xcd\xdb\
\xd6\xfc\xfe\x53\x51\xa5\x70\x00\x27\xdd\xf4\xe4\x1c\xa3\x6e\xf4\
\x31\xad\xed\x5d\x32\x27\xc7\x4e\x98\xb2\xec\x15\xa9\x63\xc0\x6b\
\x9b\x9b\x76\x3e\xf8\xd3\x4d\x67\x1c\xd1\xe3\xe4\x42\x40\x4d\x6e\
\x7e\x62\x5e\x68\x64\x8f\xc8\x79\x42\xc3\x45\x56\x25\xeb\x06\x06\
\x8c\x50\x8d\x42\xbd\xcc\x90\x1e\xae\xb8\x5c\x56\x80\xce\x7d\x49\
\x34\x40\xcc\x8c\xcc\xf5\x89\x72\xcb\x8e\xb8\x7b\xda\x81\x77\xf6\
\x9e\x84\x29\xb7\xbe\xf0\x6c\x4e\xa4\xf7\x0a\x04\x11\xdc\x2b\xce\
\xb8\xfb\xa4\x3d\x4e\xea\x6d\x63\xac\x1e\xf5\xf3\xdb\xbc\x50\x3d\
\x02\x9b\x3a\xca\xf4\x14\x85\x80\x42\x22\x40\x5a\x7e\xc3\x8c\xfb\
\xd9\xe1\xb3\xb0\x52\xe1\xbe\xd1\x6d\x8f\x1e\xda\x5b\x05\x9c\x3c\
\xfb\xf1\x63\x22\xb3\x6e\x8e\xc7\x75\x08\x03\x0a\x21\xea\xd9\xaa\
\x01\x29\x56\x80\x61\x74\x25\xec\x10\xbe\x0f\x5f\x08\xde\x81\x21\
\xe1\x2a\x48\xb2\x82\x74\x57\x97\x7c\x02\x66\xc3\xc8\xa7\x97\x16\
\xa1\xf1\x3b\x7f\xba\xff\x89\xee\x63\xba\xe7\xc2\x13\x86\x65\xcd\
\x54\x6e\xbf\x69\x57\x3a\xdd\x3f\x7f\xfd\xf2\xc3\xbe\x3a\x84\xd0\
\x07\x58\xbe\x75\x98\x55\x96\x16\xd2\xb1\x51\x96\x18\xb2\x02\x10\
\xeb\xc6\x45\x0c\x0c\x7c\x16\x62\xa5\x21\xa7\x64\xf8\x3a\x51\x3b\
\xac\x77\xff\xbd\x57\x2e\xf8\xe5\x0e\x23\xf4\x8e\xe7\x75\xaf\xb5\
\x5e\x41\xc9\x8c\x79\x5f\x65\x3a\x1c\x0c\x4e\x7a\xaa\x0d\x25\x35\
\x0b\x2b\x5c\x09\x8c\x57\x59\xcd\x98\xcb\x2f\x98\xb5\xb0\xf7\xa1\
\x46\x4e\x3b\xf5\x94\x07\x74\x5d\x3f\x00\xc7\xaa\x63\xad\x38\xe6\
\x65\xc9\x0c\xdc\x4d\x5f\x7d\xa5\x4a\xb9\x25\xff\x2f\x5e\xe8\xff\
\xb1\xb9\xb9\xf9\xbd\xad\xd9\xf8\x9f\x74\xed\xa7\x06\x8c\x09\x37\
\x3e\x3a\x51\xcb\x8e\xba\xd8\x0f\x58\x2d\x32\x92\xb9\x6e\x09\x52\
\xa9\x14\xb8\x21\x85\x24\xed\x3a\x60\xee\xa4\xef\x3c\xd4\x7b\x70\
\x27\xdf\xb8\xf0\x10\xd7\xa8\x99\xe1\x0a\xad\x01\x9b\xb9\xa3\x18\
\x96\x31\x63\x79\xba\x54\xc8\x13\x64\x55\xb4\xa4\xad\x91\xb5\x02\
\x3c\x04\x33\x99\x82\x4e\x4f\x48\x4e\xa7\x0c\x38\xa7\xe4\xb3\xcb\
\x66\x2c\x38\xfc\xf0\x1e\x6d\x7b\x4f\x6b\x7e\xe9\x89\x76\x9a\xf8\
\xbe\x17\x71\x91\x26\xc1\xcc\x5b\x4f\xd8\x7d\x13\x89\xb1\x76\xcc\
\xa1\xf3\x43\x4f\xfc\x06\x19\x31\x30\x26\x21\x17\x15\x4b\x56\x91\
\x0d\x50\xe6\x3c\x61\xf0\x9c\x42\xc6\x84\xd7\x83\xd6\x0f\x7e\x36\
\xff\xcc\xc3\x7b\x90\x7c\x4d\x9a\xf1\xc8\x2f\x02\xa3\xe1\xb6\x9c\
\xcb\x6d\x43\xd7\x25\x95\x90\xcb\x18\x64\x68\x27\x8c\x09\x3f\x80\
\x9d\xc2\x0f\x60\x9c\xff\x2e\xd4\x47\x6b\xc1\x16\x25\xa9\xde\x68\
\xa9\xc1\x9d\xcb\x5d\xed\xcc\x2f\x9f\xf7\xc0\xec\xde\x8d\x5b\x16\
\x5d\x76\xd4\x34\x4a\xc8\x4b\x7b\x4f\x9f\xf7\x54\xf7\xb9\x7a\xa2\
\xf1\x28\x6b\xa4\xba\xee\x95\x1a\x12\x7c\x49\xf8\xae\x3c\x34\x28\
\xda\x16\x92\xe1\x1c\x87\x8a\x35\xe3\x31\x30\x34\xce\x80\x71\x02\
\x6a\xaa\x16\x5a\x22\x93\xaf\x20\x55\xc3\xf6\xe9\xd5\x98\x72\xd1\
\x25\x3f\xdd\x71\x0c\x71\x5f\xd4\x83\xae\x1a\x34\x9a\xd1\x8b\x86\
\xea\x29\x1e\x3c\x28\xed\x11\x18\x79\xad\x1a\x96\x15\x09\x2c\x5a\
\xb2\xe6\x65\x51\xbb\xc3\x15\x17\xcd\xb9\x7f\x41\xf7\x31\x4d\x9a\
\x34\xc9\x8c\x42\xff\x3e\xd3\x34\xf7\x43\x6f\x14\xa6\xe0\xa0\x77\
\x0a\xff\xfb\x53\x05\x46\xd1\xbb\x21\xe4\xf4\xaa\x39\x73\xe6\xf4\
\x3c\x64\x3f\x69\xe7\x7f\xc2\xef\x3f\x35\x60\x4c\xbc\xf1\xb1\xaf\
\x6b\x55\xa3\x6f\x2e\x94\xc2\x3d\x50\x9c\x1a\x7a\x9c\x4b\xa4\xa8\
\x46\x47\xd8\xb9\x64\xdf\xdb\x4f\xdf\xbf\x87\x4e\x78\xe4\x15\xb7\
\x25\xd3\x99\xf1\x1f\x38\x5a\x6a\x90\x8b\xec\x78\x9a\x0a\x34\x0a\
\x40\x43\xb5\x46\xb2\x64\xc4\xfc\x4d\x92\x07\x58\x50\x99\x0e\x5d\
\xa9\x25\xf0\x31\xbd\xdd\xcc\x00\x0d\x5d\x18\x91\x32\xaf\x74\x97\
\xbe\x71\x55\x73\xe3\xe1\x3d\xba\x92\x9e\x3a\xef\xa5\x47\x73\x90\
\xdd\x17\x99\xb5\x49\x7e\x75\xd3\xbc\x53\xf7\xe9\x61\x7c\xa3\x2a\
\xd5\x36\xea\x80\xf9\x6e\x08\xbf\x11\x2a\x12\x1c\x63\x29\x2a\x66\
\x88\x1a\x32\x69\x2f\x9d\x34\x21\x97\x6f\x87\x6c\xd2\x04\xd5\x6f\
\x5d\xc4\x57\xbc\x7a\xe4\xdc\x4b\xa7\x7c\xd8\x7d\x7e\x4f\x6e\x7a\
\xe8\x10\xbd\x6a\xa7\xf9\x85\x00\x92\x91\xeb\xc7\x0d\xe9\x35\x05\
\xaa\x68\x1b\xec\xe4\x2f\x86\x9d\xc2\xa5\x30\xc6\xff\x10\xea\xa2\
\x75\x60\x13\x07\xb8\xaa\x41\x1b\x4d\x5d\xdf\xa2\xd6\x5f\xf7\xdd\
\xc6\xbf\xf4\xb8\xd7\xeb\x17\xfc\x7c\x5c\xb5\x49\xff\xe6\x10\xbb\
\xe9\x4b\xd3\xee\xbe\xbe\xf7\x3a\xae\xb8\xf4\xc7\xaf\xdb\xa5\xf5\
\x5f\xb5\x45\xac\xc3\x63\x21\x94\x74\x8b\x4b\xca\x45\xac\x1c\xc4\
\x66\x95\x2c\xde\xa0\x11\x40\x9e\x5b\x50\xd0\xaa\x78\x47\x7a\xe8\
\xb0\x7d\xa6\x37\xf7\x98\x1b\x94\x18\x43\x8c\xe2\xcb\xc4\xcd\x55\
\x23\x03\xa2\xca\x05\x68\x1c\x55\xaa\x48\xe6\x97\xf9\x8a\x0d\x9d\
\x7a\x35\x2c\xcb\x09\x78\x7e\xc9\x9a\x17\x45\xdd\x98\x2b\x2f\x9c\
\xf7\x40\x8f\x8a\xb9\x63\x8e\x39\x26\x9d\x4d\x27\xff\x46\x14\x05\
\xe7\xf8\x33\xf3\x4a\x95\x8a\xce\x99\x82\x90\x19\x4d\x4d\x4d\x1f\
\x9b\x36\xb4\xb5\x38\xf9\xd4\x80\x71\xd4\xbc\x27\x2c\x35\xc8\xdc\
\x12\x11\xeb\x28\x82\xc9\x70\x98\x3c\x88\xfc\xa8\xaa\x7a\x1b\xcf\
\x2f\x3f\x6b\xee\x1f\x0e\x5e\xdb\x7d\xb0\x27\x5e\xfb\xe8\x57\x78\
\x66\xd8\x0b\x25\xa6\xd8\x94\xa1\xda\x14\x82\xa1\xe9\xc0\x78\xa5\
\xb4\x13\x0b\x63\xe2\xc2\x9f\x0a\x30\x64\x6d\xb4\xa6\x43\x21\xa4\
\xa0\x26\x92\x20\x68\x00\x59\x12\xcc\x30\x3b\xd6\x5d\x7a\xd3\x19\
\x07\xf6\x38\x41\xfe\x70\xc7\xab\x8f\xb5\xb3\xe4\x0f\x4a\x6e\x28\
\x12\x61\x7b\xd3\xbc\x53\x7f\xb0\x89\x57\xaa\xc1\x19\x75\xab\x1b\
\x8a\x23\xb8\x62\x42\xc4\x30\xe6\x62\x43\x24\x34\xd0\x25\x25\x50\
\x09\xea\xaa\x6d\x50\x69\x71\x3d\x29\xae\x6c\x9a\x79\xea\x01\xc8\
\xf2\xdd\xe3\x35\x79\xce\x13\x47\x95\xd4\xda\x79\x05\x0f\xf5\x7b\
\x24\x49\xd6\x65\x3a\x7a\x5d\xb8\x16\xbe\xec\xbd\x09\x3b\x05\x8b\
\x61\x64\xb8\x1a\xaa\x68\x2b\x12\x7e\x43\xa4\xa7\xd6\xad\xa1\x99\
\x5f\x7d\xbd\xf1\xc1\x4d\x32\x43\xdf\x3f\xef\xfb\x77\xd7\x26\xd4\
\xc3\xf3\x60\x9e\x17\x25\x76\xb8\x62\x5c\x37\xf7\x2a\x7e\xe9\x92\
\xff\xdd\xf7\xa9\x06\x91\xdf\x9b\x94\xd3\xf5\x29\x98\xdd\x98\x43\
\x30\x33\x0b\xd5\x4f\x2e\x25\x9c\x9e\xa8\x82\x22\x37\xb1\x39\x0c\
\x5f\xe7\xa9\x43\x7f\x78\xf1\xfd\x2d\xdd\x07\xbe\xe8\x92\xc3\x76\
\x1c\x4e\x9c\x97\x55\xaf\x58\x25\x30\x3b\x18\xeb\x46\x78\x04\x2a\
\x7a\xa8\x78\x08\x9e\x6a\x42\x4e\xad\x86\x0f\x73\x1c\x9e\x5f\xbc\
\x7a\x91\x52\x37\xf6\xea\x3f\xdd\xba\xf0\x2f\xdd\xef\x31\x71\xe2\
\xc4\x3a\xcb\xd0\xff\xa2\xa8\xca\xde\xb2\xaf\xf8\x27\x78\xa5\xb6\
\x76\xa3\x6e\xee\x7a\x94\x8e\x85\xa2\x73\xb4\x65\x59\x77\xdd\x70\
\xc3\x46\xf7\x73\x5f\xdc\xfb\x53\x03\x06\x0e\xee\xb4\x99\xcf\x5e\
\xee\x98\x55\xd3\xb0\xef\x82\x6d\xd8\xa0\x86\x45\xae\x15\xd7\xee\
\xde\x34\xfd\xa0\xd7\xba\x0f\xfe\xd8\xab\x1f\xae\x51\x92\x35\x4d\
\x91\x62\xff\x1c\x5d\xbb\x92\xe5\x1a\x53\xa7\x65\x21\x3e\xd2\xef\
\xc4\x55\xc8\xf2\x24\x84\x72\x4a\x73\xb9\x84\x14\x15\x2a\x86\xb1\
\x12\x6c\x47\x47\x1d\xc8\x08\xef\xf4\x60\xfd\xb2\x9b\x7b\xc7\x1c\
\xce\xbd\xed\xf9\xc7\xd7\x51\xf3\xfb\x45\xae\x0b\xe2\xac\x6f\xba\
\xfb\xb4\x1f\x6d\xe2\x95\xaa\x73\xc7\x35\x17\x02\xf6\x5b\x4d\xb7\
\x20\x0a\x02\xd9\x63\xdb\x47\x52\x03\xdd\x90\xdd\x8d\xd2\xa6\x78\
\xce\x59\xb7\xf4\xe2\x3b\xa7\x1f\xf4\xe0\xe6\x26\xff\x94\x39\x4f\
\x9f\x50\xe4\xc9\x5b\x9c\x48\x05\x2b\x99\x02\xd7\x0b\x41\x55\x74\
\x18\x4e\xd7\xc0\x37\x4b\x8b\x60\xe7\xe0\x1d\xa8\x0f\x57\x43\x4a\
\x71\xa1\x48\x23\x28\x1a\x55\xbf\x5d\xd1\x6e\xdf\x7b\xc0\x0d\x3d\
\xdb\x7b\xbd\x75\xc1\x81\x5f\xa8\xa3\xb9\x87\x34\x16\x8c\x4a\xd4\
\x0f\x7e\x69\xa9\x9b\x3c\xf7\xab\x67\xfd\xf9\x9f\xdd\xbf\xf3\x3f\
\x8d\x07\x4c\x18\x63\x96\x1a\x1d\xbf\x73\x98\x50\x08\x08\x9e\x00\
\xb9\xa9\xd1\x9e\x40\x87\x2d\x89\x40\x94\x79\xae\x10\x26\x11\x18\
\xe0\x2a\x19\xbe\xd2\x4f\x6e\x02\x0c\x94\x4e\x75\x7a\xe9\x25\xcd\
\x2f\x55\x49\xce\x5c\xe9\x91\xe3\x00\x1c\x19\xfb\x15\xf0\x88\x0e\
\x25\xb3\x16\xde\x6d\x71\xe0\xd5\x0f\x5b\x9e\x13\x35\x63\xae\xb9\
\xa8\x17\x30\x26\x4d\x9a\x30\x5c\x21\xd6\xbd\xba\xae\xef\xd1\x9d\
\x80\xf9\xa3\xe2\x18\x52\x39\xde\x4a\xda\x1f\x99\x7f\x56\x66\x4d\
\x97\x19\xcd\x9c\xb1\x5c\x67\xf1\xa7\xcd\xf3\x9b\x51\x2d\xdf\xca\
\xbb\x7d\x3c\x7c\x3e\x55\x60\x9c\x72\xdd\xc2\x13\xa0\x7e\x87\x6b\
\xdb\x4a\x91\x69\x2a\x16\x68\x61\x57\x64\x95\x56\x8e\xbc\x79\x7a\
\x4f\x35\xe7\xe8\x9b\x1e\x19\xa1\x18\xb5\xcf\x51\x62\x8e\x90\x34\
\xb1\x68\xf8\x21\xfd\x83\xa2\x94\xb3\x70\x7b\xaa\x07\xe8\x8a\xc4\
\x24\x44\xc0\xf4\xea\x28\x84\x74\x2a\x09\x45\xb7\x13\x6c\x8d\x0a\
\x9b\x15\x8e\xba\xf9\x84\x1f\xdd\xd6\xfb\xb1\xcf\x9c\xf5\xc4\xd3\
\x5d\x5a\xf6\xbb\x79\xa1\x71\x93\x15\x67\xde\x7a\xdc\x5e\x3d\x8c\
\x6f\x19\xc7\xc8\x0d\x99\x19\x08\xfd\xe8\x48\x00\xcf\x24\x2c\x12\
\x86\x21\x53\x75\x2b\xdf\xd1\xd5\x76\x0e\x63\xc1\x2b\x69\x56\x5a\
\xd7\xdc\x6b\xec\x95\xef\x99\x3c\xe3\xa1\x6f\x07\x6a\xcd\x25\xa5\
\x48\xf9\x9e\x9a\xcc\x80\x8f\xac\xdc\x0c\xc0\x50\x54\x18\x5e\x5a\
\x0a\xdf\xee\x7a\x1c\x76\x55\x57\x82\xe1\xae\x06\xd3\x22\xd0\x25\
\xc8\x13\x2b\xc2\xec\xd1\xfb\x5e\xf4\x60\x0f\xc9\xb6\xa8\xf1\xb0\
\x9a\xc1\x7a\xe7\x43\x35\x22\xf8\x26\x0f\x7d\x60\xa6\xbd\xae\x90\
\x19\x75\xce\x0e\x93\x6e\x9f\xd7\xfd\x99\x96\x9e\x7f\x44\x26\xa5\
\xae\x9e\x0f\x22\xf7\x53\x94\x0c\x5c\x24\x65\x91\x14\x66\x2f\x4b\
\x46\x74\xf4\xd6\x91\x4a\x14\x5e\x03\x2e\x54\xf0\x95\x24\x5f\x16\
\x64\x37\x0b\x8c\x7a\xb5\xf8\x92\x16\xa2\xc4\x10\xf2\xb4\x47\x57\
\x35\x47\x75\x55\x23\xe0\x0a\x03\x8a\x46\x0d\x2c\x6e\xf3\x60\xd1\
\x92\x55\xcf\xa8\x0d\x3b\x5e\x7b\x49\xf3\x3f\xfe\xda\x7d\x3c\xa7\
\x9e\x7a\xfc\x38\x4d\xb5\xfe\xac\xaa\xea\xd7\x10\x18\xe8\xa8\xf8\
\xb8\x7a\x8c\xca\xdf\x6e\x0d\x38\x36\x03\x8c\xb0\xd8\x95\xff\xee\
\x9c\xdb\x6e\x7b\xa9\x2f\xa4\x44\xf7\x7b\x7c\xaa\xc0\x98\x74\xfd\
\xfd\xdf\x53\x1a\xc6\xcd\x68\x29\x46\xe3\x75\x30\x40\x0b\xba\x42\
\x28\xac\x1a\x3e\xef\xec\xc3\x7b\x64\x7d\x4e\xba\xfe\x6f\x3b\x84\
\xd6\xe0\xb7\x7c\x92\xb0\x51\x09\x91\x7c\xb6\x58\xe8\xa3\x10\x59\
\x39\x86\x92\x23\xf6\x4a\xc5\xb6\x05\xbe\x30\x60\x88\x70\x49\xd9\
\x09\x68\x6d\x6b\x81\x4c\x75\x06\x94\xa8\xc8\x0d\x6f\xdd\x91\x4d\
\xa7\x1d\xb4\x89\x57\x6a\xda\x6d\xaf\xbe\xd4\xea\xc2\xee\x11\x51\
\x98\xcd\xba\x9a\xe6\x9c\xf4\x83\x1e\xc0\x90\x12\xee\xda\x7b\x76\
\xe6\xba\x35\x2a\xa4\x58\x3e\x45\x38\x8b\x18\x2b\x15\x3b\xc3\x9a\
\xda\x41\xaf\xdf\x70\xea\x01\x1f\xd9\xb4\xf1\x88\xeb\x1f\xcc\xa4\
\xad\x86\x3f\x99\x76\xd5\x09\x79\xc7\x33\x9d\xd0\x07\xd5\xd6\xc1\
\xc0\xc4\x52\xd7\x81\x9d\xe9\x72\xf8\x91\xff\x22\x0c\x2b\xbc\x0b\
\x2a\x04\x50\x22\xa2\xb0\x8a\xab\x07\xee\x73\xd1\x93\x3d\x02\x6d\
\x68\xe7\x1c\x9a\x78\x7d\xff\x6a\x5e\xfc\x07\xc9\x77\x81\xa6\xab\
\x60\xd7\x0c\xce\xbf\x53\x20\x8d\x7b\x9e\xb7\xf0\xda\xde\x8b\xff\
\xde\x45\x87\xcc\x4f\xd3\xd5\xbf\x35\x18\x66\xe8\x9a\xa0\x62\x1d\
\x60\x99\x84\x81\x88\x08\x28\xa6\x9a\x48\xa3\x5c\x93\x69\xef\x81\
\x9a\xe2\xad\x7e\x7a\xe8\xb7\x7a\xa9\x52\x6f\x5c\xfc\xcb\x9d\xea\
\xa1\xeb\x25\x23\xc8\x65\xe3\xac\x60\x06\x9a\x04\x06\x6e\x70\x1d\
\x1c\x61\x40\xde\xa8\x86\xa5\x1d\x11\x3c\xf5\xd6\x87\xcf\x98\xc3\
\xc7\x6f\x02\x8c\x49\x93\x26\xed\x6a\x5b\xe6\x5d\x42\xf0\x2f\x7c\
\x16\xc0\x90\xb1\x12\xc1\x83\x5c\xbe\xf8\xad\xe6\xe6\xe6\x37\xfe\
\xab\x80\x31\xf9\x9a\xbf\x55\xf1\xfa\xb1\x97\xb4\x3a\xca\x09\x92\
\x6b\x34\x2a\x06\x24\xbf\x6a\x44\x6f\x60\x9c\x72\xc3\xbd\xe3\xa9\
\x3e\xf4\x6d\x57\x49\xa8\x1c\x90\xdd\x0e\xab\x4e\x99\x64\xbf\x43\
\xbf\x14\x52\xb4\x60\x7d\x03\x7a\xa8\x74\xa4\x77\x91\xed\xb2\x62\
\xea\x4f\xac\x16\x4b\xa4\x92\xd2\x25\x89\x25\x49\x46\x61\xc5\x11\
\x37\x4e\xfe\x69\x0f\xfd\x17\xd3\x42\x3a\x47\x56\xbd\xed\x80\xb9\
\xb3\xeb\xba\x2c\x4b\x0a\x33\x67\x9c\xfc\x83\x93\xfb\x62\x32\x8f\
\xbc\xe5\x91\x86\x4c\xd5\x98\x89\x91\x27\x4e\x66\x94\x0c\x46\x43\
\x1d\x3d\xc9\x4c\x8d\x80\x07\x05\xa8\x22\x3e\xec\x1c\x2c\x83\x6f\
\xe5\x9e\x84\xc1\xde\x2a\x20\xc9\x74\x6e\xb5\x47\xef\x78\x6b\xd4\
\xa8\x29\xc7\x1f\xdf\xb3\xe9\x09\x7a\x9b\xea\xab\xc3\x9f\x25\xb8\
\xb7\xbf\x1e\x45\x39\xd3\x34\x4b\x1d\x01\x69\x29\xd8\x83\x9f\xdf\
\x63\xd2\x8d\xaf\xf4\x1e\xef\xbf\x2f\x3d\x62\x46\x43\xb4\xfc\x78\
\x93\x16\x80\xb1\xb8\xfe\x1a\x4f\x7a\x54\x39\x09\x67\x12\x18\x1c\
\x4b\x82\xd1\xc5\x4c\x50\x62\xd8\xbc\xd5\x57\x86\x7e\xeb\xe2\xc7\
\x7a\xd8\x18\x31\x30\x3a\x5e\xb2\xfc\x42\x56\xd6\x1a\x0b\x26\x55\
\x29\xd9\x02\x41\xd1\xc0\x55\x12\x90\xd7\x6b\x61\x71\x47\x00\x8f\
\xff\x7b\xf9\x33\x29\x09\x8c\xfb\x7b\x48\x8c\xc9\x93\x4f\xd9\x2b\
\x99\x48\xdd\x15\x86\xe1\x08\x19\x44\x45\xe6\xc5\x8f\xa9\xe0\xdb\
\x5e\x89\x81\xf7\x8e\x38\xf3\x3b\xbb\xf2\xbb\xcf\x9f\x3f\xff\xed\
\xbe\x58\xcb\xcf\x4c\x62\xe0\x17\x4d\x9c\xf5\xf2\xc9\x25\x66\xdd\
\x88\x9b\x5c\xa7\xa5\xc0\x2e\xad\x19\x39\x63\xda\xa1\xad\xdd\x07\
\x31\xe9\xaa\x7b\xbf\xe6\x27\x87\xbd\xea\x91\x24\x09\x51\x45\x92\
\xc4\x62\x4c\xd6\x32\x20\x05\x19\xbe\xe2\x94\x75\xf4\xb6\x6c\x04\
\x86\x0c\x66\x69\xd8\x95\x34\x00\x83\xa8\x30\x28\x21\xde\x80\x8e\
\xb7\x4f\xb8\x6e\xf2\x2f\x7a\xa4\x85\x4c\x6d\x7a\x74\x27\x91\x1a\
\xfd\x74\x4b\xce\x1d\xa4\xf0\x88\x99\x7e\xeb\xcc\x39\x67\xfc\x78\
\xbb\x80\x81\xaa\x57\x62\x7d\x62\x7f\xa6\xd4\x7c\x4f\xb7\x32\x47\
\x51\xa6\xd6\x53\xc6\x25\x13\x77\xbe\x90\x03\x42\x18\x64\x8c\x08\
\xec\xd2\x1a\x18\xcf\x97\xc3\x37\xdd\x97\x60\x88\xee\x74\xac\x70\
\xc9\xc2\x0e\x23\x73\xc9\x81\x67\xdf\xb6\x64\x73\x8b\xf9\xe8\x95\
\x47\x7f\x51\x27\x76\xb1\x2e\x6b\x3a\x2b\x5c\xea\x74\xcf\x69\xea\
\x7d\xfd\x4b\x17\xfd\xe6\xdc\xd1\xb0\xee\x0f\x56\xd8\x99\x0c\x59\
\x4c\xca\x8c\x31\x08\xc9\xfb\x88\x24\x10\x48\x26\x2d\x7b\x7e\x23\
\xc5\xa7\x86\x29\x21\x62\x05\x37\x87\xee\xd3\xf8\x60\x0f\xaf\x54\
\x59\x62\xbc\x68\x05\x9d\x55\x08\x28\x94\x36\x58\xf7\x8d\xc0\xc0\
\x7a\x79\x47\x4b\x42\x4e\x6f\x80\xb7\xdb\x3c\x78\xee\xbd\x35\x8f\
\xdb\xc3\xbe\x70\xfd\x95\xb3\xff\xdc\xa3\xc8\x6b\xca\xa9\xa7\xee\
\x5f\x5d\x95\xbd\xcb\x71\x9c\xaa\xad\x01\xc6\xd6\x6c\xe8\xee\xaa\
\x54\x19\x18\x5e\xa1\xc3\xd9\x6d\xde\x1d\xf3\xfe\xb3\x35\xf7\xd9\
\x92\x6b\x3f\x55\x55\x0a\x07\x70\xcc\xf5\x4f\xfd\x8e\xda\xb5\xb7\
\xca\x9e\xd4\xb4\xe4\x25\x8a\x6b\x47\xf7\x06\xc6\x49\xd7\xfe\x65\
\xf7\xd0\x1a\xf6\xbc\x43\x32\x2a\x55\xe3\x62\x7f\xe9\x83\x47\x58\
\xa0\xbd\x81\x1c\xaa\x3d\xba\x92\xe2\x15\xe8\x9a\x44\x5b\x23\xe6\
\xc5\x4d\x2a\x04\xea\xb4\xd2\x44\x68\x79\xeb\xce\x2b\xa7\xfd\xae\
\x47\x40\xec\x94\x99\x8f\x4f\xf1\x8c\x41\x97\x50\x66\x98\x84\xfa\
\x22\x0b\xb9\x5b\xae\x3b\xe1\xbb\xdb\x0c\x8c\xa9\x57\xcd\x1d\xb1\
\x96\xd7\xec\x46\x52\x0d\x57\x27\x8d\xd4\x70\xca\x55\x2d\xe0\xe8\
\x8e\x56\x81\xb2\x10\x4c\x2c\xce\x21\x1c\x92\x61\x0e\x86\xf2\xb5\
\xb0\x03\xfd\x00\xbe\x2a\x16\x0b\xb7\x75\xf9\xac\x75\x4a\xcd\xd5\
\x07\x5f\xf8\xf1\x4d\x1f\xb7\x64\xe1\xf0\x9a\x17\x2e\xfd\xdd\xc1\
\x63\xe8\xfa\xf3\xec\xb0\xeb\xeb\x21\xd0\x38\xd0\x89\x04\x0f\x92\
\x23\x18\xbb\xdb\xc4\xf1\x1e\x74\x5e\x60\xa6\x80\xaf\x27\xc4\x72\
\x66\x6c\x02\x8c\x17\x2f\xfe\xdd\x4e\xc3\xa0\xe5\x45\x33\xe8\xaa\
\xc2\xf8\x85\x22\x22\x59\x02\x8c\xd4\xa2\x18\x1f\xf1\xf4\x2c\x74\
\xe9\xb5\xf0\xea\xaa\x02\xbc\xbe\xb2\x6b\xa1\x39\x68\xc7\x9b\xaf\
\x98\xb3\xe0\xe1\xee\xe3\x3c\x7d\xf2\xe4\x5f\xd4\xd6\x54\xdf\xde\
\xd5\xd5\x65\x56\x5a\x84\x7d\x12\xd3\xf9\x96\x3c\x67\x05\x0c\x3d\
\x4e\x73\x04\x2d\x63\x28\x31\x5c\x37\x57\xd8\x6d\xf6\xfc\xf9\xef\
\x6e\xc9\xbd\xb6\xe6\x9a\x4f\x1d\x18\xc7\x5e\xf1\xf0\x81\xa4\x66\
\xf8\x5c\x0f\x58\x83\x08\x1d\x37\x11\xb4\x8d\x9d\x3d\xf9\xe0\x1e\
\xa2\xfc\xe4\xab\xfe\xb1\x53\x90\x1a\xfc\x6f\x57\x4d\x99\x21\x92\
\x17\x4b\x8e\x5b\x1f\x0c\x54\xa4\xca\x7e\x7a\x54\xa4\xe2\x2a\xc0\
\x8d\x91\x54\x04\x46\x84\xae\xe0\xc8\x87\x6a\x85\xae\xb5\xbd\x35\
\x3f\xb9\xe1\xd4\x03\x7a\x24\x93\x1d\xd5\x38\xcf\x4a\x8e\xdc\xf1\
\xb1\x22\xcb\xee\x09\x6a\x02\x28\x12\x2b\xb8\x6b\x6f\x6e\x9e\xb6\
\x6d\x12\xe3\x84\xc6\x2b\x1a\xcc\xda\x1d\xa6\x74\xd9\x23\x8e\x08\
\x49\x72\x88\xe9\x95\x34\x74\x06\x28\x55\x75\xe0\x33\x00\xa7\xd0\
\x05\xd9\x74\x0a\x04\x13\x90\xf4\xd6\xc3\xe8\x70\x29\x0c\x2a\xfd\
\xc7\x1f\x6f\xb7\xbe\xad\x72\x31\x61\x8f\x33\x6f\xef\xb3\x9c\x9e\
\xc7\x2e\xf8\xfd\x0e\xe3\xd8\xfa\xf3\x92\xb4\xeb\x77\x54\x45\xb5\
\x29\x66\x42\x8f\xd9\xd6\xe3\x1a\xf3\x4a\x97\x56\xe4\xb5\x72\x8c\
\x14\x5f\xce\x8c\x61\xbd\x25\x06\x02\x63\x10\xe9\x7a\xc1\x0a\xda\
\xab\x35\x1e\x82\xca\x03\x09\x0c\x79\x2a\xa3\x03\x44\x4f\x41\x87\
\x52\x03\x8b\x96\xae\x0f\xdf\xef\xa4\xf7\x9a\xb5\xa3\x66\x5d\xd8\
\xfc\x40\x8f\x42\xa8\x33\xa6\x4c\xf9\x55\x5d\x6d\xcd\xed\xed\xed\
\xed\x6a\x05\x18\x5b\xb3\x11\x3f\xea\xda\x4f\x00\x86\x53\x68\x77\
\x76\x6b\xbe\xab\x6f\xa3\xde\x38\x96\x4f\x1d\x18\x27\x35\xde\x93\
\x12\xa3\xc6\x4f\x2c\x44\xd1\x65\x2c\xf2\xfc\x54\xe4\xef\x38\x7b\
\xf2\x0f\x7b\x00\xe3\x94\x1b\xee\x1f\x13\x19\x83\x9f\xf6\xd4\xf4\
\x70\x4c\x97\xc6\xbe\x6c\x2a\xf7\x40\x43\xa6\x3c\xc9\x75\x1b\x3b\
\x6b\x2b\xbd\x36\x62\x79\x11\x27\xcd\x51\xa1\x60\xf7\x1f\x96\xa6\
\x9d\x47\xd7\x5b\xcb\x16\x34\x1e\xdd\x33\x35\x7c\xe2\xb5\xf7\x8c\
\x0c\xcc\x86\x77\x22\xad\x3a\xa5\xa8\x09\x10\x81\x0f\x19\x91\xbf\
\xe5\x96\x93\xbe\xb3\x89\xf1\xbd\xa5\x0b\x39\xe9\xfa\x07\xcd\x76\
\x61\xec\x43\xd5\xf4\xad\x69\x15\x1a\x0c\x2b\x05\xab\x8b\x11\x58\
\xe9\x2a\x30\x24\xe7\x2c\x03\xdf\x0d\x60\x84\x56\x80\x71\xce\xab\
\x30\x52\xac\x82\x11\xa9\xd0\x59\xdb\x99\x3b\xed\xc7\x67\xcf\x9f\
\xb3\xa5\xdf\x23\x9f\xbb\xdc\x1a\xad\x77\x54\x1c\x7f\x87\x99\xb6\
\xd9\xd5\xab\xff\x94\x65\x9d\x67\x0a\x1d\xdd\xdb\x18\xec\x8b\xcb\
\xba\x35\xaa\x4a\xa9\x81\xc9\x97\x71\xc7\x27\x0d\x8a\x7a\x9a\x2f\
\xe3\xd6\x26\xc0\x78\xe1\xf2\xa3\xc6\x0d\xa6\x1d\x2f\x58\x61\x7b\
\x0d\x66\x12\x20\x8d\xa8\x04\x86\xa0\x52\x2a\x23\x30\xda\xa1\x0a\
\x9e\x7e\x7b\x45\xeb\x1a\x4f\xfb\x9b\xa8\x1d\x3e\xe7\xd2\xe6\x87\
\x7b\x14\x06\x4d\x9b\x7a\xda\xef\xea\xeb\x1a\x9a\x5b\x5a\x5a\x62\
\xa6\xab\x8f\x48\x05\xd9\x9a\x67\x8f\x9f\x3f\x76\xd1\x6e\x4e\x62\
\x84\x94\x16\x8b\x8e\xfb\x95\xe6\xe6\xe6\x4d\xca\x0d\xb6\xf6\x7b\
\x7a\x5f\xff\xa9\x03\x03\xbf\xf0\xb8\x1b\x9f\xf9\x89\xab\xeb\x7f\
\xe5\x9c\xfb\x55\x82\xef\x7e\xcb\x49\xdf\xe9\xd1\x3f\x7a\xe2\xcc\
\x99\xba\x0d\xe3\x0f\x73\x84\x3d\xbb\x04\x49\x5b\x60\x29\x2a\x46\
\xcb\xd1\xa5\x1e\x7a\x71\xab\xae\x30\x92\x79\x4a\x98\x2a\x12\x05\
\xbe\x24\x37\xb0\xd0\x75\x22\x38\x24\xc1\xf9\xc0\x70\x57\xec\x75\
\xdd\xe4\xdf\xf4\x00\x1c\xd6\x68\xf3\x44\x66\xba\x56\x35\xf4\xcc\
\x0e\x1f\x49\x26\x35\x30\x08\x40\x32\xec\x98\x31\xeb\xe4\xbd\x7b\
\xc4\x31\x26\x5d\xff\x60\xbd\x6a\xa7\x7e\xe1\xb8\x61\x57\x8a\x25\
\xee\xbb\x66\xea\x9e\x9b\x2d\x7c\xea\x3e\x81\x13\x30\xa3\x36\x55\
\xdf\x1c\xa8\x99\x7d\xf3\xcc\xd6\xb1\xb1\x7c\x8a\x04\x80\x89\x7d\
\x38\xfe\xa1\x7c\x3d\x7c\x2d\x7a\x15\x1a\xbc\xe5\x60\x29\x64\xc6\
\x7a\xd7\x98\x76\x78\xe3\xcd\xa5\xee\xf7\xc0\x75\x7f\xf5\x7f\x0f\
\xb2\x13\x29\xbd\x9e\x68\xc9\xf1\x11\x18\xe3\x80\x87\xc3\x52\x34\
\x3f\xd4\xe4\xde\x70\x95\x90\x51\xa5\x80\x66\x68\x62\xf0\x03\xe3\
\xcf\xb8\xf3\x98\xde\x0b\xf8\xee\x79\x3f\x3d\xab\x3a\x6c\xbd\x58\
\xb7\x91\x46\x33\x94\x51\x7a\xec\x72\xa4\x44\x4a\x0c\x0c\xe4\x8a\
\x32\x0c\x28\x71\x01\x1d\x8a\xcd\x3a\x52\xc3\x86\x7f\x73\xfa\x82\
\x1e\x36\xc6\x7f\x2e\xff\xcd\x38\xdb\x5b\xf7\x62\x52\x38\xd5\x68\
\x9f\x30\xea\x4b\xea\xb9\x38\xd3\x40\x85\xc0\x4c\x41\x0b\x4b\xc3\
\xb3\xef\xae\x7e\x6b\x75\x49\xb9\x5f\xad\x1d\x75\xfb\x25\xcd\x0b\
\x7b\xe4\x26\x9d\x71\xda\x69\xc7\xd5\xd5\xd7\x35\xad\x5d\xbb\x56\
\xf6\xca\xc3\x46\x2f\x96\x65\x6d\x68\x2a\x89\x76\x20\xd6\x7f\x57\
\x62\x1c\xe8\x34\x91\x81\xc0\x5e\x4d\x29\x2b\xd7\x55\x38\xaa\xba\
\x83\xa3\x42\xae\x50\x79\xf7\xa3\xb0\xe8\xb8\xfe\x7f\x2f\x30\x4e\
\x9f\xfd\xdc\xde\x6d\x0c\x1e\x13\x8a\x4e\x74\x4a\xef\xcc\x82\x77\
\xd6\x35\x27\xee\xbb\xa6\xfb\x22\x4f\xb9\xfa\x9e\x1a\xbd\x66\xf8\
\x1d\x2e\x49\xff\xa8\xc3\x65\xaa\x62\x27\xc1\x73\x7d\x48\x60\x57\
\x21\x74\xd5\x12\x0d\x42\x1a\x41\x84\x04\x0b\x86\x2a\x9b\x38\xa2\
\xc8\xaf\x52\xe1\x3f\x7e\xe7\x8a\xa3\x6f\x98\x7a\xc8\x26\xbe\xec\
\x93\x6e\xfa\xd7\x17\x22\xbd\xfa\x31\x47\xa8\x43\xc0\x4a\x80\xe3\
\xb9\x50\x9d\x4c\x82\x51\x68\x99\xd9\x74\xf2\x77\x7b\x44\xbe\x27\
\xcf\x7c\x78\x48\x94\x18\x71\x45\x29\x10\x7b\x69\x24\x5a\x96\x81\
\xe2\x72\x70\xd7\xdc\x7c\xcd\xa4\x5f\x6f\xe2\x0d\xea\x3e\xee\x89\
\xd7\xde\x3f\x32\xb0\x6b\x8f\x54\xab\x47\x9d\x54\x28\x05\x43\x2d\
\xea\xca\xb1\xa1\xad\x51\xeb\x7d\x00\x5f\x2e\x2e\xf2\x46\x19\x79\
\xb7\x14\xe9\x93\x0e\x3c\x6b\xe6\x26\x19\xb9\x1f\x5c\x79\xc8\x79\
\xd5\xb4\xe3\x10\x20\x6a\x86\x2b\x66\x9a\x29\x46\x02\x44\x64\x99\
\xd4\x55\x91\x28\x02\x7b\xe2\xe9\x56\x12\x3a\x42\xfd\xf9\xbc\x39\
\xfc\xc0\xaf\x9c\x75\x67\x57\xf7\xef\x7f\xeb\xfc\x9f\xff\x76\x8c\
\x59\xba\xbc\x58\x5c\x33\x44\x51\x19\xe8\x96\x0e\x9e\x1b\x82\xae\
\xd8\x60\x80\x02\xd8\x55\x23\x08\x3d\xc0\xa2\xb1\x20\x33\x88\x2f\
\x8d\xcc\x4d\x24\xc6\x7f\x2e\xff\xf9\xb8\x6c\xd4\xf9\xb2\x16\x96\
\xb2\xa8\xbb\xe3\x86\x16\x3c\x8c\x73\xd5\x14\x05\xf2\x21\x01\x96\
\x1d\x06\x8f\xbc\xb6\xe4\xcd\x76\x9e\xbc\xcd\x51\x6b\x17\x5c\x7d\
\xf7\x3f\x57\x75\x1f\xc7\xe4\x53\x4e\x3a\xa7\xa1\x61\xd0\x85\x08\
\x88\x4a\x8f\x3c\xa4\xcf\xc1\x97\xcc\x9d\x32\x0c\x69\x17\x48\x35\
\x65\x63\x90\x0e\x7b\x7f\x2b\xc5\x62\x51\xe6\xd1\xa1\x94\x89\x5b\
\x2b\xeb\xd2\xa1\x52\x91\x3c\xbd\x8d\xee\xee\xc0\x28\x14\x9d\x5d\
\xe6\xcf\x9f\xdf\xa7\x8d\x29\x3f\x13\x55\x0a\xbf\x64\xea\x8c\x87\
\x77\x75\xcd\xea\x7f\xe5\x43\xa8\x4f\x5a\xa9\x0e\x96\x5b\xff\xd3\
\x79\xa7\xed\xbb\x09\xdd\xc9\xf4\xab\xef\xda\x4d\x6f\x18\x7d\x74\
\x9b\xab\xfc\x2a\x32\xd2\x35\x11\x46\xbd\xc3\x08\xc2\xc0\x83\x54\
\x32\x03\x58\xbe\x17\x62\x8c\x00\xcf\x7e\xe1\x07\x19\x8d\x3f\xc7\
\xba\x56\x5e\x71\xfd\xd4\xc3\x7b\x18\x82\xf8\x9d\xc7\x5e\xf9\x8f\
\x51\x22\x3b\xfc\x4c\xaa\x26\x4e\x70\xa2\x10\x14\x13\x59\xf2\x90\
\x92\x80\x41\xba\xd4\x32\x73\xce\xe4\xfd\x7a\x00\x63\xd2\xdc\x07\
\xeb\x43\x63\xc4\xdc\x3c\xd3\x7f\x82\x05\x51\x46\x50\x0c\x06\xa7\
\xcd\x37\xc3\x42\xc7\xab\x0a\x73\xfe\x92\x69\x4f\x3d\xd5\xd8\xb8\
\xcf\x66\x8b\x0b\x26\xcf\xfb\x5b\x55\x7b\x50\xf7\x63\xbb\xaa\xe1\
\xac\xa0\x50\xfc\x32\x89\x7c\xb0\x74\x15\x06\x87\x2b\x61\xc7\xae\
\xe7\xbc\x91\x49\x7a\xe7\x1a\x4f\x3f\xe7\x37\xe7\x5c\xd7\x43\xa2\
\x3d\x73\xe9\xc4\x91\xe3\x94\xe5\x7f\x49\x04\xed\xbb\x05\x14\x89\
\x7d\x90\x5a\x10\x4d\x16\xec\xc2\xc4\x64\x3a\x86\x21\x39\x70\x01\
\x74\x33\xd1\x5e\x30\x1a\xce\x1f\xf9\x87\x7b\x6f\xee\xbe\x21\xdf\
\xbc\xe0\xb0\x9d\x47\x28\x5d\x53\x95\xb0\x63\x62\xe4\xe7\xc1\xb0\
\x4c\x00\xc5\x00\x2f\xd2\x40\x47\x22\x69\x1a\x67\xb8\x12\xdb\x86\
\x0e\x61\xb3\xd5\x6e\x7a\xc4\xde\x17\xf7\xac\x05\xff\x77\xe3\x81\
\x63\x1b\xac\xe0\xe9\xa4\x4e\x86\x3a\x3e\x25\xd8\xac\x92\x46\x48\
\xc0\xa6\x41\x14\xfa\x10\x12\x0d\xf2\x90\x84\x87\x16\xbd\xf5\x2a\
\xcb\x0c\x9b\xdd\xa6\xd7\xfe\xf5\xca\xf9\xff\xec\xe1\x59\x9c\x3a\
\x65\x4a\x93\x65\x5a\xc7\x55\x5a\x82\x61\x80\x0f\x01\x81\xef\x08\
\x10\xdc\xe8\xb8\xf9\xb1\x79\x7d\x14\x45\x6f\xa9\xaa\xf6\x1c\xa5\
\x61\x1b\xe1\x7c\x44\x22\x99\x38\x9c\x52\x9a\x41\xe0\x20\x28\x10\
\x08\x52\x63\x28\x83\xa9\xe2\xf6\xed\x2e\x31\xf0\x1a\x2f\x0c\x8a\
\xff\xd5\xc0\x98\x7e\xc3\x7d\x43\x79\xfd\xc8\x59\xeb\x4b\xec\x00\
\xa2\x58\x90\x54\xc4\x55\xd0\xb6\xf6\xf2\x19\xd3\xf6\xeb\x31\xb9\
\xb8\xe0\xe7\xcf\xbc\x67\x64\x51\xa9\x3e\xd0\xd3\xab\xf6\x0c\xc0\
\xda\xc3\x36\xad\x1d\x4a\xf9\x82\x92\xb0\x4d\x88\x7c\x0f\x4f\x62\
\x2f\x9b\x4c\xbe\xc9\x68\xe1\x5f\x56\x98\x7f\xfc\xca\x13\x0f\xda\
\x84\x0d\xe3\x98\xcb\xe6\xa4\xad\xfa\xdd\x7f\xef\x28\x99\x4b\xbc\
\x88\xa6\x42\xc9\x08\x88\x93\x2e\x40\x8b\x22\xc8\x06\xed\x33\x67\
\x9c\xdc\xb3\x82\x6f\xfa\x9c\xfb\xd2\x79\x7b\xe7\xdb\x5a\x1c\xfa\
\x33\xd3\x4a\x82\x89\xea\x04\x8b\x50\x5d\xe3\xa6\x0a\xaf\xba\x4e\
\xd7\x43\x91\xdb\x79\x6f\xf3\xd4\x9f\x6d\x36\xef\x1f\xdd\xb7\x23\
\xc5\xd8\x83\x0c\x2b\x79\xd5\xba\x55\x6b\xc6\x56\x6b\x2a\x34\xd0\
\xb5\xf0\xc5\xf0\x3f\xed\x16\x71\x8e\xdb\x6f\xca\xb5\x7f\xdf\x44\
\x0d\xba\xf4\xd7\x53\x07\xf1\xd5\xe7\xea\x61\xa1\xca\x8f\x30\x66\
\xa3\x48\xc9\x88\x3d\x6f\xd1\x1b\x84\xe0\xc0\xa8\x8e\x2c\x98\xe2\
\x00\x25\xbd\xfa\xa9\x11\xe7\x3e\xf4\xfd\x1e\xaa\x18\x00\xf9\xe0\
\x8f\xdf\x9b\xd0\x60\x78\x4d\xac\xd4\x01\xba\x69\x00\x31\xd3\xd0\
\xe9\xab\x90\xac\xaa\xcb\x29\x8a\xb2\xcc\x0f\xfd\x15\x6e\x10\xe6\
\x4b\x7a\xba\x63\x45\x38\xf8\xdc\x83\x1a\x9b\x62\x3e\xd4\xf2\x6b\
\xd1\xd5\x53\x6c\xd3\x5d\x71\xbc\xae\x42\x5a\x68\x96\xaa\x69\x8a\
\x88\x7c\x97\x9b\x10\x2a\x86\xf0\xea\xd3\xd9\xaa\x6f\xad\x68\xcd\
\x7d\xe3\x5f\x2f\xbc\xf9\xa2\x5e\x3b\x76\x96\x13\x8d\x9a\xdf\xb8\
\x60\x63\x5d\x38\xde\xe6\x8c\x29\x53\x1f\x4a\x24\x93\xfb\xe7\x72\
\x39\x09\x80\x8a\x2a\x85\xa0\x2c\x16\x8b\xef\x18\xa6\xb9\x28\x0c\
\xc2\xf5\x94\x86\x79\xce\xd8\x07\x66\x22\xf1\x16\xe7\x1c\xc7\x37\
\x48\x44\xc1\x84\x64\x32\x75\x24\xe7\xbc\xae\xbb\x94\x88\x99\x29\
\x7b\x46\xd0\x2b\xd2\x43\x02\x23\x0a\x8b\x7e\x57\xfe\xcb\x73\xee\
\xbc\xb3\x4f\x33\x6b\x3f\x33\x89\x81\x11\x5d\x77\xa7\x03\x7e\xbf\
\xba\xa8\xcc\xf5\xb9\x06\xd5\x89\x44\x47\x32\xc8\x5d\x50\x13\x39\
\x73\x1a\x4f\xde\xa7\x87\xce\x5d\x59\x2c\x0c\x0e\xb2\x54\xed\x0f\
\xa9\x4f\xf7\xb7\x13\x66\x82\x7a\xae\xca\x69\xc4\x6b\xeb\xaa\x5b\
\x3b\x3b\xd7\xfd\xf5\x86\x53\x0f\xed\x91\x8a\xdd\x43\x2d\x9b\xfd\
\xcc\x41\x45\xa8\x39\xbf\x33\x54\xbe\x61\x98\xa6\xcc\xa5\x62\xe8\
\xb1\xa1\x01\xa4\x2d\x03\xcc\xfc\xea\x5b\x9a\x4e\xdd\xaf\x57\x3d\
\xc6\x13\xda\xfa\xd1\x75\xf3\x73\x4c\xff\x15\x10\x05\x42\xa7\x4b\
\xaa\x14\x18\x07\x20\x1a\x66\xf8\x6a\x41\xd6\x54\x16\x3a\x2d\xef\
\xdf\x50\x95\xeb\x78\xed\xe6\xc6\xc3\x37\x19\x37\x1a\xe5\x4a\xc6\
\xfa\x65\xda\x4a\xdf\x4c\x5b\xd7\x27\x61\xfd\x3b\xff\xd9\xa3\x36\
\x58\xe5\x45\xb9\xd3\x7f\x73\xe6\x35\x3d\xaa\x0a\xb1\xce\x7a\x84\
\xbf\xfe\xe1\x84\x52\xd8\x13\x55\x26\x74\xad\xa2\x07\x09\xe3\x10\
\x98\x25\x8b\x75\xdb\x32\x4e\x13\xf9\x60\x63\xf4\x3f\x08\x41\xd8\
\xb5\xeb\xd7\x98\x55\xdf\xf8\xfa\x1f\xee\xee\x91\x80\xf9\xe6\x79\
\xfb\xef\x3b\x84\x74\x35\xd5\x18\x7c\x6c\x67\x7b\x07\xd8\xb5\xc3\
\xd8\x3a\x9a\x78\xd2\xb7\x32\x8f\x12\xcd\x7c\x35\x8c\x60\x59\x60\
\x06\x9d\x41\xa1\xad\xb0\x4f\xe3\x93\x5b\xd5\x5c\xe5\x9e\xc6\xc3\
\x8c\xac\x93\xff\x9f\xea\xfa\xba\x85\x4f\xbd\xfc\xc6\x73\xa1\x96\
\x9e\x71\xce\x5d\x2f\xde\xde\x1b\xe4\x27\x9e\x78\xe2\xad\xe9\x74\
\x7a\x17\x4a\x69\x28\x84\x68\x11\x42\x74\x74\x76\x76\xfa\x8a\xa2\
\x38\xd5\xd5\xd5\x6f\xe4\x72\xb9\x67\xe6\xcd\x9b\xd7\x43\xfd\xaa\
\xdc\x63\xc2\x84\x09\x63\x6a\xb3\x99\x66\x42\xc8\xde\xa8\x4a\x55\
\xec\x8a\x44\x22\x21\x6b\x3a\xba\x07\x0a\x2b\x1e\x2f\xfc\xcc\x8f\
\xc2\x92\xd7\x15\xee\x32\xe7\xce\xbe\x4d\x39\xff\xcc\x80\x81\x5f\
\x74\xd2\x4d\x8f\xee\x5e\xb2\x1a\x5e\x8a\xb0\xf5\x58\x44\xa1\x41\
\xe5\x4b\x88\x9f\xbb\xac\xb6\x65\xf5\xed\x8d\x8d\x87\x6f\x60\xa5\
\xe8\x3d\xe1\x5b\xfb\xf3\x09\x57\x3f\xfc\xcd\x4c\xfd\xf0\xc6\x96\
\x12\xff\x31\xc1\x26\x36\x81\x0f\xa6\x65\x48\x15\x0c\xcf\x64\xac\
\x0e\x50\x8b\x6b\x67\xdc\x3a\xf5\x80\x1e\xc6\x37\x7e\xcf\x29\xb7\
\xbe\x33\xbf\xc5\x89\x7e\x8b\x75\x14\xe9\x84\x2a\x4f\x3d\xa6\x25\
\xc0\xc3\xda\x0f\x35\x01\xa1\x57\x82\x91\xd5\xc6\x7b\x6e\xcb\x87\
\x57\xd5\xf0\xdc\xbd\xd7\x4e\x39\x64\x93\x6a\xbb\xc6\x7b\x9e\xd8\
\xb1\x6d\x4d\xee\x8f\xc3\x0c\xf6\xfb\xaa\xb0\x0d\x6a\x82\x75\x27\
\xe5\x7d\xe5\xd6\xe3\x1b\x1b\x7b\x9c\xd2\x6f\x5d\x70\xc8\xa1\xc3\
\x75\x67\x8e\xeb\x74\x56\x61\x36\xab\x26\x90\x7d\x8a\x02\xba\x4b\
\x31\xee\xe0\xa9\x71\x6b\x31\xd9\x1a\x99\x28\x80\x29\x35\xc2\x48\
\x79\x2b\x0b\xe1\x59\xbb\x5e\xf6\x58\x0f\xf2\x08\xcc\xaf\xaa\x2a\
\x2e\x9d\x30\xcc\x22\x97\xe9\xba\x09\x5d\xd4\xb8\xa7\xc3\x18\x74\
\xe1\x57\xce\x5b\xd0\x27\x55\x6d\x0b\x4f\x3f\xa8\xae\x6a\x50\x4d\
\xdb\xc2\x87\xff\xf5\x74\xb2\x61\xe4\xcd\xe7\xdf\xfd\xc2\x26\x9c\
\x52\x27\x9c\x70\x02\x4a\x32\x85\x73\x8e\xe9\x3e\x2b\xb7\x36\x0d\
\xfc\x84\x63\x8f\xbd\x2f\x91\x4c\xfc\x14\xd5\xa7\x8a\x81\x8e\xe4\
\xd9\x78\x38\x6d\x0e\x18\x08\x10\x3f\x0c\x8b\xb9\x42\xf1\xbf\xd7\
\xc6\xc0\x4d\x37\x71\xe6\xc3\x43\x02\x7d\xf8\xfb\x39\xa6\x27\x4c\
\xdd\x82\x8c\x08\xc1\x26\x7c\x95\x1f\x7a\x57\x0c\x5b\xdb\x75\xcb\
\x47\xe9\xef\x5b\x03\x8c\x09\x57\xfd\xeb\x5b\xd5\xb5\x83\xaf\x5e\
\xdf\x59\xfc\x76\x22\x9d\x81\x52\xe0\x41\xc8\x99\x4c\x19\x09\xc3\
\x08\x92\xc9\x24\x84\xbe\x0f\xb6\x70\xe6\xcc\x9c\xb8\xe7\x84\xde\
\xf7\x9e\x38\xf7\xf5\xe6\x10\xac\xdf\x97\x3c\x1f\x92\x98\x99\xca\
\xb9\xac\xdd\x36\x32\x35\xe0\x51\x80\x28\x0a\xc0\x84\x10\x12\x2a\
\xef\x04\x37\xb7\xc0\x30\xd9\x1f\x9a\x8e\xff\x51\x8f\x3a\x80\x0b\
\x6f\x7d\x6c\x58\x21\x97\x3b\x26\xed\xae\x3d\x7b\x87\x2a\x62\xf9\
\x6b\x17\x7f\xff\x98\x0b\x6e\xe8\x21\xdd\x16\x36\x4e\x4c\xec\x44\
\x96\xbe\x5d\x4b\xbc\x31\xa1\x64\x34\x07\x30\x30\xf6\x20\xd0\x55\
\xea\xc7\x7d\xc3\x51\x4a\x20\x20\x14\x15\xa2\x80\x82\xe0\x06\x24\
\x92\x59\x08\x09\x5f\xb6\x98\x1a\xbb\xed\xd9\xf8\x48\x67\xf7\xf1\
\x2f\x69\xfc\x9f\xbd\x33\x41\xe7\x53\x0a\xa8\x50\x10\xd9\xdd\x76\
\xbc\xf4\x9f\x7d\xc6\x9a\x71\xeb\xc9\xfb\xd6\x8e\x1d\x3b\xb2\xfd\
\x91\x7f\x3d\xf1\x94\x99\x1d\x7c\xfd\xb9\x7f\x7e\xe1\x6f\x7d\x99\
\xcd\x7a\xd2\x49\x27\xa5\x74\x02\x0b\x6c\xdb\xde\x1f\x41\x81\xea\
\x17\xbe\x63\xcd\x38\x4a\x90\x8f\x04\x46\x14\x76\xe5\xf2\xc5\xaf\
\xfe\xd7\x1a\xdf\xb8\x80\xc7\x5c\x76\x5f\x5a\x1f\xfa\x85\x27\x4a\
\x4a\xe2\x1b\x25\xc7\x83\x04\x0b\x40\xc7\x74\x69\x4d\x2f\x92\xb0\
\xf3\x81\xb1\x4a\xdb\x84\xc6\xe3\x0f\xea\x71\xaa\x6e\x29\x28\x30\
\x17\xaa\x63\x88\x7a\x1c\xd3\xaa\xa6\xd3\x88\x8c\xd6\x0c\x1d\x4a\
\xa5\x22\x18\xb6\x11\xf7\xe0\xa6\xc8\x72\x8e\xfc\x4d\xd8\xee\x4b\
\x40\x5a\xe5\x7f\x2e\x75\xb5\x1d\x3b\x7f\xda\x7e\x1b\x22\xe4\x27\
\xdf\xf8\x68\xad\x67\xd7\xcc\xa0\xc2\xfc\x05\x1a\x80\x0e\x36\xbf\
\xc9\xa4\x80\x72\x02\x5d\x8e\x03\x89\x4c\xb5\x64\x11\x97\x8c\xed\
\x68\x1c\x47\x41\xa0\xd3\x62\x6b\x8d\xea\xec\x73\xc5\xf1\x07\x6c\
\x20\x74\xf8\xc3\xcc\x7f\x7d\x19\x9c\x8e\xf3\x47\x44\x6b\x7e\x5c\
\x4f\xda\x12\x9a\xd7\x7a\x68\x8d\xf8\x70\x61\x77\x15\xe6\xc5\x0b\
\x0e\x1a\x33\x52\x2d\xbd\xa3\x79\x5d\x36\xd3\xb0\x56\x05\x03\x72\
\x58\x75\x87\xcd\xe7\xb1\xe1\xbb\x28\xf7\x0f\x91\xb4\xd8\x52\xcd\
\xe2\x1c\x59\x3f\x14\xd0\x0d\x05\x3a\xc0\x38\xbc\x73\xcd\xce\x7f\
\xdf\xad\xcc\x3b\xf5\xca\xc4\x89\x7a\x66\xf0\xe2\x5f\xd4\x2b\xf4\
\x4e\x2c\xa9\x2d\xaa\xa9\x43\x96\x34\x7c\xf1\xa1\x8f\x4b\x27\xd9\
\xd2\xb9\xc5\xeb\x1e\x6d\xfc\xe5\x4e\xaa\xa1\x2c\x7e\xf4\xa9\x45\
\xcf\x1a\x75\xc3\x67\x3b\x45\xf8\xeb\xe5\xf7\x3f\xd7\x27\x3d\xb5\
\x27\x4e\x9c\xa8\x13\x1a\xfd\xb9\xba\xa6\xe6\x40\xec\x97\x53\xf1\
\x5c\xa1\x6d\x81\xa0\xd8\x9c\x8d\x21\x99\x0e\x85\x80\x80\x46\x6b\
\xdd\xce\x60\x8f\xd9\x77\xcc\x5e\xbd\x35\xcf\xb3\x25\xd7\x7e\x26\
\x71\x0c\x1c\x08\x1a\xa7\x99\xd2\x0e\x57\x95\x44\xe6\x34\x8c\x60\
\x1b\xcc\x97\x0c\x17\x98\x24\xa8\x29\x0c\x37\xd9\x1b\x06\x2b\xfd\
\xcb\xe2\xd1\xdd\xd9\xf6\xf4\xe2\x2d\x91\x20\x53\x66\x3f\x5c\xa3\
\x28\x99\xfd\x7c\xb0\x26\x04\xdc\xd8\x95\x0a\x22\xcb\x68\x2b\xa9\
\x08\xb2\xb9\x22\x06\x0a\xe4\x44\xc6\x8f\x2a\x9b\xda\x28\xa4\x15\
\x42\xef\x1a\x3b\x58\x7b\x0d\x66\xcd\x4e\x9c\xb9\x30\xe1\x84\x55\
\x67\x67\x6b\x07\x4d\x68\xef\xca\x0f\x42\xc9\x82\x8b\x22\x6b\xa5\
\xd5\xf4\xe4\x65\x8b\x00\x00\x12\x9e\x49\x44\x41\x54\x8d\xbd\xac\
\x2b\x9d\x94\x2a\xcd\x67\xb0\x17\x76\xb5\xc1\x5f\x53\x20\xbc\x59\
\x25\xda\xcb\x0a\x51\x76\x8c\x22\x76\xb4\x5d\x58\xb5\xf7\x58\xf7\
\x9d\xdc\x68\xb1\x72\xe4\x48\xdb\x5d\x49\x82\xe2\x1f\x3d\x42\x1e\
\x70\x7d\xce\x92\x86\xf2\xdd\x04\x0f\x2e\x4e\xb2\xe2\x57\x54\x86\
\x24\x0e\x71\x4a\x4b\xa5\xff\xb9\x6c\x4c\x53\x6e\x7c\x83\x69\x30\
\x71\x37\x5b\x8c\x2a\x94\x7d\xfe\xd8\xbb\x02\xb4\x15\x1e\x98\x13\
\xc7\x7c\xa9\xf6\xb1\xf7\x9f\x29\x69\x4a\xb5\xf3\x8b\x24\x77\xce\
\xd7\x21\x1a\x87\xe0\xf7\xc0\x78\xaf\xa0\xa6\xa6\xbd\xf5\xc5\x9a\
\x87\x0e\x3f\x7c\xc1\x86\x12\x5f\x9c\x8a\xf7\x6f\x98\x64\x74\x14\
\xdb\xab\x12\xcc\x6d\x48\x98\x6a\x9d\x00\x9a\xd6\x75\x4d\x25\xba\
\xa2\x05\x54\x68\x5c\xb3\xd4\xc0\x0f\x4d\xc3\xb6\x54\xd7\x71\x12\
\xc0\xf9\xe8\x88\x8b\xfd\x42\x30\xc7\x3f\xfb\xef\xf7\x5e\xe9\x08\
\x8c\xa5\xcc\x1e\x7c\xc3\xb5\x77\x3d\xf0\xfc\x96\x6c\xb0\xcd\x5d\
\x73\xca\x29\xa7\x8c\x01\x60\xdf\x66\x8c\x7e\x37\x65\x25\xc7\x03\
\xc0\xde\x1f\xd7\x81\xa6\xe2\x8d\xaa\x24\x26\xe2\x3d\xf1\xf0\xf2\
\xa3\x70\xb1\xe3\xfa\xfb\x34\x35\x35\xf5\x09\xe3\x62\xf7\xb1\x7e\
\x66\xc0\xc0\x2f\x3d\xf6\x96\xe7\x76\x51\xab\x87\x2f\xca\x95\xbc\
\xb4\x16\xf9\xb2\x2f\x86\x99\xad\x96\xee\xbc\xb4\x6d\x00\xa1\x7e\
\xde\x56\x61\x29\xf3\x0a\x2b\xb3\x49\x7d\x7d\x29\x9f\x5b\x6f\xea\
\x4a\x5b\x2a\x69\xb6\x46\x3e\xf5\x14\xa2\x24\x7d\xc1\xab\x83\x20\
\xaa\x49\xa4\xd2\xa3\xfc\x88\xec\xec\x91\xec\xb8\x10\xb4\x11\x28\
\x6e\x11\x04\xbd\xf3\x73\xba\x47\x4e\x25\xf3\x47\xd9\x8d\xc8\x39\
\x5f\xcf\xa2\xe0\x19\x2b\x61\x74\x75\xe5\x72\xd9\xea\x6c\xd5\x5e\
\x4c\x88\xe1\x68\x57\x68\x46\x9c\x96\x82\x01\xc5\x8d\xf7\xab\xf4\
\x37\xda\xd8\xe7\x08\x01\x92\xb4\xb0\x56\x8f\xb7\x11\x45\xcf\x6b\
\x20\x92\x6a\xe4\xd6\xd6\x3a\xcb\x8c\x5d\x9c\x97\x61\x47\xf6\x21\
\x0c\x26\x5d\xa0\x31\x77\x5d\x40\x8c\xc5\xa8\x99\x69\x04\x46\x2b\
\x82\xee\x44\x58\x04\x84\x95\x73\xc1\xca\x7d\x93\x3e\x6a\x31\xe2\
\x7c\x31\x94\x76\x71\x43\x48\x7c\x51\xc1\x5f\xe6\x9c\x2f\x55\x08\
\x51\x08\x11\x5f\xd4\x80\x7d\x05\xdd\xd9\xf8\xc2\xb6\x64\x01\x31\
\xde\x08\x54\xeb\x2d\x27\xd2\x4b\x56\xaa\x5a\x75\x5c\x2f\x51\x95\
\x49\x24\xdc\xce\x56\xa3\x3a\xa5\x25\x33\x2a\xcb\xaa\x44\xa4\x35\
\x43\x35\xbd\x30\x22\xd8\x01\x90\x52\x41\x98\x20\xaa\x91\x4e\x27\
\x72\xae\x97\xb4\xd3\x75\xd0\xee\x44\x94\x9b\x59\xd6\xe6\x2b\x4f\
\x3d\xfa\xc2\xbf\x87\x78\x7a\x95\xe0\xc9\xda\xe7\x1c\xae\xcd\x6b\
\x9a\x77\x7b\x8f\x82\xb3\xde\x20\x38\xf2\xc8\x23\x93\x9a\xa6\xed\
\x92\x48\x58\xe3\x55\x55\x1d\x44\x08\x19\x42\x69\x54\x65\xdb\x76\
\x83\xaa\xaa\x3b\xe9\x9a\x3e\x36\x70\xbd\x4f\x6c\xe2\xf7\x31\xc0\
\x78\x29\xc8\x15\x0e\xbe\xb9\xb9\x67\xa9\xee\xb6\x02\xf6\x73\x03\
\x06\xaa\x3c\x2b\x46\xd4\xac\x29\xfa\xbc\xa1\x2a\x69\x42\x18\x71\
\x70\x18\x36\x52\x27\x90\x42\x02\x60\xbf\x24\x13\x07\xb3\x09\x4b\
\x46\xbc\x6b\xaa\xd3\x61\x14\x06\x8e\xa5\x1b\x0e\xb6\x54\x61\x82\
\x1b\x86\x69\xd9\x85\xa2\x93\x68\xef\xca\x99\x36\x36\x8c\x41\x77\
\x7f\x39\xb3\xa5\x37\x28\xba\x4f\x68\xc5\x37\x8e\x9f\x55\x0a\xf4\
\xb1\xde\x00\xa5\x02\x4a\x08\x34\xf4\xc2\x28\x26\x22\x46\xd2\x32\
\xbc\x1e\x49\x3e\xe4\x3d\x64\x01\x21\x6e\x4a\xcc\x77\x2f\xbf\x97\
\x67\x11\xdb\x60\x20\x9b\x88\x49\xa8\x6c\x3c\x89\x92\x70\x78\xf0\
\x01\xec\xe6\x2c\x92\xfc\x51\x19\x9a\x07\x83\x50\xe0\x2a\x86\xda\
\xb0\xd2\x8e\xc9\x3a\x07\xe9\x5d\x41\x5f\x17\xe6\x36\x55\xee\x25\
\xdf\x37\xb6\x3b\x93\xff\x5d\x66\xeb\x90\x4f\x59\x0e\x8c\xa1\x44\
\xc1\xa1\x20\x83\x07\xc3\x8e\x3b\x32\x4d\x3f\x6e\x9d\x2c\x1b\xad\
\xca\xfe\x7c\x71\xb7\x29\xe9\x02\xd6\x31\x03\xd9\x03\x45\xc5\x22\
\xa4\x08\x88\xcc\x85\x62\x52\x8f\x0f\x42\x02\x56\x22\x2d\xa5\x2a\
\x32\xc2\x27\xd3\x19\x49\x4f\xa4\xa5\x6b\xd6\xba\x24\xf1\x6c\x7b\
\xa0\xbd\xd7\x11\x28\xcb\xd7\xfb\xea\xf2\x77\x57\xb4\x5d\x96\xa3\
\xea\x30\xab\x6a\x30\x2d\x05\xf0\x82\x00\xfe\xb2\x10\xa1\x20\x22\
\x22\x86\x65\x11\x16\x45\x04\x8d\xe7\x90\x52\x0c\xf2\x69\xd9\x6c\
\xb6\x2a\x95\x4a\xed\x6a\x1a\xc6\x57\x39\xe7\x0d\xc8\x65\x8b\x07\
\x13\xc6\x34\x2a\x87\xd4\x96\x14\x2a\xf5\x06\x46\x65\x0d\xbd\x20\
\x78\x34\x5f\x2c\xfd\x66\xde\xbc\x79\xdb\xcd\xea\xde\x1b\x4c\x9f\
\xa9\xc4\x40\x7d\xe6\x98\x5b\x16\xbd\xab\x26\x6b\x76\x0e\x3d\x17\
\x18\xd1\xc1\x65\x3a\x98\x76\x3a\x26\x3e\x90\x3d\xeb\x38\xe0\x69\
\x8a\x3f\x5b\x3a\x36\x7b\x89\x0d\x31\x19\x28\xf2\x7d\xb9\x69\x93\
\xa9\x0c\x50\x1e\x4b\x07\x51\xee\x7b\xbd\xa1\x1f\x5e\xa5\x2f\x1e\
\x36\x92\x47\xca\x7f\x8e\x04\x0c\x98\x39\x42\x64\xee\x4f\xe5\x67\
\x22\x7b\xce\x71\xd9\x72\x4b\xea\xab\x98\xba\x6e\x99\xd8\xf6\x05\
\x75\x57\xd0\x34\x23\xee\x0c\x54\xde\x78\x9b\x9e\x42\x98\xf1\xab\
\x82\x2f\x74\xd0\x35\x00\x93\x7b\x60\x45\x45\x48\xb0\x92\xcc\xa6\
\xfd\xa6\xf7\x2c\x8c\x0e\xde\x97\xcd\x28\x65\x6b\x00\xd9\x60\x12\
\xd5\xbc\xb8\xbd\x31\xfe\x8c\xe9\x44\x02\x9b\x41\x6e\xe0\x58\x8a\
\x21\xd2\xbb\xe9\xa4\xfc\x7d\x19\x0c\x95\xae\x7c\xe8\xc9\x42\xef\
\x95\x24\x46\x2b\xb7\x8a\xc6\x92\x41\x59\x07\x5f\x39\x28\x50\xca\
\xa8\x1a\x44\xd8\xfe\x0b\xb3\x67\x20\x02\x53\xc5\xe7\xa5\x40\x30\
\x27\x4a\x37\x81\xe8\x55\xd2\xb1\x00\x9a\xd1\x1e\x10\xed\x4d\x97\
\x2a\xab\xf2\x21\x5f\x27\xac\xda\x45\x5d\xa1\xb5\x68\xff\xc6\x39\
\xd2\xc8\xbf\x74\xca\x71\x5f\x5a\xd7\xe9\x34\x27\xab\x07\x7d\x83\
\x29\x26\x09\x58\x9c\xc9\xab\xa1\x93\x02\xe7\xb5\x2c\xad\x71\x9d\
\x2a\x2a\x0f\x1e\x3a\x95\x03\x09\x0f\x23\x3c\x74\xf2\xf9\x3c\xa0\
\x1b\x76\x83\x0d\xb1\x05\xe9\x7a\xbd\x0f\x38\x1c\x0f\xde\xcf\x09\
\xbc\x7b\x59\xae\x78\xc2\x4d\xb7\xdd\xd6\xd1\x17\x52\xe2\x73\x93\
\x18\xf8\xc5\x53\xe7\xbe\x70\x27\xd5\xd3\xbf\x6e\xef\xca\x81\x61\
\x67\x00\x30\xcd\x1c\xe9\x75\x3c\x07\x74\xac\xd9\x90\x7d\xdc\x42\
\x48\xd9\x96\x4c\x2d\x90\xac\x78\x94\xcb\x49\xc5\x93\x0f\xd5\x2e\
\xc9\x90\xa7\xa9\xe0\xfa\xe8\x8a\x45\x02\x4c\x2c\xae\x91\xfd\xb3\
\x36\xfb\x2e\xdb\x71\xa1\xc2\x53\x06\x86\xdc\x64\x72\xfb\x70\x80\
\x08\x73\x9b\x84\x8c\xb2\x4a\xea\x4f\x6c\xde\x62\xe8\xb2\x72\xcd\
\xc7\xba\xef\x0d\xc0\xe8\x49\x25\x8b\x1b\x10\x6b\x1c\x02\x6c\x60\
\xa0\x2a\x90\xe0\x45\x30\x83\x76\xc8\xf0\x2e\xd8\x89\x7d\x08\xdf\
\x76\x9f\x86\xa1\xfe\xb2\x18\x14\x48\x0c\x20\x3b\x2c\xa1\xbd\x80\
\xc1\x0a\x45\x32\x84\xa0\xd7\x09\xa9\x40\x2b\x19\xc3\x78\xea\xc7\
\x3f\xc5\xef\xf2\x90\x40\xb2\xde\x4a\xb9\x6f\x2c\x1a\x36\xae\x1f\
\xc6\x3e\x64\x25\x23\x82\x01\x77\x77\x5c\x4b\x11\x83\x20\x4e\xcb\
\x47\xaf\x9a\xaa\x21\xfb\x94\x90\x39\x54\x91\xe7\xca\x9e\x25\xb5\
\xd5\x59\xd6\x99\x2b\xac\x0d\x35\x6b\x75\x67\xa8\x2e\x8b\xcc\xcc\
\x6b\xbe\x52\x7b\xbf\xc7\xd6\x2e\xdb\x5c\xac\xa3\x71\xda\xd4\x9f\
\x84\x34\xbc\x4a\xd3\xb4\x9d\x0a\xf9\x12\xd8\xd8\xba\x0c\x93\x13\
\x23\x06\xd5\xd5\xd5\xd0\xd1\xd1\x21\xe7\x50\xd6\x88\x7b\x9e\x0c\
\xf2\x55\x52\x43\xe4\xf8\x90\x70\x1a\x3d\x82\xb6\x2d\x0f\xa1\x0a\
\x78\x3e\x29\xd9\x10\x81\xd5\xdd\x00\xaf\xa8\xc6\xf8\x99\xe3\x79\
\x4d\x85\x92\xf3\x87\xe6\xe6\xe6\x4f\x24\xa9\xdb\x5a\xe0\x7c\xb6\
\x12\x03\x00\x26\xdd\xfc\xcf\xef\x09\xbb\xe6\xae\x50\xe8\x43\xb0\
\x37\x1e\x63\x42\xaa\x33\x98\x78\x86\xef\x92\xca\x1e\x99\x2d\x90\
\x61\x03\x09\x92\x95\x98\xe8\xcc\x47\x62\x01\x5d\x93\x27\xb9\xe4\
\x6b\xd5\xb4\x38\xf7\x06\x3d\x44\x65\x63\xb5\xb7\x2a\x25\x4f\xdf\
\xcd\x64\x67\xca\xfd\x85\x31\x82\x72\xd3\x47\x8e\x0d\x33\x39\x07\
\x0f\xd9\xc3\xcb\x7c\x50\x52\x82\xc8\x94\x84\xca\x46\xdc\x14\x18\
\xa8\xcb\x47\x60\x49\xe5\xc7\xe2\x79\x48\x44\xad\x50\xcf\x5b\x60\
\x5c\xf4\x3e\x7c\xc3\x5d\x04\x83\x83\xb5\x92\x21\x11\x41\x11\x17\
\x58\xe1\x2e\xc5\x93\x1e\x20\xc0\x13\x9f\x63\x03\xcc\xd8\xdb\x14\
\xef\xf7\x8a\x5a\x85\xc0\x2d\x83\x63\x03\x10\x62\xc9\x86\xc5\x47\
\x95\xf1\xcb\x46\x94\xa8\xca\x95\x89\x22\x24\x1f\x00\xaa\x6d\x92\
\x0f\x2a\x56\x31\xd1\x8f\x46\xb0\x7b\x95\x6a\x42\x24\xf0\xe0\x49\
\x74\x05\x14\xbc\xae\x42\xe1\xde\x64\x75\xdd\xdf\x57\x75\x3a\x6f\
\xed\x73\xd5\x93\x1f\xc9\x95\x5b\xd9\x50\xd3\xa7\x4f\x39\x9d\x07\
\xfe\xd9\x2c\x0a\x6a\xb2\xd9\x6c\xf9\xd0\x52\xa5\xd7\x0e\x7b\xf9\
\x21\x10\x30\x18\x87\xa0\x40\xa0\xa0\xb4\xc5\x75\xac\xac\x25\x9e\
\xf0\xf8\x3b\x94\x16\xa8\xb6\x4a\x27\x48\x39\xa9\xf0\xe3\x36\x6d\
\x77\x60\x54\xae\xc3\x3d\x81\x34\x48\x8e\xe7\x5e\xd8\x95\x2f\x5e\
\x36\x7f\xfe\xfc\x1e\xf5\x37\x5b\x0b\x82\xcd\x5d\xff\x99\x03\xa3\
\xb1\xf1\x1e\x23\x3f\x7a\xcc\x73\xad\x1e\xec\x06\x8a\x09\x86\x8e\
\x27\x89\x57\x06\x42\xdc\xc3\x02\x99\x35\x30\x4b\x14\x75\x68\x9c\
\xe0\x18\x34\x42\xea\xc0\x78\x82\x4a\xfd\x14\x49\xc1\xb0\x64\x73\
\x0b\xc8\x21\x2a\x80\xe9\x9d\xbe\x8c\x1b\x2a\x94\x52\x21\xce\xeb\
\x41\x29\x82\x93\xee\x87\xa1\xfc\xde\x54\x26\x23\x17\x7b\xe3\x99\
\x1e\x2b\x3a\x1b\x0f\xee\x78\x0c\x0a\xa7\x60\x08\x07\x32\xac\x0d\
\x46\xd0\x65\x30\x96\x2e\x85\x2f\x78\x6f\x41\x6d\xd8\x06\x5c\xd8\
\xd2\x86\x40\xe2\x33\xf4\xc2\xa1\xa7\x8c\x4a\x6f\x5c\x4c\x66\xa6\
\x0b\xb5\x87\x10\xa8\x2c\x52\xa5\x9b\x69\x6c\x89\x60\xd1\x3b\x76\
\x9f\x8d\x5b\xfb\x55\x8c\x71\x15\xb9\x7b\xa9\x2b\x13\xf2\x31\x5a\
\x2f\xaf\x95\x84\x6b\x65\x69\x83\x86\x19\x1e\x32\xc9\x34\x78\x54\
\x5b\x57\x00\xfb\xda\x12\x24\xe6\xb6\x76\xd0\x62\x6f\x66\x92\x8f\
\xdb\x4c\x8d\x8d\x8d\x5a\xe4\x76\xce\x30\x2c\xf3\x98\x30\xa4\x04\
\x7b\x0f\x6a\x28\x1d\x40\x05\xdb\x30\xc1\x2d\xc5\xfb\x12\x37\x7d\
\x45\x1a\xc8\x04\x44\x42\xe4\xe1\x82\xff\x8d\x87\x18\xfe\xb7\x6c\
\xb6\x59\xce\x81\x92\x19\xb6\xb2\x30\xfe\xa3\x5f\x1f\x03\x8c\xa8\
\xe4\x94\x26\xd5\x36\x0c\x9e\xd3\xd8\xd8\xb8\x55\xd1\xfc\x2d\x01\
\xce\x67\x0e\x0c\x1c\xd4\xa9\xb3\x9e\x7b\xca\xd1\xab\xf7\x76\x42\
\xac\x4d\x0e\xc1\xb2\xcc\xf8\x04\x52\xb5\x38\xc3\x12\xd9\xb5\xd1\
\xfb\x82\x4c\x7d\xaa\xb1\xe1\x84\x91\x9b\x57\x76\x29\x2d\x77\x78\
\x95\x3a\xfb\x46\xd5\x62\x73\x54\x2d\x15\x9f\x77\x85\x43\xb5\x72\
\x4d\x77\x91\x8c\xaa\x9a\x64\x52\xd7\x30\x2f\x27\x56\x75\xf0\xbb\
\x70\x4c\x95\xe6\x8a\x3d\x5d\x27\xf1\x18\x24\x27\x22\x46\xac\x91\
\x99\x43\xb8\x50\x2f\xd6\xc3\x8e\xe1\xbb\x30\x26\x5a\x0c\xa3\x83\
\x15\x90\x65\x45\x60\xdc\x28\x57\xd4\x85\xb2\xe8\x0a\xa5\x9b\xfc\
\xa7\xc6\xbd\xfa\x54\x86\xd2\x24\x5e\x2a\x09\x06\xd9\x97\x3c\x56\
\x85\xf0\x67\x1c\x1a\x82\x0f\x37\xbe\xfc\x1c\x75\xf9\xb8\xe2\x21\
\xae\x7a\xe7\x9e\x04\x06\x1a\xcc\xf8\x8f\x63\x69\x30\xf6\x39\x56\
\xd4\x16\x01\xf0\xb4\xcf\xf8\x42\x2a\x8c\x67\x9c\x50\x04\x45\x23\
\x68\xdb\xda\x94\x10\xfc\xa6\xc6\x89\x13\x13\xa5\x04\x59\x48\x14\
\xed\x07\x72\x3c\xf2\x10\x29\x6f\x68\x1a\x81\x8e\x6a\x21\xba\xb6\
\xb1\x52\x50\xb6\x51\x8e\x39\x6b\x25\x87\x6d\xb9\xfe\xbb\xa2\x3a\
\x55\x6c\x8e\x8a\x26\x40\xcb\xe4\x16\x1f\xb5\x59\x3f\x06\x18\x5e\
\xd1\x73\x7e\x75\xe3\x8d\xb7\x6c\xb6\xaf\xca\x96\x6c\xfe\x8f\xbb\
\xe6\x73\x01\xc6\xe4\x39\xcf\xcd\xf3\xad\x41\x47\x75\x7a\xd8\x1d\
\x22\x2e\xae\xc1\x57\xac\x48\x6c\xf4\xca\x48\x07\x10\xe6\x0b\xc9\
\x1a\xe6\xf8\x31\x24\x2d\x67\x45\xcd\x90\x55\xaf\xe5\x4a\x9e\x8f\
\x78\xca\x8f\xe3\x35\x92\xdd\xf2\x50\x3d\xc1\xfa\x05\x19\x2f\x88\
\x37\x66\xf7\xde\xd3\x1b\xfe\x1e\x01\x53\xae\x8e\x8b\xbf\x0a\x55\
\x23\x2c\x18\x21\x60\x68\x0a\x30\xea\xc1\x20\xbe\x12\x76\x75\x5f\
\x94\x4d\x27\x1b\x78\x27\x66\xe8\x4a\x52\x64\x4c\x00\xc4\xc6\xf5\
\x58\xc0\x84\x94\x36\x28\x35\x98\x12\x7b\x96\x14\xec\xa3\x81\x94\
\xa0\xe8\x01\xd3\xd0\xc1\x10\x4a\x27\x00\x26\x13\x7a\x61\xac\xda\
\x49\x3a\x7d\x74\xef\x96\xed\x8d\x10\xdb\x0c\x6b\x3a\xe8\xd8\xe7\
\x1c\x5b\x7a\x59\x29\x70\xa8\x02\xa1\x9e\x5c\x52\x10\xd6\xdc\x90\
\x24\x3e\xf4\x14\x7d\x3d\xd5\xaa\xd7\xae\x71\x6b\x57\x6d\xae\x51\
\xcc\xd6\x6c\x9c\xc9\x93\x8f\xaa\x62\x81\xfe\xa2\xa1\x59\x3b\x61\
\x92\x22\x1e\x24\x95\x03\x43\xb0\xed\x3b\xac\x3f\xa9\xcf\x37\xae\
\x4f\x45\x0d\x43\xef\x61\xc5\xee\x34\x2d\xb3\xd0\x91\xeb\xd8\x7f\
\xe6\xcc\xb9\xdb\x1c\x4f\xe9\x77\xc0\x38\xf9\xe6\x47\x7f\xaf\xd6\
\x8f\xbb\x72\x4d\x47\xa1\x0e\xa3\xdf\xdd\x03\x5a\x31\x30\x62\x08\
\x6c\x7c\xc5\x9b\x1f\x83\x5f\xb1\xee\xbd\xd1\xc5\x29\x37\xe7\x76\
\xbc\x7a\xb3\x74\x21\x48\x36\xf7\x8a\x8d\x67\x24\x3c\xfe\x7f\xed\
\x5d\x5b\x6c\x1d\xc5\x19\xfe\x67\xf6\x7a\x76\xcf\x05\xc7\x89\x93\
\xa6\x50\x4a\x25\x24\x02\x02\x11\x88\x5a\x89\xf4\xa2\xa8\x8f\x7d\
\xe0\xa5\xb4\x8f\x48\x44\x2a\x11\x69\x1e\x20\x55\x2a\x55\x5c\xf2\
\x80\x84\x84\x40\x44\x40\x84\x4c\xa5\x20\xa1\x4a\x48\x75\xaa\x52\
\x68\x5a\xa0\x20\x55\x89\xb8\xa9\x6a\x2b\x11\x20\x5c\x8c\x62\x64\
\xe2\xd4\x71\x8c\x7d\x2e\xbb\x67\x6f\x33\x83\xfe\xd9\xb3\xf6\x71\
\x70\xb0\x7d\x3a\xa9\xe9\x6a\xf6\x65\xad\xe3\xdd\x7f\xf7\xff\x66\
\xbe\xd9\xff\x32\xf3\x0f\xbe\x49\x61\xff\x63\xb8\xcb\x94\xd3\xe2\
\x2b\x16\x81\x6f\x89\x4f\x61\x7b\xf3\x35\xf8\x76\xfc\x11\x54\x45\
\x17\x6a\x26\x01\x82\xd9\x5b\x2c\xc7\x2f\xb0\x5c\x3f\x97\xfe\x05\
\x12\x43\x92\x10\x00\x1c\xb3\x02\xdd\x20\x5a\xf0\xa5\xe4\x02\x1d\
\x9e\x82\x89\x65\x6f\xb0\xc4\x27\x63\x72\x14\x96\x6b\x24\x30\xc4\
\x2b\x2b\x9d\xe6\x26\x4a\x94\xf0\x34\x23\xee\xab\x9d\x8c\x9c\x60\
\x6e\xfd\x73\xe1\x0c\x4d\x4e\xb5\xe1\x8d\x5d\x07\xd5\x3a\xa3\x77\
\xef\xde\xbd\xc1\xf2\x2b\x27\x99\x20\x5b\xf3\x50\x30\x85\x0c\x7d\
\x1b\x34\x41\x7b\x45\xa5\x07\x6d\x82\x95\x88\x51\x4c\x0f\x41\x1c\
\xd0\x71\x2f\xa2\x5f\x42\x88\x73\xcd\x20\xfc\xfe\xe8\xe8\xe8\xc7\
\x83\x3e\xfb\x6b\x47\x8c\x7b\x9f\x7d\x73\x5b\xcb\x6c\xfc\xa1\x95\
\xd9\xdb\xb2\xde\x6c\x4a\x7c\xc9\xc5\x30\x65\xde\x6b\xf2\x32\x3a\
\xbd\x4e\x28\x4d\x97\x9c\x18\xf8\x5b\x31\xc2\xcb\x02\xcc\x7d\xeb\
\xc0\xa5\x9c\x3e\xf3\xea\x2b\x41\x5b\xf8\x02\x2c\x3a\xd6\x45\x87\
\x2d\xee\xeb\x8f\xb3\x0b\x2c\x7b\x29\x29\x9a\x13\x15\x6b\x60\x61\
\x64\x2d\xec\xb4\xe5\x16\x66\xdf\x0c\x4f\xc1\xce\xf0\x35\xb8\x1a\
\x26\x65\x4e\x83\x62\x49\x52\x59\x43\x76\x71\x8e\x64\x4e\x8c\x9c\
\xfc\x1c\x13\x71\x19\xfa\x37\xb6\xac\x88\x62\x53\x01\x51\xb7\x03\
\x16\x7e\x81\xd2\xdc\xef\xca\x89\x02\x72\xb1\x52\x2b\x88\xc0\xad\
\x6f\x38\x1d\x26\xc9\x3b\x51\xcc\xcf\x64\x7e\xe3\x4c\xd7\xdd\x74\
\xfc\xa3\xad\xed\x37\xfb\x33\xdc\xaa\x3b\xca\x2f\x6e\xbb\xad\xd1\
\x18\x19\x3a\x51\xf1\x6b\xd7\x77\xc2\x18\x1c\xbf\x0e\x68\x06\x63\
\xa7\xb5\x58\x22\xcb\x1a\x0d\x7a\xac\x44\x0c\x39\x44\xe2\x76\x04\
\xbd\xa8\x16\xb6\x2d\x9a\x6a\x59\x96\x4d\xb5\xbb\xd1\x8e\x4b\x91\
\xf5\xbe\x70\x58\x1e\x54\xb7\x35\xdf\xf7\xab\x67\x5f\xf6\xed\xea\
\x95\x7f\x9a\x98\x0e\x7e\x4c\xb1\x70\x72\xcf\x84\xc2\xee\xb9\x98\
\x57\xce\xc5\xe6\xe3\x77\x6e\x76\x2c\x7c\x2d\x64\x5c\x1f\x9d\x57\
\x8c\x48\xa1\xa5\x3d\xe0\x57\xa3\x17\xcd\x92\x5f\x82\xc2\x94\x5a\
\x46\x1b\x49\x8e\x62\x7a\x49\x11\x15\xea\xd1\x03\x4d\x9f\xaa\x63\
\xc0\x10\xed\xc2\x95\xc1\x7b\xf0\x83\xf8\x2d\xd8\x1a\x8f\x4b\xf2\
\x62\x7a\xcd\x66\x5d\x30\x44\x0a\x0c\xa7\xa5\x2c\x68\x93\x8f\xba\
\x98\xc7\xa1\xb8\x87\x06\xee\xb6\x6a\x20\x29\x02\xa8\x7a\x0e\x70\
\x99\x47\x41\xbd\x04\x08\xc3\xee\x52\xdb\x9f\x9c\xed\xc4\x53\xd4\
\xdb\x30\x99\x98\xce\x2b\x1d\x26\x8e\xdf\x1c\x5d\xf7\x19\xb9\xc8\
\x76\x64\x6b\x6e\x90\x15\x6e\xc0\x4a\xe6\x34\x0b\x7f\x53\xf1\xaa\
\xf7\x0a\x30\x28\x4e\xc5\x0f\xa2\x14\x7c\x1c\xc1\xb3\x48\x46\xdc\
\x06\x3d\x56\x22\x06\x0e\x0e\x98\x18\xc4\x2f\x64\xb1\x35\x32\x3a\
\xf3\x51\x1c\x4f\xc6\x73\xf3\x37\x3d\xfd\xdc\xc5\x77\x9f\x1a\xf4\
\x9d\xd6\x8d\x18\xf8\xe0\x07\x8f\xfe\x7b\xf4\x7c\x64\xed\x6e\xa7\
\xc4\xc0\x91\xb7\xb0\xed\x8b\xe4\x72\xae\x54\x61\xba\x14\xe1\xfb\
\x2f\x37\x80\xec\x3c\xcb\x78\x4a\x17\x8b\x44\x2d\x01\xab\xcf\xd1\
\xcd\xbf\x00\xcb\x1c\x7d\x89\xb5\xdc\xd9\xee\x19\x7a\x32\x08\x80\
\xdb\x10\xa4\x70\x19\x8d\xc1\x9a\xfd\x04\x2e\x6f\x9f\x4a\x7e\x64\
\x8d\xdb\x8d\xe6\xc7\xe0\x58\xa6\x5c\x18\x45\xd2\x40\x86\x50\x31\
\xb4\x5b\x98\x69\x44\x66\x37\x6c\xf9\xdd\xc9\xb2\x34\xf7\x5d\x28\
\x95\xa6\x02\xc3\x64\x63\xc2\x5a\xc2\xb4\xdb\x89\x61\xb7\x12\xcb\
\x3f\x16\x44\xf4\x68\xba\x79\xf3\xc9\x1d\x77\x2e\x5d\x60\xf4\xdf\
\x34\xfc\x5a\xef\xdd\xb7\x6f\xdf\x26\xcf\x77\xff\xce\x19\xbf\x96\
\x4b\x7f\x27\xdf\x4e\xac\xbf\x6a\xcb\x5a\x65\xae\xe6\xfa\xc2\xf9\
\x2e\x12\x82\x18\xf5\x42\x9c\x08\x90\x89\x73\x73\x73\x37\x1c\x39\
\x72\x44\xc9\x64\xc6\x0b\xdf\x65\x5d\x9c\x6f\x7c\x89\xbb\x0f\xfd\
\x71\x37\xa9\x8f\xdc\x9e\x10\x67\x0b\xcf\xe7\xff\xc8\x71\x79\xc1\
\xb9\x10\x79\x3f\xcd\x6d\x7a\xb9\x21\x86\xfc\x43\xf4\x7e\xe8\xb7\
\x97\x84\x34\x3c\x73\xfb\x46\xee\x79\x22\xdd\x00\x21\xcf\x0b\xb3\
\x38\xb8\x90\xee\xc8\x42\x0e\x50\xa0\x27\x4b\x44\x9a\x17\xd1\xc8\
\x9f\x2f\xe3\x9e\x7d\x87\x2c\x50\x21\x08\x1e\xe8\x92\xe3\x89\x12\
\x41\x28\x9e\x80\x53\x93\x70\xd3\x14\xb1\xb5\x85\x06\x76\x7d\x7e\
\x7c\xa8\x36\xf5\xaf\xd3\x37\x5b\xff\xb9\x6a\x38\x9b\x91\xdb\x1e\
\xc4\xdd\x36\x18\x66\xee\x68\xcb\x88\x11\x4e\x7e\x93\x2f\x87\x73\
\xb0\xb0\x3a\x39\x46\x9c\x04\x50\x8b\x42\xc4\x70\x96\x92\x1b\x85\
\x9c\x8c\x07\x99\xf1\x90\xe9\x57\xff\x7c\xcd\xaf\x5f\xb8\x24\x8d\
\xbe\x9a\x0e\xb9\xdc\x35\x7b\xf6\xee\x19\xab\x55\xbc\x9f\xb2\x24\
\x06\xd7\xc9\x93\xad\x26\x16\xbc\x1e\xf4\x8b\xbd\xca\x17\x41\x52\
\x14\x21\x5f\xfc\x1b\x4d\xa9\xe9\xe9\xe9\x93\xcd\x20\xdc\x3e\x36\
\xb6\x38\x49\x72\x95\xe2\x56\x75\xd9\xba\x11\x03\xdf\xee\xe0\xe8\
\x8b\x5e\x68\x72\xa3\x13\xd5\x65\x87\xac\xba\x2d\xf9\x3e\xdd\x00\
\x17\x73\x02\x54\xfc\x74\x99\x41\x7c\xf8\x02\xc5\x66\xa1\xb8\x7f\
\x55\x1a\xf7\x2e\xf2\xc2\x44\xca\x6e\xd5\xf3\x73\x71\xf8\x41\x77\
\xd9\x0f\x07\xfe\xbf\x31\xb4\x49\xfe\xaf\x39\x37\x43\x1a\x7e\x85\
\x74\xa1\x6b\x6d\xac\x98\x8e\xdb\x3c\x63\x7e\xb7\x11\xff\xae\x72\
\xf6\x9d\x5d\x1b\x5a\x93\xd0\x10\x1d\xb0\x28\x83\x38\x8d\x40\xd8\
\x14\x32\x4a\x64\x71\x6a\x3c\x5c\xcc\x67\x70\x24\x46\x25\xdf\x79\
\x96\x64\x13\x11\xe1\xcf\x0b\xa3\x76\x6c\xb6\x4d\xde\x27\x9e\x1f\
\x6e\x5f\xc5\x76\x63\x6b\xd1\x55\xd5\xb5\xbf\xbc\xe3\x8e\xad\x5e\
\xd5\x7b\xd4\xa9\xf8\xb7\x36\x9b\xed\x4a\xad\x81\x79\x9e\x65\x37\
\xb2\x55\xf5\x48\x29\xa7\x58\xb8\x24\x57\x54\x32\x86\x91\xa9\x19\
\xc7\xb5\xf7\x3c\xf4\xf0\xa3\x4b\xca\x84\xaa\x7c\xe8\xba\x12\x43\
\xa5\x22\xeb\x29\xeb\xf7\xcf\x3c\xbc\xe5\xea\xf8\xec\xd1\xfa\xe7\
\xa7\x77\xfa\xc1\x39\xf0\x78\x08\x80\xf5\xa5\x1c\x0b\xb0\xd6\x45\
\x42\x6d\xb9\xf0\x08\x4d\x46\x2c\x4f\xc0\x85\xfd\xd7\x14\xbc\x97\
\x32\xc3\xfa\x50\x80\x98\xe9\xa4\xc9\xd4\x8e\x83\x2f\xae\x98\x7d\
\x5e\x4f\x1d\x8b\x67\xdf\x73\xd7\x5d\x57\x04\xdd\xe4\x7b\xc3\xc3\
\x23\x3f\x9f\xef\x34\x7f\xe2\x57\x1c\x87\x13\x8e\xe9\x25\x8c\xb4\
\x15\xe7\x05\x9f\xad\xf0\xdd\x06\x3d\x4b\x73\xcd\xc8\xc3\xe9\x98\
\xe0\xbd\xac\x56\x9f\x61\x02\x1e\x09\xc7\xc7\x9f\x78\x6c\x6c\x6c\
\xc5\x12\x47\x83\x62\xa6\x89\x31\x28\x72\x7d\xf7\xbd\xf2\xd4\x7d\
\x3b\xbf\x91\x4d\xff\xd6\x9f\xff\x6c\x9b\x17\x9f\x83\xaa\x91\x41\
\xca\x52\xdc\xc9\x03\x0c\x5c\x75\x47\x9d\xf3\x09\xb3\x8e\x25\xa4\
\x72\x3c\xa4\x4e\x2b\xb6\x6b\xe3\x13\xa2\xfa\xe1\xcf\xee\x79\xec\
\x92\x35\xac\x02\xb5\x2e\x2a\x42\x2e\x2e\x22\xce\xb5\x9c\x47\xdf\
\x71\x70\x13\x71\x9a\xa7\x63\x05\xa5\xc4\x94\xc6\x26\x06\x75\xd1\
\xec\xa5\x38\x27\x85\x12\x93\x78\x06\x31\x86\x98\x60\xc3\x55\xd7\
\x1b\xca\x80\x8f\xb8\xb6\xb3\xd9\xb0\xcc\x4d\x06\xa1\x55\x0e\xc2\
\xe3\x19\xb3\x32\xce\x0c\x9e\x31\x8a\x49\x3f\xdc\x42\x19\xc3\xd5\
\x78\xc6\xaa\x25\x9e\x5b\x09\xc3\xa8\xfb\x3c\xe7\xfc\xb9\x34\x4d\
\xff\x79\xe8\xd0\x21\xe5\x6b\x30\xfa\x15\xd6\xc4\x50\xd0\x83\xde\
\x7e\xea\xc0\x03\x23\xa2\x7d\x7f\x76\xfe\x34\x6d\xd0\x04\x0c\x4c\
\x67\xbb\xde\xa7\xa1\xa0\x7f\x9b\xe9\xa4\xd3\x6e\x7d\xe3\x44\xc2\
\xcc\x13\x37\xee\x5f\xbe\x90\xb3\x82\x57\xf8\xda\x8b\x38\x70\xe0\
\x40\xcd\xb2\xac\xfa\xfc\xfc\xbc\x5f\xab\xd5\xfc\x34\x4d\x6b\xa6\
\x69\xfa\x8c\x31\x97\x10\x82\x2b\xf7\x1c\x3c\x0b\x21\x2c\xc6\x98\
\xc5\xb9\x2c\x39\x65\xa0\x63\xc7\x18\x43\x37\x72\x5e\x08\xf1\xd6\
\xe1\xc3\x87\x97\x14\x95\xb8\x54\x8a\x6b\x62\x28\x40\xf6\x83\xa7\
\xf7\xff\x65\xc8\x62\x3f\xe4\x41\xeb\x2c\x4b\xbb\x13\x31\x98\xef\
\xce\x09\xe3\x1f\x6d\xc7\x7b\x61\xd7\xde\xa5\x95\x07\x15\x3c\x4e\
\x8b\xf8\x1f\x20\xa0\x89\xa1\x00\xe4\xd7\x9f\xdc\xff\xf8\x46\xdf\
\x9e\x6a\xcf\xcc\x8e\x25\xa6\x3f\x75\xcb\xff\xa9\x89\xa4\x00\x8a\
\xd2\x88\xd0\xc4\x28\x4d\x53\x6a\x45\x54\x22\xa0\x89\xa1\x12\x4d\
\x2d\xab\x34\x08\x68\x62\x94\xa6\x29\xb5\x22\x2a\x11\xd0\xc4\x50\
\x89\xa6\x96\x55\x1a\x04\x34\x31\x4a\xd3\x94\x5a\x11\x95\x08\x68\
\x62\xa8\x44\x53\xcb\x2a\x0d\x02\x9a\x18\xa5\x69\x4a\xad\x88\x4a\
\x04\x34\x31\x54\xa2\xa9\x65\x95\x06\x01\x4d\x8c\xd2\x34\xa5\x56\
\x44\x25\x02\x9a\x18\x2a\xd1\xd4\xb2\x4a\x83\x80\x26\x46\x69\x9a\
\x52\x2b\xa2\x12\x01\x4d\x0c\x95\x68\x6a\x59\xa5\x41\x40\x13\xa3\
\x34\x4d\xa9\x15\x51\x89\x80\x26\x86\x4a\x34\xb5\xac\xd2\x20\xa0\
\x89\x51\x9a\xa6\xd4\x8a\xa8\x44\x40\x13\x43\x25\x9a\x5a\x56\x69\
\x10\xd0\xc4\x28\x4d\x53\x6a\x45\x54\x22\xa0\x89\xa1\x12\x4d\x2d\
\xab\x34\x08\x68\x62\x94\xa6\x29\xb5\x22\x2a\x11\xd0\xc4\x50\x89\
\xa6\x96\x55\x1a\x04\xbe\x00\xfb\xd9\x72\xfe\xcc\x4f\xb5\x9d\x00\
\x00\x00\x00\x49\x45\x4e\x44\xae\x42\x60\x82\
\x00\x00\x03\x6b\
\x3c\
\x3f\x78\x6d\x6c\x20\x76\x65\x72\x73\x69\x6f\x6e\x3d\x22\x31\x2e\
\x30\x22\x20\x65\x6e\x63\x6f\x64\x69\x6e\x67\x3d\x22\x55\x54\x46\
\x2d\x38\x22\x3f\x3e\x0a\x3c\x73\x76\x67\x20\x78\x6d\x6c\x6e\x73\
\x3d\x22\x68\x74\x74\x70\x3a\x2f\x2f\x77\x77\x77\x2e\x77\x33\x2e\
\x6f\x72\x67\x2f\x32\x30\x30\x30\x2f\x73\x76\x67\x22\x20\x69\x64\
\x3d\x22\x4c\x61\x79\x65\x72\x5f\x31\x22\x20\x64\x61\x74\x61\x2d\
\x6e\x61\x6d\x65\x3d\x22\x4c\x61\x79\x65\x72\x20\x31\x22\x20\x76\
\x69\x65\x77\x42\x6f\x78\x3d\x22\x30\x20\x30\x20\x32\x34\x20\x32\
\x34\x22\x20\x77\x69\x64\x74\x68\x3d\x22\x35\x31\x32\x22\x20\x68\
\x65\x69\x67\x68\x74\x3d\x22\x35\x31\x32\x22\x3e\x3c\x70\x61\x74\
\x68\x20\x64\x3d\x22\x4d\x32\x31\x2e\x35\x2c\x32\x31\x63\x2d\x2e\
\x32\x37\x36\x2c\x30\x2d\x2e\x35\x2d\x2e\x32\x32\x34\x2d\x2e\x35\
\x2d\x2e\x35\x56\x33\x2e\x35\x63\x30\x2d\x2e\x32\x37\x36\x2c\x2e\
\x32\x32\x34\x2d\x2e\x35\x2c\x2e\x35\x2d\x2e\x35\x73\x2e\x35\x2c\
\x2e\x32\x32\x34\x2c\x2e\x35\x2c\x2e\x35\x56\x32\x30\x2e\x35\x63\
\x30\x2c\x2e\x32\x37\x36\x2d\x2e\x32\x32\x34\x2c\x2e\x35\x2d\x2e\
\x35\x2c\x2e\x35\x5a\x6d\x2d\x34\x2c\x30\x63\x2d\x2e\x32\x37\x36\
\x2c\x30\x2d\x2e\x35\x2d\x2e\x32\x32\x34\x2d\x2e\x35\x2d\x2e\x35\
\x56\x33\x2e\x35\x63\x30\x2d\x2e\x32\x37\x36\x2c\x2e\x32\x32\x34\
\x2d\x2e\x35\x2c\x2e\x35\x2d\x2e\x35\x73\x2e\x35\x2c\x2e\x32\x32\
\x34\x2c\x2e\x35\x2c\x2e\x35\x56\x32\x30\x2e\x35\x63\x30\x2c\x2e\
\x32\x37\x36\x2d\x2e\x32\x32\x34\x2c\x2e\x35\x2d\x2e\x35\x2c\x2e\
\x35\x5a\x6d\x2d\x31\x33\x2e\x32\x30\x36\x2c\x2e\x30\x30\x33\x63\
\x2d\x2e\x33\x34\x35\x2c\x30\x2d\x2e\x36\x39\x32\x2d\x2e\x30\x37\
\x39\x2d\x31\x2e\x30\x31\x37\x2d\x2e\x32\x33\x39\x2d\x2e\x37\x38\
\x38\x2d\x2e\x33\x38\x39\x2d\x31\x2e\x32\x37\x38\x2d\x31\x2e\x31\
\x37\x36\x2d\x31\x2e\x32\x37\x38\x2d\x32\x2e\x30\x35\x35\x56\x35\
\x2e\x34\x30\x31\x63\x30\x2d\x2e\x39\x31\x34\x2c\x2e\x35\x31\x2d\
\x31\x2e\x37\x33\x31\x2c\x31\x2e\x33\x33\x2d\x32\x2e\x31\x33\x34\
\x2c\x2e\x38\x32\x31\x2d\x2e\x34\x30\x31\x2c\x31\x2e\x37\x38\x2d\
\x2e\x33\x30\x33\x2c\x32\x2e\x35\x30\x31\x2c\x2e\x32\x35\x35\x6c\
\x38\x2e\x30\x32\x32\x2c\x36\x2e\x32\x31\x31\x63\x2e\x37\x32\x39\
\x2c\x2e\x35\x33\x36\x2c\x31\x2e\x31\x34\x36\x2c\x31\x2e\x33\x36\
\x31\x2c\x31\x2e\x31\x34\x36\x2c\x32\x2e\x32\x36\x37\x73\x2d\x2e\
\x34\x32\x2c\x31\x2e\x37\x33\x35\x2d\x31\x2e\x31\x35\x32\x2c\x32\
\x2e\x32\x37\x31\x6c\x2d\x38\x2e\x31\x36\x32\x2c\x36\x2e\x32\x35\
\x37\x63\x2d\x2e\x34\x31\x2c\x2e\x33\x31\x34\x2d\x2e\x38\x39\x38\
\x2c\x2e\x34\x37\x35\x2d\x31\x2e\x33\x39\x31\x2c\x2e\x34\x37\x35\
\x5a\x6d\x2e\x30\x38\x38\x2d\x31\x36\x2e\x39\x38\x33\x63\x2d\x2e\
\x32\x30\x36\x2c\x30\x2d\x2e\x34\x31\x34\x2c\x2e\x30\x34\x38\x2d\
\x2e\x36\x31\x32\x2c\x2e\x31\x34\x35\x2d\x2e\x34\x38\x32\x2c\x2e\
\x32\x33\x37\x2d\x2e\x37\x37\x31\x2c\x2e\x36\x39\x39\x2d\x2e\x37\
\x37\x31\x2c\x31\x2e\x32\x33\x36\x76\x31\x33\x2e\x33\x30\x39\x63\
\x30\x2c\x2e\x35\x30\x33\x2c\x2e\x32\x36\x39\x2c\x2e\x39\x33\x36\
\x2c\x2e\x37\x32\x2c\x31\x2e\x31\x35\x38\x2c\x2e\x34\x35\x31\x2c\
\x2e\x32\x32\x32\x2c\x2e\x39\x35\x38\x2c\x2e\x31\x37\x33\x2c\x31\
\x2e\x33\x35\x37\x2d\x2e\x31\x33\x33\x6c\x38\x2e\x31\x37\x32\x2d\
\x36\x2e\x32\x36\x34\x63\x2e\x34\x38\x2d\x2e\x33\x35\x32\x2c\x2e\
\x37\x35\x31\x2d\x2e\x38\x38\x36\x2c\x2e\x37\x35\x31\x2d\x31\x2e\
\x34\x37\x31\x73\x2d\x2e\x32\x37\x31\x2d\x31\x2e\x31\x31\x39\x2d\
\x2e\x37\x34\x32\x2d\x31\x2e\x34\x36\x33\x6c\x2d\x2e\x30\x31\x31\
\x2d\x2e\x30\x30\x38\x4c\x35\x2e\x32\x31\x39\x2c\x34\x2e\x33\x31\
\x33\x63\x2d\x2e\x32\x35\x2d\x2e\x31\x39\x34\x2d\x2e\x35\x34\x32\
\x2d\x2e\x32\x39\x33\x2d\x2e\x38\x33\x37\x2d\x2e\x32\x39\x33\x5a\
\x22\x2f\x3e\x3c\x2f\x73\x76\x67\x3e\x0a\
\x00\x00\x02\x3d\
\x3c\
\x3f\x78\x6d\x6c\x20\x76\x65\x72\x73\x69\x6f\x6e\x3d\x22\x31\x2e\
\x30\x22\x20\x65\x6e\x63\x6f\x64\x69\x6e\x67\x3d\x22\x55\x54\x46\
\x2d\x38\x22\x3f\x3e\x0a\x3c\x73\x76\x67\x20\x78\x6d\x6c\x6e\x73\
\x3d\x22\x68\x74\x74\x70\x3a\x2f\x2f\x77\x77\x77\x2e\x77\x33\x2e\
\x6f\x72\x67\x2f\x32\x30\x30\x30\x2f\x73\x76\x67\x22\x20\x69\x64\
\x3d\x22\x4c\x61\x79\x65\x72\x5f\x31\x22\x20\x64\x61\x74\x61\x2d\
\x6e\x61\x6d\x65\x3d\x22\x4c\x61\x79\x65\x72\x20\x31\x22\x20\x76\
\x69\x65\x77\x42\x6f\x78\x3d\x22\x30\x20\x30\x20\x32\x34\x20\x32\
\x34\x22\x20\x77\x69\x64\x74\x68\x3d\x22\x35\x31\x32\x22\x20\x68\
\x65\x69\x67\x68\x74\x3d\x22\x35\x31\x32\x22\x3e\x3c\x70\x61\x74\
\x68\x20\x64\x3d\x22\x4d\x32\x34\x2c\x31\x32\x63\x30\x2c\x36\x2e\
\x36\x31\x37\x2d\x35\x2e\x33\x38\x33\x2c\x31\x32\x2d\x31\x32\x2c\
\x31\x32\x43\x35\x2e\x35\x35\x33\x2c\x32\x34\x2c\x2e\x32\x38\x37\
\x2c\x31\x38\x2e\x39\x35\x38\x2c\x2e\x30\x31\x31\x2c\x31\x32\x2e\
\x35\x32\x31\x63\x2d\x2e\x30\x31\x32\x2d\x2e\x32\x37\x36\x2c\x2e\
\x32\x30\x32\x2d\x2e\x35\x30\x39\x2c\x2e\x34\x37\x38\x2d\x2e\x35\
\x32\x31\x2c\x2e\x32\x37\x31\x2c\x2e\x30\x31\x31\x2c\x2e\x35\x30\
\x39\x2c\x2e\x32\x30\x32\x2c\x2e\x35\x32\x31\x2c\x2e\x34\x37\x39\
\x2c\x2e\x32\x35\x32\x2c\x35\x2e\x39\x2c\x35\x2e\x30\x38\x2c\x31\
\x30\x2e\x35\x32\x31\x2c\x31\x30\x2e\x39\x39\x2c\x31\x30\x2e\x35\
\x32\x31\x2c\x36\x2e\x30\x36\x35\x2c\x30\x2c\x31\x31\x2d\x34\x2e\
\x39\x33\x35\x2c\x31\x31\x2d\x31\x31\x53\x31\x38\x2e\x30\x36\x35\
\x2c\x31\x2c\x31\x32\x2c\x31\x63\x2d\x33\x2e\x37\x35\x31\x2c\x30\
\x2d\x37\x2e\x31\x35\x39\x2c\x31\x2e\x38\x37\x2d\x39\x2e\x32\x30\
\x32\x2c\x35\x48\x37\x2e\x35\x63\x2e\x32\x37\x36\x2c\x30\x2c\x2e\
\x35\x2c\x2e\x32\x32\x34\x2c\x2e\x35\x2c\x2e\x35\x73\x2d\x2e\x32\
\x32\x34\x2c\x2e\x35\x2d\x2e\x35\x2c\x2e\x35\x48\x32\x2e\x35\x63\
\x2d\x2e\x38\x32\x37\x2c\x30\x2d\x31\x2e\x35\x2d\x2e\x36\x37\x33\
\x2d\x31\x2e\x35\x2d\x31\x2e\x35\x56\x2e\x35\x63\x30\x2d\x2e\x32\
\x37\x36\x2c\x2e\x32\x32\x34\x2d\x2e\x35\x2c\x2e\x35\x2d\x2e\x35\
\x73\x2e\x35\x2c\x2e\x32\x32\x34\x2c\x2e\x35\x2c\x2e\x35\x56\x35\
\x2e\x33\x39\x39\x43\x34\x2e\x32\x33\x32\x2c\x32\x2e\x30\x31\x39\
\x2c\x37\x2e\x39\x33\x31\x2c\x30\x2c\x31\x32\x2c\x30\x63\x36\x2e\
\x36\x31\x37\x2c\x30\x2c\x31\x32\x2c\x35\x2e\x33\x38\x33\x2c\x31\
\x32\x2c\x31\x32\x5a\x22\x20\x66\x69\x6c\x6c\x3d\x22\x77\x68\x69\
\x74\x65\x22\x2f\x3e\x3c\x2f\x73\x76\x67\x3e\x0a\
\x00\x00\x03\x02\
\x3c\
\x3f\x78\x6d\x6c\x20\x76\x65\x72\x73\x69\x6f\x6e\x3d\x22\x31\x2e\
\x30\x22\x20\x65\x6e\x63\x6f\x64\x69\x6e\x67\x3d\x22\x55\x54\x46\
\x2d\x38\x22\x3f\x3e\x0a\x3c\x73\x76\x67\x20\x78\x6d\x6c\x6e\x73\
\x3d\x22\x68\x74\x74\x70\x3a\x2f\x2f\x77\x77\x77\x2e\x77\x33\x2e\
\x6f\x72\x67\x2f\x32\x30\x30\x30\x2f\x73\x76\x67\x22\x20\x69\x64\
\x3d\x22\x4c\x61\x79\x65\x72\x5f\x31\x22\x20\x64\x61\x74\x61\x2d\
\x6e\x61\x6d\x65\x3d\x22\x4c\x61\x79\x65\x72\x20\x31\x22\x20\x76\
\x69\x65\x77\x42\x6f\x78\x3d\x22\x30\x20\x30\x20\x32\x34\x20\x32\
\x34\x22\x3e\x0a\x20\x20\x3c\x70\x61\x74\x68\x20\x64\x3d\x22\x4d\
\x31\x32\x2e\x30\x30\x33\x2c\x31\x31\x2e\x37\x37\x34\x63\x33\x2e\
\x35\x2d\x2e\x30\x32\x31\x2c\x35\x2e\x33\x30\x37\x2d\x31\x2e\x38\
\x33\x2c\x35\x2e\x33\x37\x32\x2d\x35\x2e\x33\x39\x36\x2d\x2e\x30\
\x36\x2d\x33\x2e\x34\x34\x36\x2d\x31\x2e\x39\x36\x37\x2d\x35\x2e\
\x33\x35\x36\x2d\x35\x2e\x33\x37\x38\x2d\x35\x2e\x33\x37\x38\x2d\
\x33\x2e\x34\x35\x32\x2c\x2e\x30\x32\x31\x2d\x35\x2e\x33\x37\x32\
\x2c\x32\x2e\x30\x36\x36\x2d\x35\x2e\x33\x37\x32\x2c\x35\x2e\x33\
\x37\x38\x2c\x30\x2c\x33\x2e\x34\x36\x32\x2c\x31\x2e\x39\x32\x31\
\x2c\x35\x2e\x33\x37\x35\x2c\x35\x2e\x33\x37\x38\x2c\x35\x2e\x33\
\x39\x36\x5a\x6d\x2d\x2e\x30\x30\x36\x2d\x39\x2e\x37\x37\x34\x63\
\x32\x2e\x38\x35\x35\x2c\x2e\x30\x31\x39\x2c\x34\x2e\x33\x32\x38\
\x2c\x31\x2e\x34\x39\x38\x2c\x34\x2e\x33\x37\x38\x2c\x34\x2e\x33\
\x37\x38\x2d\x2e\x30\x35\x35\x2c\x32\x2e\x39\x38\x32\x2d\x31\x2e\
\x34\x34\x36\x2c\x34\x2e\x33\x37\x39\x2d\x34\x2e\x33\x37\x32\x2c\
\x34\x2e\x33\x39\x36\x2d\x32\x2e\x39\x33\x2d\x2e\x30\x31\x37\x2d\
\x34\x2e\x33\x32\x31\x2d\x31\x2e\x34\x31\x31\x2d\x34\x2e\x33\x37\
\x38\x2d\x34\x2e\x33\x38\x37\x2c\x2e\x30\x35\x35\x2d\x32\x2e\x39\
\x33\x34\x2c\x31\x2e\x34\x38\x37\x2d\x34\x2e\x33\x36\x39\x2c\x34\
\x2e\x33\x37\x32\x2d\x34\x2e\x33\x38\x37\x5a\x22\x20\x66\x69\x6c\
\x6c\x3d\x22\x77\x68\x69\x74\x65\x22\x2f\x3e\x0a\x20\x20\x3c\x70\
\x61\x74\x68\x20\x64\x3d\x22\x4d\x31\x31\x2e\x39\x39\x37\x2c\x31\
\x34\x2e\x32\x39\x34\x63\x2d\x35\x2e\x32\x35\x39\x2c\x2e\x30\x33\
\x33\x2d\x38\x2e\x30\x38\x39\x2c\x32\x2e\x38\x36\x37\x2d\x38\x2e\
\x31\x38\x35\x2c\x38\x2e\x31\x39\x37\x2d\x2e\x30\x30\x35\x2c\x2e\
\x32\x37\x36\x2c\x2e\x32\x31\x35\x2c\x2e\x35\x30\x34\x2c\x2e\x34\
\x39\x31\x2c\x2e\x35\x30\x39\x68\x2e\x30\x30\x39\x63\x2e\x32\x37\
\x32\x2c\x30\x2c\x2e\x34\x39\x35\x2d\x2e\x32\x31\x38\x2c\x2e\x35\
\x2d\x2e\x34\x39\x31\x2c\x2e\x30\x38\x36\x2d\x34\x2e\x38\x32\x35\
\x2c\x32\x2e\x34\x33\x38\x2d\x37\x2e\x31\x38\x36\x2c\x37\x2e\x31\
\x38\x34\x2d\x37\x2e\x32\x31\x35\x2c\x34\x2e\x36\x38\x39\x2c\x2e\
\x30\x33\x2c\x37\x2e\x31\x30\x39\x2c\x32\x2e\x34\x35\x38\x2c\x37\
\x2e\x31\x39\x31\x2c\x37\x2e\x32\x31\x35\x2c\x2e\x30\x30\x35\x2c\
\x2e\x32\x37\x36\x2c\x2e\x32\x35\x35\x2c\x2e\x35\x30\x35\x2c\x2e\
\x35\x30\x39\x2c\x2e\x34\x39\x31\x2c\x2e\x32\x37\x36\x2d\x2e\x30\
\x30\x35\x2c\x2e\x34\x39\x36\x2d\x2e\x32\x33\x32\x2c\x2e\x34\x39\
\x31\x2d\x2e\x35\x30\x39\x2d\x2e\x30\x39\x31\x2d\x35\x2e\x32\x35\
\x32\x2d\x32\x2e\x39\x39\x37\x2d\x38\x2e\x31\x36\x34\x2d\x38\x2e\
\x31\x39\x2d\x38\x2e\x31\x39\x37\x5a\x22\x20\x66\x69\x6c\x6c\x3d\
\x22\x77\x68\x69\x74\x65\x22\x2f\x3e\x0a\x3c\x2f\x73\x76\x67\x3e\
\x0a\
\x00\x00\x0c\x7d\
\x3c\
\x3f\x78\x6d\x6c\x20\x76\x65\x72\x73\x69\x6f\x6e\x3d\x22\x31\x2e\
\x30\x22\x20\x65\x6e\x63\x6f\x64\x69\x6e\x67\x3d\x22\x55\x54\x46\
\x2d\x38\x22\x3f\x3e\x0a\x3c\x73\x76\x67\x20\x78\x6d\x6c\x6e\x73\
\x3d\x22\x68\x74\x74\x70\x3a\x2f\x2f\x77\x77\x77\x2e\x77\x33\x2e\
\x6f\x72\x67\x2f\x32\x30\x30\x30\x2f\x73\x76\x67\x22\x20\x69\x64\
\x3d\x22\x4c\x61\x79\x65\x72\x5f\x31\x22\x20\x64\x61\x74\x61\x2d\
\x6e\x61\x6d\x65\x3d\x22\x4c\x61\x79\x65\x72\x20\x31\x22\x20\x76\
\x69\x65\x77\x42\x6f\x78\x3d\x22\x30\x20\x30\x20\x32\x34\x20\x32\
\x34\x22\x3e\x0a\x20\x20\x3c\x70\x61\x74\x68\x20\x64\x3d\x22\x4d\
\x39\x2e\x38\x2c\x39\x2e\x38\x30\x32\x63\x2d\x2e\x37\x35\x35\x2c\
\x2e\x37\x35\x33\x2d\x31\x2e\x31\x32\x32\x2c\x31\x2e\x34\x37\x36\
\x2d\x31\x2e\x31\x32\x32\x2c\x32\x2e\x32\x30\x38\x2c\x30\x2c\x2e\
\x39\x35\x37\x2c\x2e\x36\x34\x2c\x31\x2e\x37\x30\x36\x2c\x31\x2e\
\x31\x32\x32\x2c\x32\x2e\x31\x38\x37\x2c\x2e\x37\x34\x2c\x2e\x37\
\x33\x39\x2c\x31\x2e\x34\x37\x2c\x31\x2e\x31\x30\x38\x2c\x32\x2e\
\x32\x2c\x31\x2e\x31\x30\x38\x73\x31\x2e\x34\x36\x2d\x2e\x33\x37\
\x2c\x32\x2e\x32\x2d\x31\x2e\x31\x30\x38\x63\x2e\x37\x35\x35\x2d\
\x2e\x37\x35\x33\x2c\x31\x2e\x31\x32\x32\x2d\x31\x2e\x34\x37\x36\
\x2c\x31\x2e\x31\x32\x32\x2d\x32\x2e\x32\x30\x38\x2c\x30\x2d\x2e\
\x39\x35\x37\x2d\x2e\x36\x34\x2d\x31\x2e\x37\x30\x36\x2d\x31\x2e\
\x31\x32\x32\x2d\x32\x2e\x31\x38\x37\x2d\x31\x2e\x34\x38\x2d\x31\
\x2e\x34\x37\x38\x2d\x32\x2e\x39\x32\x2d\x31\x2e\x34\x37\x38\x2d\
\x34\x2e\x34\x2c\x30\x5a\x6d\x33\x2e\x36\x39\x34\x2c\x33\x2e\x36\
\x38\x38\x63\x2d\x31\x2e\x32\x35\x31\x2c\x31\x2e\x32\x34\x38\x2d\
\x32\x2e\x30\x34\x32\x2c\x2e\x39\x34\x34\x2d\x32\x2e\x39\x38\x38\
\x2c\x30\x2d\x2e\x35\x36\x35\x2d\x2e\x35\x36\x34\x2d\x2e\x38\x32\
\x38\x2d\x31\x2e\x30\x33\x34\x2d\x2e\x38\x32\x38\x2d\x31\x2e\x34\
\x37\x39\x2c\x30\x2d\x2e\x34\x35\x34\x2c\x2e\x32\x37\x31\x2d\x2e\
\x39\x34\x34\x2c\x2e\x38\x32\x38\x2d\x31\x2e\x35\x2c\x2e\x35\x38\
\x33\x2d\x2e\x35\x38\x32\x2c\x31\x2e\x30\x36\x35\x2d\x2e\x38\x32\
\x36\x2c\x31\x2e\x35\x31\x31\x2d\x2e\x38\x32\x36\x2c\x2e\x35\x31\
\x31\x2c\x30\x2c\x2e\x39\x37\x32\x2c\x2e\x33\x32\x32\x2c\x31\x2e\
\x34\x37\x38\x2c\x2e\x38\x32\x36\x2c\x2e\x35\x36\x35\x2c\x2e\x35\
\x36\x34\x2c\x2e\x38\x32\x38\x2c\x31\x2e\x30\x33\x34\x2c\x2e\x38\
\x32\x38\x2c\x31\x2e\x34\x37\x39\x2c\x30\x2c\x2e\x34\x35\x34\x2d\
\x2e\x32\x37\x31\x2c\x2e\x39\x34\x34\x2d\x2e\x38\x32\x38\x2c\x31\
\x2e\x35\x5a\x22\x20\x66\x69\x6c\x6c\x3d\x22\x77\x68\x69\x74\x65\
\x22\x2f\x3e\x0a\x20\x20\x3c\x67\x3e\x0a\x20\x20\x20\x20\x3c\x70\
\x61\x74\x68\x20\x64\x3d\x22\x4d\x39\x2e\x38\x2c\x39\x2e\x38\x30\
\x32\x63\x2d\x2e\x37\x35\x35\x2c\x2e\x37\x35\x33\x2d\x31\x2e\x31\
\x32\x32\x2c\x31\x2e\x34\x37\x36\x2d\x31\x2e\x31\x32\x32\x2c\x32\
\x2e\x32\x30\x38\x2c\x30\x2c\x2e\x39\x35\x37\x2c\x2e\x36\x34\x2c\
\x31\x2e\x37\x30\x36\x2c\x31\x2e\x31\x32\x32\x2c\x32\x2e\x31\x38\
\x37\x2c\x2e\x37\x34\x2c\x2e\x37\x33\x39\x2c\x31\x2e\x34\x37\x2c\
\x31\x2e\x31\x30\x38\x2c\x32\x2e\x32\x2c\x31\x2e\x31\x30\x38\x73\
\x31\x2e\x34\x36\x2d\x2e\x33\x37\x2c\x32\x2e\x32\x2d\x31\x2e\x31\
\x30\x38\x63\x2e\x37\x35\x35\x2d\x2e\x37\x35\x33\x2c\x31\x2e\x31\
\x32\x32\x2d\x31\x2e\x34\x37\x36\x2c\x31\x2e\x31\x32\x32\x2d\x32\
\x2e\x32\x30\x38\x2c\x30\x2d\x2e\x39\x35\x37\x2d\x2e\x36\x34\x2d\
\x31\x2e\x37\x30\x36\x2d\x31\x2e\x31\x32\x32\x2d\x32\x2e\x31\x38\
\x37\x2d\x31\x2e\x34\x38\x2d\x31\x2e\x34\x37\x38\x2d\x32\x2e\x39\
\x32\x2d\x31\x2e\x34\x37\x38\x2d\x34\x2e\x34\x2c\x30\x5a\x6d\x33\
\x2e\x36\x39\x34\x2c\x33\x2e\x36\x38\x38\x63\x2d\x31\x2e\x32\x35\
\x31\x2c\x31\x2e\x32\x34\x38\x2d\x32\x2e\x30\x34\x32\x2c\x2e\x39\
\x34\x34\x2d\x32\x2e\x39\x38\x38\x2c\x30\x2d\x2e\x35\x36\x35\x2d\
\x2e\x35\x36\x34\x2d\x2e\x38\x32\x38\x2d\x31\x2e\x30\x33\x34\x2d\
\x2e\x38\x32\x38\x2d\x31\x2e\x34\x37\x39\x2c\x30\x2d\x2e\x34\x35\
\x34\x2c\x2e\x32\x37\x31\x2d\x2e\x39\x34\x34\x2c\x2e\x38\x32\x38\
\x2d\x31\x2e\x35\x2c\x2e\x35\x38\x33\x2d\x2e\x35\x38\x32\x2c\x31\
\x2e\x30\x36\x35\x2d\x2e\x38\x32\x36\x2c\x31\x2e\x35\x31\x31\x2d\
\x2e\x38\x32\x36\x2c\x2e\x35\x31\x31\x2c\x30\x2c\x2e\x39\x37\x32\
\x2c\x2e\x33\x32\x32\x2c\x31\x2e\x34\x37\x38\x2c\x2e\x38\x32\x36\
\x2c\x2e\x35\x36\x35\x2c\x2e\x35\x36\x34\x2c\x2e\x38\x32\x38\x2c\
\x31\x2e\x30\x33\x34\x2c\x2e\x38\x32\x38\x2c\x31\x2e\x34\x37\x39\
\x2c\x30\x2c\x2e\x34\x35\x34\x2d\x2e\x32\x37\x31\x2c\x2e\x39\x34\
\x34\x2d\x2e\x38\x32\x38\x2c\x31\x2e\x35\x5a\x22\x20\x66\x69\x6c\
\x6c\x3d\x22\x77\x68\x69\x74\x65\x22\x2f\x3e\x0a\x20\x20\x20\x20\
\x3c\x70\x61\x74\x68\x20\x64\x3d\x22\x4d\x32\x33\x2e\x30\x31\x39\
\x2c\x31\x31\x2e\x39\x34\x38\x63\x2e\x30\x30\x38\x2d\x31\x2e\x35\
\x39\x35\x2d\x2e\x38\x31\x37\x2d\x32\x2e\x34\x38\x31\x2d\x32\x2e\
\x35\x32\x31\x2d\x32\x2e\x37\x2d\x2e\x31\x38\x38\x2d\x2e\x33\x39\
\x34\x2d\x2e\x34\x31\x37\x2d\x2e\x37\x38\x37\x2d\x2e\x36\x39\x34\
\x2d\x31\x2e\x31\x38\x38\x2c\x31\x2e\x32\x30\x35\x2d\x31\x2e\x34\
\x35\x36\x2c\x31\x2e\x32\x31\x2d\x32\x2e\x36\x39\x34\x2c\x2e\x30\
\x32\x36\x2d\x33\x2e\x38\x37\x36\x2d\x31\x2e\x31\x38\x33\x2d\x31\
\x2e\x31\x38\x31\x2d\x32\x2e\x34\x32\x35\x2d\x31\x2e\x31\x37\x35\
\x2d\x33\x2e\x38\x38\x34\x2c\x2e\x30\x32\x39\x2d\x2e\x34\x30\x31\
\x2d\x2e\x32\x37\x34\x2d\x2e\x37\x39\x34\x2d\x2e\x35\x30\x31\x2d\
\x31\x2e\x31\x38\x38\x2d\x2e\x36\x38\x38\x2d\x2e\x32\x31\x37\x2d\
\x31\x2e\x37\x30\x36\x2d\x31\x2e\x31\x33\x34\x2d\x32\x2e\x35\x32\
\x34\x2d\x32\x2e\x37\x30\x35\x2d\x32\x2e\x35\x32\x34\x2d\x31\x2e\
\x36\x30\x32\x2c\x2e\x30\x30\x38\x2d\x32\x2e\x34\x39\x35\x2c\x2e\
\x38\x34\x39\x2d\x32\x2e\x37\x32\x35\x2c\x32\x2e\x35\x36\x39\x2d\
\x2e\x33\x39\x32\x2c\x2e\x31\x38\x39\x2d\x2e\x37\x39\x31\x2c\x2e\
\x34\x32\x31\x2d\x31\x2e\x31\x39\x2c\x2e\x36\x39\x31\x2d\x31\x2e\
\x34\x35\x31\x2d\x31\x2e\x31\x39\x37\x2d\x32\x2e\x36\x39\x34\x2d\
\x31\x2e\x31\x39\x34\x2d\x33\x2e\x38\x39\x2c\x30\x2d\x31\x2e\x31\
\x37\x38\x2c\x31\x2e\x31\x37\x35\x2d\x31\x2e\x31\x38\x2c\x32\x2e\
\x34\x34\x38\x2d\x2e\x30\x30\x31\x2c\x33\x2e\x38\x38\x32\x2d\x2e\
\x32\x37\x33\x2c\x2e\x34\x2d\x2e\x35\x30\x36\x2c\x2e\x37\x39\x38\
\x2d\x2e\x36\x39\x36\x2c\x31\x2e\x31\x38\x39\x2d\x31\x2e\x37\x31\
\x39\x2c\x2e\x32\x32\x39\x2d\x32\x2e\x35\x36\x2c\x31\x2e\x31\x32\
\x32\x2d\x32\x2e\x35\x36\x38\x2c\x32\x2e\x37\x32\x31\x2d\x2e\x30\
\x30\x38\x2c\x31\x2e\x35\x39\x35\x2c\x2e\x38\x31\x37\x2c\x32\x2e\
\x34\x38\x31\x2c\x32\x2e\x35\x32\x31\x2c\x32\x2e\x37\x2c\x2e\x31\
\x38\x38\x2c\x2e\x33\x39\x34\x2c\x2e\x34\x31\x37\x2c\x2e\x37\x38\
\x37\x2c\x2e\x36\x39\x34\x2c\x31\x2e\x31\x38\x38\x2d\x31\x2e\x32\
\x30\x35\x2c\x31\x2e\x34\x35\x36\x2d\x31\x2e\x32\x31\x2c\x32\x2e\
\x36\x39\x34\x2d\x2e\x30\x32\x36\x2c\x33\x2e\x38\x37\x36\x2c\x31\
\x2e\x31\x38\x34\x2c\x31\x2e\x31\x38\x32\x2c\x32\x2e\x34\x32\x35\
\x2c\x31\x2e\x31\x37\x36\x2c\x33\x2e\x38\x38\x34\x2d\x2e\x30\x32\
\x39\x2c\x2e\x34\x30\x31\x2c\x2e\x32\x37\x34\x2c\x2e\x37\x39\x34\
\x2c\x2e\x35\x30\x31\x2c\x31\x2e\x31\x38\x38\x2c\x2e\x36\x38\x38\
\x2c\x2e\x32\x31\x36\x2c\x31\x2e\x36\x39\x37\x2c\x31\x2e\x31\x31\
\x33\x2c\x32\x2e\x35\x32\x34\x2c\x32\x2e\x36\x38\x32\x2c\x32\x2e\
\x35\x32\x34\x2c\x31\x2e\x36\x30\x35\x2c\x30\x2c\x32\x2e\x35\x31\
\x39\x2d\x2e\x38\x34\x39\x2c\x32\x2e\x37\x34\x39\x2d\x32\x2e\x35\
\x36\x39\x2c\x2e\x33\x39\x32\x2d\x2e\x31\x38\x39\x2c\x2e\x37\x39\
\x31\x2d\x2e\x34\x32\x31\x2c\x31\x2e\x31\x39\x2d\x2e\x36\x39\x31\
\x2c\x31\x2e\x34\x35\x31\x2c\x31\x2e\x31\x39\x37\x2c\x32\x2e\x36\
\x39\x34\x2c\x31\x2e\x31\x39\x33\x2c\x33\x2e\x38\x39\x2c\x30\x2c\
\x31\x2e\x31\x37\x38\x2d\x31\x2e\x31\x37\x35\x2c\x31\x2e\x31\x38\
\x2d\x32\x2e\x34\x34\x38\x2c\x2e\x30\x30\x31\x2d\x33\x2e\x38\x38\
\x32\x2c\x2e\x32\x37\x33\x2d\x2e\x34\x2c\x2e\x35\x30\x36\x2d\x2e\
\x37\x39\x38\x2c\x2e\x36\x39\x36\x2d\x31\x2e\x31\x38\x39\x2c\x31\
\x2e\x37\x31\x39\x2d\x2e\x32\x32\x39\x2c\x32\x2e\x35\x36\x2d\x31\
\x2e\x31\x32\x32\x2c\x32\x2e\x35\x36\x38\x2d\x32\x2e\x37\x32\x31\
\x5a\x6d\x2d\x33\x2e\x33\x36\x2c\x32\x2e\x30\x35\x33\x63\x2d\x2e\
\x32\x32\x37\x2c\x2e\x35\x31\x35\x2d\x2e\x35\x34\x34\x2c\x31\x2e\
\x30\x35\x31\x2d\x2e\x39\x34\x32\x2c\x31\x2e\x35\x39\x34\x2d\x2e\
\x31\x34\x32\x2c\x2e\x31\x39\x33\x2d\x2e\x31\x32\x37\x2c\x2e\x34\
\x35\x39\x2c\x2e\x30\x33\x36\x2c\x2e\x36\x33\x35\x2c\x31\x2e\x33\
\x37\x33\x2c\x31\x2e\x34\x38\x37\x2c\x2e\x38\x39\x38\x2c\x32\x2e\
\x32\x2c\x2e\x32\x39\x35\x2c\x32\x2e\x38\x30\x32\x2d\x2e\x36\x33\
\x2c\x2e\x36\x32\x38\x2d\x31\x2e\x33\x32\x31\x2c\x31\x2e\x30\x37\
\x38\x2d\x32\x2e\x38\x31\x32\x2d\x2e\x32\x39\x35\x2d\x2e\x31\x37\
\x35\x2d\x2e\x31\x36\x32\x2d\x2e\x34\x34\x2d\x2e\x31\x37\x36\x2d\
\x2e\x36\x33\x34\x2d\x2e\x30\x33\x36\x2d\x2e\x35\x34\x31\x2c\x2e\
\x33\x39\x35\x2d\x31\x2e\x30\x37\x37\x2c\x2e\x37\x31\x2d\x31\x2e\
\x35\x39\x35\x2c\x2e\x39\x33\x37\x2d\x2e\x31\x36\x37\x2c\x2e\x30\
\x37\x33\x2d\x2e\x32\x38\x32\x2c\x2e\x32\x33\x32\x2d\x2e\x32\x39\
\x37\x2c\x2e\x34\x31\x35\x2d\x2e\x31\x33\x39\x2c\x31\x2e\x36\x31\
\x35\x2d\x2e\x37\x37\x39\x2c\x31\x2e\x39\x34\x32\x2d\x31\x2e\x37\
\x36\x36\x2c\x31\x2e\x39\x34\x37\x2d\x31\x2e\x30\x30\x38\x2d\x2e\
\x30\x32\x37\x2d\x31\x2e\x36\x30\x39\x2d\x2e\x33\x30\x34\x2d\x31\
\x2e\x37\x33\x34\x2d\x31\x2e\x39\x2d\x2e\x30\x31\x35\x2d\x2e\x31\
\x38\x36\x2d\x2e\x31\x33\x31\x2d\x2e\x33\x34\x38\x2d\x2e\x33\x30\
\x32\x2d\x2e\x34\x32\x31\x2d\x2e\x35\x32\x31\x2d\x2e\x32\x32\x32\
\x2d\x31\x2e\x30\x34\x31\x2d\x2e\x35\x32\x36\x2d\x31\x2e\x35\x38\
\x38\x2d\x2e\x39\x32\x39\x2d\x2e\x30\x38\x39\x2d\x2e\x30\x36\x35\
\x2d\x2e\x31\x39\x33\x2d\x2e\x30\x39\x37\x2d\x2e\x32\x39\x36\x2d\
\x2e\x30\x39\x37\x2d\x2e\x31\x32\x32\x2c\x30\x2d\x2e\x32\x34\x33\
\x2c\x2e\x30\x34\x34\x2d\x2e\x33\x33\x38\x2c\x2e\x31\x33\x32\x2d\
\x31\x2e\x35\x30\x33\x2c\x31\x2e\x33\x38\x33\x2d\x32\x2e\x32\x31\
\x31\x2c\x2e\x39\x31\x39\x2d\x32\x2e\x38\x30\x37\x2c\x2e\x33\x32\
\x34\x2d\x2e\x35\x39\x35\x2d\x2e\x35\x39\x34\x2d\x31\x2e\x30\x36\
\x2d\x31\x2e\x32\x39\x39\x2c\x2e\x33\x32\x33\x2d\x32\x2e\x37\x39\
\x37\x2c\x2e\x31\x36\x33\x2d\x2e\x31\x37\x37\x2c\x2e\x31\x37\x38\
\x2d\x2e\x34\x34\x34\x2c\x2e\x30\x33\x35\x2d\x2e\x36\x33\x37\x2d\
\x2e\x34\x2d\x2e\x35\x34\x31\x2d\x2e\x37\x31\x36\x2d\x31\x2e\x30\
\x37\x35\x2d\x2e\x39\x33\x37\x2d\x31\x2e\x35\x38\x38\x2d\x2e\x30\
\x37\x33\x2d\x2e\x31\x37\x2d\x2e\x32\x33\x34\x2d\x2e\x32\x38\x36\
\x2d\x2e\x34\x31\x39\x2d\x2e\x33\x30\x31\x2d\x31\x2e\x35\x38\x37\
\x2d\x2e\x31\x32\x36\x2d\x31\x2e\x39\x30\x33\x2d\x2e\x37\x35\x35\
\x2d\x31\x2e\x38\x39\x38\x2d\x31\x2e\x37\x32\x39\x2c\x2e\x30\x30\
\x35\x2d\x2e\x39\x38\x34\x2c\x2e\x33\x33\x33\x2d\x31\x2e\x36\x32\
\x32\x2c\x31\x2e\x39\x34\x36\x2d\x31\x2e\x37\x36\x31\x2c\x2e\x31\
\x38\x32\x2d\x2e\x30\x31\x36\x2c\x2e\x33\x34\x31\x2d\x2e\x31\x32\
\x39\x2c\x2e\x34\x31\x35\x2d\x2e\x32\x39\x36\x2c\x2e\x32\x32\x37\
\x2d\x2e\x35\x31\x35\x2c\x2e\x35\x34\x34\x2d\x31\x2e\x30\x35\x31\
\x2c\x2e\x39\x34\x32\x2d\x31\x2e\x35\x39\x34\x2c\x2e\x31\x34\x32\
\x2d\x2e\x31\x39\x33\x2c\x2e\x31\x32\x37\x2d\x2e\x34\x35\x39\x2d\
\x2e\x30\x33\x36\x2d\x2e\x36\x33\x35\x2d\x31\x2e\x33\x37\x33\x2d\
\x31\x2e\x34\x38\x37\x2d\x2e\x38\x39\x38\x2d\x32\x2e\x32\x2d\x2e\
\x32\x39\x35\x2d\x32\x2e\x38\x30\x32\x2c\x2e\x36\x30\x36\x2d\x2e\
\x36\x30\x34\x2c\x31\x2e\x33\x32\x31\x2d\x31\x2e\x30\x38\x2c\x32\
\x2e\x38\x31\x32\x2c\x2e\x32\x39\x35\x2c\x2e\x31\x37\x36\x2c\x2e\
\x31\x36\x33\x2c\x2e\x34\x34\x31\x2c\x2e\x31\x37\x38\x2c\x2e\x36\
\x33\x34\x2c\x2e\x30\x33\x36\x2c\x2e\x35\x34\x31\x2d\x2e\x33\x39\
\x35\x2c\x31\x2e\x30\x37\x37\x2d\x2e\x37\x31\x2c\x31\x2e\x35\x39\
\x35\x2d\x2e\x39\x33\x37\x2c\x2e\x31\x36\x37\x2d\x2e\x30\x37\x33\
\x2c\x2e\x32\x38\x32\x2d\x2e\x32\x33\x32\x2c\x2e\x32\x39\x37\x2d\
\x2e\x34\x31\x35\x2c\x2e\x31\x33\x39\x2d\x31\x2e\x36\x31\x35\x2c\
\x2e\x37\x37\x39\x2d\x31\x2e\x39\x34\x32\x2c\x31\x2e\x37\x36\x36\
\x2d\x31\x2e\x39\x34\x37\x2c\x2e\x39\x39\x2d\x2e\x30\x32\x37\x2c\
\x31\x2e\x36\x30\x38\x2c\x2e\x33\x30\x34\x2c\x31\x2e\x37\x33\x34\
\x2c\x31\x2e\x39\x2c\x2e\x30\x31\x35\x2c\x2e\x31\x38\x36\x2c\x2e\
\x31\x33\x31\x2c\x2e\x33\x34\x38\x2c\x2e\x33\x30\x32\x2c\x2e\x34\
\x32\x31\x2c\x2e\x35\x32\x31\x2c\x2e\x32\x32\x32\x2c\x31\x2e\x30\
\x34\x31\x2c\x2e\x35\x32\x36\x2c\x31\x2e\x35\x38\x38\x2c\x2e\x39\
\x32\x39\x2c\x2e\x31\x39\x33\x2c\x2e\x31\x34\x32\x2c\x2e\x34\x35\
\x38\x2c\x2e\x31\x32\x37\x2c\x2e\x36\x33\x35\x2d\x2e\x30\x33\x35\
\x2c\x31\x2e\x35\x30\x34\x2d\x31\x2e\x33\x38\x32\x2c\x32\x2e\x32\
\x31\x32\x2d\x2e\x39\x31\x38\x2c\x32\x2e\x38\x30\x37\x2d\x2e\x33\
\x32\x34\x2c\x2e\x35\x39\x35\x2c\x2e\x35\x39\x34\x2c\x31\x2e\x30\
\x36\x2c\x31\x2e\x32\x39\x39\x2d\x2e\x33\x32\x33\x2c\x32\x2e\x37\
\x39\x37\x2d\x2e\x31\x36\x33\x2c\x2e\x31\x37\x37\x2d\x2e\x31\x37\
\x38\x2c\x2e\x34\x34\x34\x2d\x2e\x30\x33\x35\x2c\x2e\x36\x33\x37\
\x2c\x2e\x34\x2c\x2e\x35\x34\x31\x2c\x2e\x37\x31\x36\x2c\x31\x2e\
\x30\x37\x35\x2c\x2e\x39\x33\x37\x2c\x31\x2e\x35\x38\x38\x2c\x2e\
\x30\x37\x33\x2c\x2e\x31\x37\x2c\x2e\x32\x33\x34\x2c\x2e\x32\x38\
\x36\x2c\x2e\x34\x31\x39\x2c\x2e\x33\x30\x31\x2c\x31\x2e\x35\x38\
\x37\x2c\x2e\x31\x32\x36\x2c\x31\x2e\x39\x30\x33\x2c\x2e\x37\x35\
\x35\x2c\x31\x2e\x38\x39\x38\x2c\x31\x2e\x37\x32\x39\x2d\x2e\x30\
\x30\x35\x2c\x2e\x39\x38\x34\x2d\x2e\x33\x33\x33\x2c\x31\x2e\x36\
\x32\x32\x2d\x31\x2e\x39\x34\x36\x2c\x31\x2e\x37\x36\x31\x2d\x2e\
\x31\x38\x32\x2c\x2e\x30\x31\x36\x2d\x2e\x33\x34\x31\x2c\x2e\x31\
\x32\x39\x2d\x2e\x34\x31\x35\x2c\x2e\x32\x39\x36\x5a\x22\x20\x66\
\x69\x6c\x6c\x3d\x22\x77\x68\x69\x74\x65\x22\x2f\x3e\x0a\x20\x20\
\x3c\x2f\x67\x3e\x0a\x3c\x2f\x73\x76\x67\x3e\x0a\
\x00\x00\x03\x44\
\x3c\
\x3f\x78\x6d\x6c\x20\x76\x65\x72\x73\x69\x6f\x6e\x3d\x22\x31\x2e\
\x30\x22\x20\x65\x6e\x63\x6f\x64\x69\x6e\x67\x3d\x22\x55\x54\x46\
\x2d\x38\x22\x3f\x3e\x0a\x3c\x73\x76\x67\x20\x78\x6d\x6c\x6e\x73\
\x3d\x22\x68\x74\x74\x70\x3a\x2f\x2f\x77\x77\x77\x2e\x77\x33\x2e\
\x6f\x72\x67\x2f\x32\x30\x30\x30\x2f\x73\x76\x67\x22\x20\x69\x64\
\x3d\x22\x4c\x61\x79\x65\x72\x5f\x31\x22\x20\x64\x61\x74\x61\x2d\
\x6e\x61\x6d\x65\x3d\x22\x4c\x61\x79\x65\x72\x20\x31\x22\x20\x76\
\x69\x65\x77\x42\x6f\x78\x3d\x22\x30\x20\x30\x20\x32\x34\x20\x32\
\x34\x22\x3e\x0a\x20\x20\x3c\x70\x61\x74\x68\x20\x64\x3d\x22\x4d\
\x32\x30\x2e\x34\x35\x31\x2c\x31\x30\x2e\x33\x35\x38\x63\x2d\x31\
\x2e\x32\x37\x32\x2d\x31\x2e\x34\x39\x2d\x33\x2e\x35\x33\x32\x2d\
\x33\x2e\x37\x33\x33\x2d\x37\x2e\x30\x36\x39\x2d\x35\x2e\x39\x35\
\x39\x2d\x32\x2e\x39\x30\x35\x2d\x31\x2e\x38\x33\x2d\x35\x2e\x34\
\x38\x38\x2d\x32\x2e\x38\x2d\x37\x2e\x31\x34\x33\x2d\x33\x2e\x32\
\x39\x32\x2d\x2e\x37\x38\x34\x2d\x2e\x32\x33\x31\x2d\x31\x2e\x36\
\x31\x2d\x2e\x30\x38\x35\x2d\x32\x2e\x32\x36\x37\x2c\x2e\x34\x30\
\x34\x2d\x2e\x36\x35\x35\x2c\x2e\x34\x38\x39\x2d\x31\x2e\x30\x33\
\x31\x2c\x31\x2e\x32\x33\x37\x2d\x31\x2e\x30\x33\x31\x2c\x32\x2e\
\x30\x35\x32\x56\x32\x30\x2e\x34\x33\x37\x63\x30\x2c\x2e\x38\x31\
\x35\x2c\x2e\x33\x37\x36\x2c\x31\x2e\x35\x36\x32\x2c\x31\x2e\x30\
\x33\x31\x2c\x32\x2e\x30\x35\x32\x2c\x2e\x34\x35\x32\x2c\x2e\x33\
\x33\x37\x2c\x2e\x39\x38\x34\x2c\x2e\x35\x31\x32\x2c\x31\x2e\x35\
\x32\x38\x2c\x2e\x35\x31\x32\x2c\x2e\x32\x34\x36\x2c\x30\x2c\x2e\
\x34\x39\x34\x2d\x2e\x30\x33\x36\x2c\x2e\x37\x33\x38\x2d\x2e\x31\
\x30\x38\x2c\x31\x2e\x36\x35\x34\x2d\x2e\x34\x39\x32\x2c\x34\x2e\
\x32\x33\x37\x2d\x31\x2e\x34\x36\x31\x2c\x37\x2e\x31\x34\x33\x2d\
\x33\x2e\x32\x39\x31\x2c\x33\x2e\x35\x33\x37\x2d\x32\x2e\x32\x32\
\x37\x2c\x35\x2e\x37\x39\x37\x2d\x34\x2e\x34\x37\x2c\x37\x2e\x30\
\x37\x2d\x35\x2e\x39\x36\x2c\x2e\x38\x31\x31\x2d\x2e\x39\x35\x31\
\x2c\x2e\x38\x31\x31\x2d\x32\x2e\x33\x33\x32\x2c\x30\x2d\x33\x2e\
\x32\x38\x34\x5a\x6d\x2d\x2e\x37\x36\x2c\x32\x2e\x36\x33\x35\x63\
\x2d\x31\x2e\x32\x32\x39\x2c\x31\x2e\x34\x33\x37\x2d\x33\x2e\x34\
\x31\x32\x2c\x33\x2e\x36\x30\x33\x2d\x36\x2e\x38\x34\x33\x2c\x35\
\x2e\x37\x36\x33\x2d\x32\x2e\x38\x30\x39\x2c\x31\x2e\x37\x36\x39\
\x2d\x35\x2e\x33\x2c\x32\x2e\x37\x30\x35\x2d\x36\x2e\x38\x39\x35\
\x2c\x33\x2e\x31\x37\x38\x2d\x2e\x34\x37\x37\x2c\x2e\x31\x34\x33\
\x2d\x2e\x39\x38\x32\x2c\x2e\x30\x35\x33\x2d\x31\x2e\x33\x38\x33\
\x2d\x2e\x32\x34\x37\x2d\x2e\x34\x2d\x2e\x32\x39\x39\x2d\x2e\x36\
\x33\x2d\x2e\x37\x35\x34\x2d\x2e\x36\x33\x2d\x31\x2e\x32\x35\x56\
\x33\x2e\x35\x36\x33\x63\x30\x2d\x2e\x34\x39\x36\x2c\x2e\x32\x32\
\x39\x2d\x2e\x39\x35\x32\x2c\x2e\x36\x33\x2d\x31\x2e\x32\x35\x2c\
\x2e\x32\x37\x35\x2d\x2e\x32\x30\x36\x2c\x2e\x36\x30\x31\x2d\x2e\
\x33\x31\x32\x2c\x2e\x39\x33\x33\x2d\x2e\x33\x31\x32\x2c\x2e\x31\
\x35\x2c\x30\x2c\x2e\x33\x30\x32\x2c\x2e\x30\x32\x31\x2c\x2e\x34\
\x35\x2c\x2e\x30\x36\x36\x2c\x31\x2e\x35\x39\x35\x2c\x2e\x34\x37\
\x33\x2c\x34\x2e\x30\x38\x36\x2c\x31\x2e\x34\x30\x39\x2c\x36\x2e\
\x38\x39\x35\x2c\x33\x2e\x31\x37\x39\x2c\x33\x2e\x34\x33\x31\x2c\
\x32\x2e\x31\x35\x39\x2c\x35\x2e\x36\x31\x34\x2c\x34\x2e\x33\x32\
\x36\x2c\x36\x2e\x38\x34\x32\x2c\x35\x2e\x37\x36\x32\x2c\x2e\x34\
\x39\x31\x2c\x2e\x35\x37\x36\x2c\x2e\x34\x39\x31\x2c\x31\x2e\x34\
\x31\x31\x2c\x30\x2c\x31\x2e\x39\x38\x36\x5a\x22\x20\x66\x69\x6c\
\x6c\x3d\x22\x77\x68\x69\x74\x65\x22\x2f\x3e\x0a\x3c\x2f\x73\x76\
\x67\x3e\x0a\
\x00\x00\x03\x35\
\x3c\
\x3f\x78\x6d\x6c\x20\x76\x65\x72\x73\x69\x6f\x6e\x3d\x22\x31\x2e\
\x30\x22\x20\x65\x6e\x63\x6f\x64\x69\x6e\x67\x3d\x22\x55\x54\x46\
\x2d\x38\x22\x3f\x3e\x0a\x3c\x73\x76\x67\x20\x78\x6d\x6c\x6e\x73\
\x3d\x22\x68\x74\x74\x70\x3a\x2f\x2f\x77\x77\x77\x2e\x77\x33\x2e\
\x6f\x72\x67\x2f\x32\x30\x30\x30\x2f\x73\x76\x67\x22\x20\x69\x64\
\x3d\x22\x4c\x61\x79\x65\x72\x5f\x31\x22\x20\x64\x61\x74\x61\x2d\
\x6e\x61\x6d\x65\x3d\x22\x4c\x61\x79\x65\x72\x20\x31\x22\x20\x76\
\x69\x65\x77\x42\x6f\x78\x3d\x22\x30\x20\x30\x20\x32\x34\x20\x32\
\x34\x22\x3e\x0a\x20\x20\x3c\x70\x61\x74\x68\x20\x64\x3d\x22\x4d\
\x31\x31\x2e\x37\x38\x35\x2c\x31\x35\x2e\x34\x33\x38\x63\x2d\x32\
\x2e\x30\x31\x2d\x2e\x39\x31\x34\x2d\x33\x2e\x32\x33\x35\x2d\x32\
\x2e\x37\x39\x33\x2d\x33\x2e\x36\x30\x39\x2d\x33\x2e\x34\x33\x38\
\x2c\x2e\x33\x37\x34\x2d\x2e\x36\x34\x35\x2c\x31\x2e\x35\x39\x39\
\x2d\x32\x2e\x35\x32\x33\x2c\x33\x2e\x36\x30\x39\x2d\x33\x2e\x34\
\x33\x38\x2c\x2e\x32\x35\x31\x2d\x2e\x31\x31\x34\x2c\x2e\x33\x36\
\x32\x2d\x2e\x34\x31\x31\x2c\x2e\x32\x34\x38\x2d\x2e\x36\x36\x32\
\x2d\x2e\x31\x31\x34\x2d\x2e\x32\x35\x31\x2d\x2e\x34\x30\x38\x2d\
\x2e\x33\x36\x34\x2d\x2e\x36\x36\x32\x2d\x2e\x32\x34\x38\x2d\x32\
\x2e\x37\x36\x38\x2c\x31\x2e\x32\x35\x38\x2d\x34\x2e\x31\x35\x36\
\x2c\x34\x2e\x30\x30\x39\x2d\x34\x2e\x32\x31\x34\x2c\x34\x2e\x31\
\x32\x35\x2d\x2e\x30\x36\x39\x2c\x2e\x31\x34\x2d\x2e\x30\x36\x39\
\x2c\x2e\x33\x30\x34\x2c\x30\x2c\x2e\x34\x34\x34\x2c\x2e\x30\x35\
\x38\x2c\x2e\x31\x31\x37\x2c\x31\x2e\x34\x34\x35\x2c\x32\x2e\x38\
\x36\x39\x2c\x34\x2e\x32\x31\x34\x2c\x34\x2e\x31\x32\x37\x2c\x2e\
\x30\x36\x37\x2c\x2e\x30\x33\x31\x2c\x2e\x31\x33\x38\x2c\x2e\x30\
\x34\x35\x2c\x2e\x32\x30\x37\x2c\x2e\x30\x34\x35\x2c\x2e\x31\x39\
\x2c\x30\x2c\x2e\x33\x37\x32\x2d\x2e\x31\x30\x39\x2c\x2e\x34\x35\
\x36\x2d\x2e\x32\x39\x33\x2c\x2e\x31\x31\x34\x2d\x2e\x32\x35\x31\
\x2c\x2e\x30\x30\x33\x2d\x2e\x35\x34\x38\x2d\x2e\x32\x34\x38\x2d\
\x2e\x36\x36\x32\x5a\x22\x2f\x3e\x0a\x20\x20\x3c\x70\x61\x74\x68\
\x20\x64\x3d\x22\x4d\x31\x36\x2e\x36\x30\x32\x2c\x31\x34\x2e\x38\
\x30\x38\x63\x2d\x31\x2e\x39\x31\x2d\x2e\x38\x36\x38\x2d\x33\x2e\
\x31\x31\x32\x2d\x32\x2e\x32\x33\x31\x2d\x33\x2e\x35\x36\x31\x2d\
\x32\x2e\x38\x30\x38\x2c\x2e\x34\x34\x39\x2d\x2e\x35\x37\x37\x2c\
\x31\x2e\x36\x35\x2d\x31\x2e\x39\x33\x39\x2c\x33\x2e\x35\x36\x31\
\x2d\x32\x2e\x38\x30\x37\x2c\x2e\x32\x35\x31\x2d\x2e\x31\x31\x34\
\x2c\x2e\x33\x36\x32\x2d\x2e\x34\x31\x31\x2c\x2e\x32\x34\x38\x2d\
\x2e\x36\x36\x32\x2d\x2e\x31\x31\x34\x2d\x2e\x32\x35\x31\x2d\x2e\
\x34\x30\x39\x2d\x2e\x33\x36\x33\x2d\x2e\x36\x36\x32\x2d\x2e\x32\
\x34\x38\x2d\x32\x2e\x37\x34\x2c\x31\x2e\x32\x34\x36\x2d\x34\x2e\
\x31\x32\x38\x2c\x33\x2e\x33\x35\x36\x2d\x34\x2e\x31\x38\x36\x2c\
\x33\x2e\x34\x34\x36\x2d\x2e\x31\x30\x37\x2c\x2e\x31\x36\x35\x2d\
\x2e\x31\x30\x37\x2c\x2e\x33\x37\x38\x2c\x30\x2c\x2e\x35\x34\x33\
\x2c\x2e\x30\x35\x38\x2c\x2e\x30\x38\x39\x2c\x31\x2e\x34\x34\x36\
\x2c\x32\x2e\x32\x30\x31\x2c\x34\x2e\x31\x38\x36\x2c\x33\x2e\x34\
\x34\x37\x2c\x2e\x30\x36\x37\x2c\x2e\x30\x33\x31\x2c\x2e\x31\x33\
\x38\x2c\x2e\x30\x34\x35\x2c\x2e\x32\x30\x37\x2c\x2e\x30\x34\x35\
\x2c\x2e\x31\x39\x2c\x30\x2c\x2e\x33\x37\x32\x2d\x2e\x31\x30\x39\
\x2c\x2e\x34\x35\x36\x2d\x2e\x32\x39\x33\x2c\x2e\x31\x31\x34\x2d\
\x2e\x32\x35\x31\x2c\x2e\x30\x30\x33\x2d\x2e\x35\x34\x38\x2d\x2e\
\x32\x34\x38\x2d\x2e\x36\x36\x32\x5a\x22\x2f\x3e\x0a\x3c\x2f\x73\
\x76\x67\x3e\x0a\
\x00\x00\x58\x81\
\x89\
\x50\x4e\x47\x0d\x0a\x1a\x0a\x00\x00\x00\x0d\x49\x48\x44\x52\x00\
\x00\x00\xca\x00\x00\x00\x66\x08\x06\x00\x00\x00\x8a\xbb\x0e\x3d\
\x00\x00\x00\x01\x73\x52\x47\x42\x00\xae\xce\x1c\xe9\x00\x00\x20\
\x00\x49\x44\x41\x54\x78\x5e\xec\x7d\x07\x98\x15\xd5\xf9\xfe\x37\
\x7d\xe6\xd6\xbd\xcb\x16\x96\xde\x16\x10\x44\x8a\xa2\x62\xc3\x12\
\x7b\x2f\x88\xa2\xd8\x0b\x62\x8c\xbd\xd7\xc4\x68\x8c\xc6\x6e\xa2\
\x62\x0c\x8a\x25\x16\x24\xd6\x48\x6c\xa0\x22\x88\x14\x91\xde\x96\
\xce\x2e\xdb\xf7\xb6\xa9\x67\xce\xfc\x7f\xdf\x99\x7b\xd9\xbb\x77\
\x97\xb2\x44\x2c\xff\x30\x0f\x3c\xdb\xe6\x4e\x39\xe7\xbc\xe7\xeb\
\xef\xc7\x79\x9e\x77\x1f\xec\x39\x7e\xb5\x23\xd0\xf8\xd4\xd9\x67\
\xda\xd5\xcb\xf7\x16\xbb\x0f\x9d\x19\x1d\xfd\x97\xe9\x62\xb4\xd8\
\xf9\xd5\xbe\xcc\x2f\xf8\xc1\xb9\x3d\x40\xf9\x05\xcf\xce\x0e\x1e\
\x8d\x12\x93\x5b\xfb\x87\xa3\x6f\x2e\x55\x89\x96\x70\x65\x30\x42\
\xa5\x8b\x3a\x8f\x79\xe8\x23\xb5\xb4\x97\xf5\xeb\x7d\xab\x5f\xe6\
\x93\xef\x01\xca\x2f\x73\x5e\x76\xea\xa9\x6a\xe7\x7f\xda\xc1\xf9\
\xe4\xf1\xdf\x4a\x46\x0d\xd8\xb6\x0d\x62\xa4\x10\x12\x5c\x74\x75\
\xa7\x51\xf7\xbd\xa7\xf5\x1c\x9c\xe2\x79\x7e\xa7\xae\xb3\xe7\xa4\
\x1d\x8f\xc0\x1e\xa0\xec\x78\x8c\x7e\x91\x67\x50\x4a\x61\xd3\x1b\
\xf7\x0f\x11\x2a\xbe\x3c\x55\x30\x6a\x41\x53\x65\xb0\x5c\x0a\xb6\
\x18\x06\x37\x54\x5a\xa5\x1d\x72\xe1\xbb\x25\xc3\x4f\xaa\xf9\x45\
\x3e\xfc\xaf\xf0\xa1\xf6\x00\xe5\x57\x38\x69\xf8\xc8\x08\x94\x8a\
\x47\xce\x3e\xab\xc0\xd8\x34\xd0\xb3\xe2\x20\x6b\x21\xb0\xa9\x07\
\xae\xeb\x02\x48\x1a\xd8\x52\x24\x1e\x3e\xe8\xbc\x77\x0a\x0e\x3d\
\x6f\xe3\x1e\xc9\xf2\xdf\x4f\xf2\x1e\xa0\xfc\xf7\x63\xf8\xb3\x5c\
\x81\xd8\x36\x57\xf7\xf8\xe9\xb7\xf2\xc9\x4a\x25\x1a\x52\xa0\x21\
\x9e\x02\x51\x56\x41\x11\x7d\x10\x59\x36\x05\x43\x8e\x9a\xf2\xb0\
\x33\xa6\x74\x3c\xf1\xea\x55\x3c\x2f\xfe\x2c\xcf\xf9\xff\xcb\x4d\
\xf7\x00\xe5\x57\x3a\x93\xe9\xf5\x0b\x82\x8d\x13\xae\xbc\x49\xf4\
\x4c\x50\x64\xdf\x16\x71\x1d\xc2\x40\xa2\x4a\x32\x70\x40\x81\x0a\
\x2a\x34\x58\x1e\x11\xfb\x1d\xfe\x71\xe7\xf3\x1e\x9c\xcf\x8b\x7b\
\xc0\xb2\xab\xd3\xbd\x07\x28\xbb\x3a\x72\x3f\xe3\xe7\x10\x0c\x9b\
\x5f\xf8\xed\x88\xc0\x86\xef\x8e\x91\x34\x09\x0c\x23\x0d\x92\xc8\
\x03\x0f\x1c\x70\xd4\x03\x45\x16\xc1\x4c\xa5\x40\x92\x15\x70\x45\
\x19\x12\xa0\x42\xba\x70\xaf\x2f\xfb\x5d\x33\x61\xfa\xcf\xf8\xd8\
\xbf\xea\x5b\xef\x01\xca\xaf\x70\xfa\x28\x25\x50\x71\xff\x29\xa7\
\x77\xa1\xd5\xfb\x18\x1e\x07\x2e\x07\x80\x32\x85\xf3\x28\x88\x1e\
\x01\xc1\xf3\x00\xd8\xef\x45\x30\x28\x80\x5a\xd0\x01\x6a\x12\x69\
\x10\x62\x5d\x16\x74\xbb\xfc\xd9\x8f\xc4\x48\x07\xf2\x2b\x7c\xed\
\x9f\xf5\x91\xf7\x00\xe5\x67\x1d\xfe\x5d\xbb\x39\xd1\x53\x7c\xf2\
\x99\xb3\x6f\xd4\x52\x55\x01\x1d\x04\x70\x39\x94\x26\x04\x78\x8f\
\x82\xe0\x51\x76\x51\x0f\x64\x20\x9c\x00\x1e\x27\x80\xe3\x12\xe0\
\xc0\x05\x4e\x51\xc1\x54\x62\x2b\xcb\x2e\xfe\xdb\x14\xb9\xb8\xdb\
\x9e\x58\x4b\x3b\x86\x7f\x0f\x50\xda\x31\x58\xbf\x94\x53\x6b\xe7\
\x4e\x2d\x72\xde\xbb\xff\x6a\xcd\x6e\x02\xaa\x04\x81\x72\x14\x14\
\x6a\x01\x0f\x14\x5c\x90\x80\x70\x32\x38\x9c\x0a\x94\x03\x90\x39\
\x0f\x88\xa3\x83\x04\x2e\xf0\x92\x0c\x09\x57\x04\x47\x2d\xd8\x5c\
\x74\xca\x4d\x93\x23\x03\x0e\x6f\xda\xe3\x11\xdb\xb9\x59\xdd\x03\
\x94\x9d\x1b\xa7\x5f\xd4\x59\x6b\x5f\xbe\x75\x68\x78\xdd\xcc\x53\
\x34\x92\x02\x8b\x13\xd0\x59\x0c\xa2\xe7\x67\xae\x10\x0e\x81\x22\
\x81\xcb\x29\xe0\x01\x80\x40\x6d\x40\x5b\x5f\xe0\x29\x38\x8e\x03\
\x16\xe5\x81\xf0\x22\x84\x62\x45\x8d\x74\xd8\xd9\x53\x0a\x0f\x1b\
\xbb\x69\x0f\x58\x76\x3c\xbd\x7b\x80\xb2\xe3\x31\xfa\x45\x9d\x41\
\x09\x81\xaa\xbf\x9d\x7f\x3a\xbf\xa5\x62\x1f\x15\x4c\x10\x04\x34\
\x47\x38\x26\x45\x28\xf0\xe0\x01\xc7\x9e\x97\xd9\x29\xa8\x82\xf1\
\x1c\x20\x10\x52\xa9\x14\x84\x42\x21\x90\x04\x0e\x2c\xcb\x00\xcb\
\xb2\x80\x04\x8a\x75\x6e\xe8\x59\xff\xea\x72\xd2\x55\xab\xf7\xb8\
\x8f\xb7\x3f\xcd\x7b\x80\xf2\x8b\x82\xc1\x8e\x1f\xc6\x6e\xdc\x2c\
\x55\x3d\x3d\xfa\x3a\x8d\xd8\x81\x20\x82\x84\x18\xe0\x72\x1c\xd8\
\x9c\x0a\x6e\x46\xba\x20\x48\x44\xcf\x66\xaa\x98\x4d\x28\xc8\x8a\
\x06\x9c\x20\x82\x61\x18\xc0\x79\xc0\xdc\xc9\x12\x2f\x40\x92\x70\
\x90\x94\x0a\x2c\xa5\xff\xa1\x1f\x75\x3e\xfd\xd6\x45\xbc\x28\xef\
\xf8\x01\xfe\x47\xcf\xd8\x03\x94\x5f\xd9\xc4\x27\x97\x7f\x13\x49\
\xbc\x79\xdd\xf5\x2a\x27\x81\xe7\x38\x20\x70\x2e\x53\xbd\x28\x27\
\x32\x89\x82\x87\x6f\xd8\x13\x34\xf3\x41\x16\x78\x06\x10\x51\x0e\
\x00\x88\x32\x0b\x44\x8a\x92\xc2\xd4\x30\x51\xe2\xc1\x75\x1d\xf0\
\xe4\x20\x49\x17\x0f\xfc\xa2\xdb\xc5\x8f\x7f\xcb\xcb\x01\x5f\x14\
\xed\x39\x5a\x8c\xc0\x1e\xa0\xfc\x8a\x16\x04\xc6\x4f\x36\x4e\xfc\
\xed\x01\xca\xfa\x6f\x8f\x13\x05\x0d\x28\x71\x41\xe0\x09\x73\x0b\
\x7b\x5c\x6e\x02\x24\x65\x40\xe1\xd1\x80\xa7\x2e\xa8\xb2\x02\xc9\
\xb4\xce\x80\x22\x6b\x51\xd0\x6d\x07\x08\x71\x21\x20\xf3\x20\x90\
\x14\x70\xa2\x04\x29\x08\x41\x3a\xdc\xf5\xdb\xae\x17\x3d\xfe\x85\
\xdc\xa1\xf3\x9e\x54\xfd\xbc\x75\xb1\x07\x28\xbf\x26\xa0\x10\x1b\
\x56\xff\xe9\xd4\xb3\xa2\x76\xed\x40\x51\x0c\xc1\xff\x95\x48\x00\
\x47\x0d\xe0\xa0\x8d\xb0\x08\x47\x99\x9a\x85\xd2\x06\x21\x94\x95\
\x36\x1e\xda\x31\x19\x50\xe1\xe7\x78\x6a\x83\x28\x08\xe0\x38\x1c\
\xb8\x72\x18\x12\x5a\xc7\x85\x65\x63\x1e\xfc\x58\xe9\x54\x6e\xee\
\x31\xf2\x9b\x17\xc7\x1e\xa0\xfc\x8a\x80\x62\xd6\x6e\x94\x2b\xff\
\x3a\x76\x5c\x99\x46\x63\xf1\x04\x61\x40\x91\x45\xb7\x6d\xa0\xec\
\xcc\x7b\x71\x19\xf3\x9f\x07\xf0\x6c\x17\x08\x27\x82\x23\x86\x21\
\x25\x47\xd7\x96\x8c\xbe\x77\x4a\xb4\xf7\xf0\xd4\xce\x5c\xe6\x7f\
\xe1\x9c\x3d\x40\xf9\x15\xcd\x72\xf5\x37\x93\x3b\xd2\x69\xcf\x5c\
\xc9\xc5\x37\x43\x20\x58\x04\xbc\x28\x80\x6d\x9b\x4c\x5e\xec\xea\
\x41\x5d\x17\x44\x45\x66\x99\xc7\xa2\xa6\x40\xbc\xb1\x09\x0a\x3a\
\x14\x43\xd2\x56\x1a\x0a\x4e\xba\xf1\xb5\xc8\xe0\x63\x1a\x76\xf5\
\xda\xff\x3f\x7d\x6e\x0f\x50\x7e\x45\xb3\xb9\xf6\xa5\x5b\xf7\xd3\
\x36\x7c\x7d\xa2\x46\xe2\x20\x70\x0a\xa4\x75\x13\x64\x4d\x65\xf1\
\x92\x5d\x3d\x44\xd1\x07\x89\xe5\xb9\xc0\xf1\x1e\x04\x64\x0e\xf4\
\x14\xaa\x73\x0a\x18\x42\x41\x4a\x39\x70\xf4\x94\xce\x27\x5c\xb9\
\x76\x57\xaf\xff\xff\xcb\xe7\xf6\x00\xe5\x57\x32\x93\x18\x3f\x59\
\xf5\xd8\x98\x33\xc2\xfa\xda\x41\x61\x4e\x07\xc7\xa4\x10\x8d\x16\
\x40\x42\xb7\x76\x19\x28\x68\xab\x60\xfa\x8b\xe3\x58\x10\x09\x6b\
\x40\x6c\x13\xe2\xf1\x38\x14\x44\x0b\x81\x52\x1e\xa8\x10\x02\x9d\
\x06\x6c\xda\x6b\xf8\x87\xdd\xce\xbb\x67\xd1\xff\xb2\xcd\xb2\x07\
\x28\xbf\x12\xa0\x24\x37\x2c\xd3\x6a\x5f\xbf\xf9\xaa\x20\xa9\x09\
\xf3\x56\x02\x04\xca\xd2\x20\x81\x13\xfc\x08\xfc\xae\x1c\x1e\x07\
\x40\x79\x01\x28\xba\x88\x1d\x93\x05\x24\x29\x05\x20\xae\x07\x9e\
\xc7\x01\x75\x01\x08\xf1\x40\x0c\x15\xbb\xe9\xc2\xbe\x9f\x76\xbb\
\xec\xe1\xef\x78\x59\xdd\xd5\xdb\xed\xca\x23\xfe\x62\x3e\xb3\x07\
\x28\xbf\x98\xa9\xd8\xfe\x83\xd4\xce\xfd\xb8\x83\xf1\xd9\xd3\xbf\
\x15\xed\x7a\x10\x5d\x13\xc2\x6a\x08\xd2\xa9\x14\xf0\x18\x9a\xdf\
\xd5\x83\xa3\x20\x63\x4a\xbe\x69\x42\x40\x0d\x42\x3c\x91\x02\x59\
\x56\x81\x82\xc7\xac\x9e\xa0\xa6\x00\xef\x01\x18\xba\x03\xbc\x18\
\xf4\xe2\xe1\xce\x33\xba\x8d\x7b\x6e\x3a\x1f\x8a\xec\xba\x51\xb4\
\xab\xcf\xfa\x33\x7f\x6e\x0f\x50\x7e\xe6\x09\xd8\x99\xdb\xb3\xb2\
\xdf\x17\xaf\x3b\x50\xae\x5a\x78\xac\xc2\x5b\xe0\x11\x1b\x44\xd7\
\x03\x49\x10\x01\x53\xee\x77\xf9\xe0\x28\xb8\x8e\x0d\xa2\x28\x02\
\xc7\x49\x40\x3d\x0e\x04\x41\x00\xcf\x73\x81\x10\x02\x3c\xe7\x01\
\xb5\x2d\x08\xa2\x1d\x44\x79\x30\x78\x0d\x1a\x95\xd2\xf9\x9d\xc7\
\xfe\xf9\x53\xad\x4b\x39\x7a\x11\xfe\x67\x8e\x3d\x40\xf9\x15\x4c\
\x35\xb1\x4d\x6e\xdd\x93\xe7\x8f\x15\x1b\xd7\xf4\x0c\x85\x02\xe0\
\x51\x17\xa8\x6e\xb1\x85\x2c\x08\x7e\x6e\xd7\xae\x1c\xf8\x49\x94\
\x18\x78\x60\x4d\x0b\x1e\x58\x19\x89\xa9\x2f\x7e\x0c\x06\x40\xc0\
\xc8\xbe\x65\x82\x1c\xd0\x20\x65\xb9\x00\xa1\x22\x48\xba\xa1\x55\
\x9d\xce\xbc\xfd\xc3\x60\xdf\x03\x12\xff\x2b\x76\xcb\x1e\xa0\xec\
\xca\x0a\xfb\x89\x3f\x93\xdc\xb4\x42\xb3\xde\xbe\xe3\x6a\x21\xb1\
\x31\xa8\xdb\x16\x70\x1c\x07\x21\x59\x65\x15\x8d\x36\xd9\xf5\xb2\
\x12\x1f\x28\x7e\x44\x1f\x53\xf5\xb3\x6e\xe6\x66\xa0\x78\xc0\x8b\
\x1c\xa4\x2c\x03\xc4\x40\x00\x2c\xe2\x01\xe5\x54\x90\xa4\x28\x18\
\x06\x54\x17\x9c\x7c\xed\x94\xe8\x7e\x27\xd4\xec\x08\x2c\x28\x11\
\x75\x5d\xe7\xe6\xcd\x99\x53\xb4\x7e\xdd\xba\x98\xeb\xba\x82\xaa\
\x69\x76\x30\x10\xb4\x55\x4d\x75\x82\xc1\x20\xfb\x5f\x50\x50\x60\
\x2b\x9a\xe6\x8a\xa2\xe8\x29\x92\x44\xf1\x2b\x8f\xff\x79\x9e\x25\
\x76\x66\x8f\xfc\xfb\xed\xe8\xfe\x3f\xc6\x74\xed\x01\xca\x8f\x31\
\x8a\xbb\xf9\x1a\x1b\x3f\x7f\xb9\x8b\x34\xf3\x1f\x97\x46\x68\x02\
\x0c\x97\x00\x66\xfa\xaa\x82\x04\xe9\xb4\x01\x82\x2c\xed\xb2\x31\
\xcf\x24\x48\x06\x28\x98\x1f\xe6\x1f\x3c\xab\x63\xf1\x0f\x02\x1e\
\xd8\xe0\xa2\x0a\x26\x6b\xe0\xf1\x2a\xa4\x92\x16\x84\x04\x15\x4a\
\x54\x05\x6a\xd2\x34\xcd\x1d\x7d\xf9\x1b\xc5\x23\xcf\xdb\x66\xaa\
\x3e\xaa\x70\xaf\xbc\x38\x61\xc0\xa2\x85\x0b\x47\xd8\x14\xca\x22\
\xb1\x22\xc1\x30\x6d\x00\xcf\x05\x49\xe0\x59\x8d\xbf\x07\x98\xaf\
\x86\xf1\x53\x8f\x72\x1c\x43\xac\xc3\x73\x9c\xcd\xf3\xbc\xe9\x71\
\x60\x0a\xbc\x68\xf1\x3c\xef\xa0\xef\x81\xe3\x39\x17\x38\xce\xe5\
\x79\x9e\xf2\xc0\xb9\x1c\x70\x24\x10\x0c\xa6\x43\xc1\x60\x3a\x52\
\x50\xa0\x47\x0b\x22\x46\x49\x51\x89\xd1\xad\x5b\xb7\xb4\x16\xd4\
\x5c\x59\x56\xa9\x2c\xcb\x2d\x80\xb6\x2b\xd3\xb5\x07\x28\xbb\x32\
\x6a\x3f\xf1\x67\x96\xbd\x70\xfd\xc1\xd1\x8d\x33\x7f\x53\x24\x58\
\xa0\x13\x02\x96\x43\x40\x93\xd4\x8c\xca\x84\xa9\xf5\xbb\x7e\x64\
\x31\xe1\xab\x60\x28\x4b\x30\xc5\xc5\x07\x09\x70\x04\x28\x67\x03\
\xf0\x22\xe8\x36\x05\x55\x8d\x82\xcc\x89\x40\xd2\x29\x88\xf2\x14\
\x08\x2f\x43\x8d\x58\x60\x7b\x83\x7e\xf3\x6e\x8f\xd3\x6f\x5d\x96\
\xff\x14\x08\x82\x3f\xdf\x7b\xdb\xe1\x89\xc6\xba\x11\x82\x12\x92\
\x5d\x5e\x84\xb4\xed\x81\xa4\x6a\xac\x1a\x93\x38\x16\x88\x39\xaa\
\x23\x66\x1a\x30\xf0\x72\xcd\xea\x64\xf6\x77\xd9\x6b\x67\x7f\xce\
\x7e\x95\x05\x9f\x30\x03\x7f\xc6\xff\x04\xaf\x8b\x89\x6c\xe0\xb9\
\x94\x7a\x44\x14\xc5\x74\xa7\xb2\x4e\xf3\xc6\x5e\x78\xd1\xfc\xb2\
\xb2\xb2\x5d\xce\x61\xdb\x03\x94\x5d\x5f\x63\x3f\xc9\x27\x19\xd1\
\xdd\x4b\x37\x5c\x2a\xac\xf9\xb6\x8b\x6a\xd7\x01\xaf\x69\x00\x1c\
\xcf\xdc\xc3\xb8\xa0\x08\x96\xc7\xef\xe2\x93\xf8\xf6\x08\xae\x1d\
\x4c\x9f\xd4\xc0\x03\xdf\x83\x86\x65\xc3\xc0\xd9\xe0\x71\x2e\x93\
\x33\x02\x92\x54\x98\x04\x38\x42\x21\x82\x86\x3d\x71\x50\x95\x02\
\x2a\x49\xc0\xab\x11\xa8\x07\x0d\x68\xe7\x21\x9f\xf4\xbd\xf8\x91\
\x59\x59\x35\x08\x9f\xfb\xc5\x67\x9e\x1c\xb2\xfc\x87\xb9\xbf\x51\
\x34\x35\xe8\xf2\x18\xd8\x04\x10\x91\x7f\xcc\x71\x41\x91\x65\x16\
\xbf\x41\x3b\x2b\x6b\x27\xb5\x05\x94\xed\xa9\x55\x78\x3e\xde\x07\
\xc7\x21\xfb\x3f\x0b\x1a\x94\x8a\x5b\xc1\x43\x08\x50\x0f\x6a\xcf\
\x3d\xf7\x9c\x37\x46\x8c\x38\xb8\x61\x57\x54\xb5\x1f\x1d\x28\x33\
\x7e\x58\x5f\x94\x26\x9e\x20\x70\x02\xe5\x44\x01\x0b\x89\x38\x94\
\xa8\x1e\x6d\x16\xe8\x59\x11\xcf\x26\x85\x6d\x88\x3f\x96\xb7\x71\
\x1b\x14\xa2\x6d\xd8\xbb\x9e\x9b\xf7\x3c\xf9\x1f\xc5\x22\x8f\xcc\
\xc1\x42\x16\xdb\x38\x3c\x0c\x3c\xb0\x23\xe7\x1d\x72\xbe\xc5\xf7\
\xc3\xe0\x1d\x1e\xe8\x50\xca\xfe\x49\xe0\x7c\x73\x59\xe4\xfd\x5d\
\x1c\xff\xb1\x67\xa2\x94\xe3\x3d\x5c\xa2\x00\x0a\x4f\x5c\xae\x7e\
\x75\x00\x66\xfc\x7d\x4c\x7f\xa1\x4e\x0a\x92\x46\x70\x78\x1e\x6c\
\xac\x81\x27\xc0\xbc\x55\xf9\x3b\x6e\x7b\x30\x93\x0b\x14\xc2\x29\
\x40\x41\xf0\x17\x2d\xbb\xbb\xaf\x8a\x51\x5e\x62\x59\xca\x68\x13\
\xb9\xb6\x0e\xae\x63\x82\x20\x49\x40\x45\x09\x14\x55\x05\xcb\x34\
\x81\x4a\x41\x68\xe2\x23\xa0\x07\x3a\xcf\x1c\x70\xc5\x13\x9f\xf1\
\x6a\xc0\x43\x97\xf3\x6d\xe3\x2e\xbe\x3c\x10\x0e\x75\xd2\x82\x51\
\x06\x68\xd3\x71\x80\x17\x24\x48\x19\x3a\x28\xb2\xc6\x16\x37\xbe\
\xfd\xb6\xde\x01\xff\x8e\x40\xc8\x3f\x72\x25\x4e\x5b\x40\x61\xcf\
\x9d\x75\x4e\x70\x9c\x7f\x7d\x04\x13\x40\xdd\x45\x17\x5f\x3a\x71\
\xc0\x80\x01\x7a\x7b\xc6\x89\xad\xd3\x1f\x9b\xa4\xfb\xe6\xe7\x3f\
\x3d\x97\x88\xa1\x5e\x06\x11\x3d\xdb\xf5\x38\x51\x92\x78\x8f\xc3\
\xec\x08\x8a\x5c\x3a\xc0\x81\xc0\x5e\x82\x0a\x82\xbf\x11\x52\x77\
\xeb\x8e\xb2\x33\x0f\xcf\xa1\x0f\x73\x07\x87\x87\xdb\x54\xe6\xc8\
\x1d\xd4\xdc\x8f\x6d\xf7\x3a\x39\xa2\x7f\x47\xf7\x42\x77\x2a\x1e\
\xb9\x93\xdd\xe2\xfb\x9c\x89\xce\x7d\x2e\x1e\x4b\x11\x71\x12\x5d\
\x3f\xe8\xe7\x0a\x02\x63\x50\x09\x10\x87\x25\x39\xda\x9c\x00\x11\
\xa7\xc6\xee\x95\xfe\x1e\xf6\x86\x0d\x72\x17\x73\x3d\x28\x66\x1d\
\x50\x1c\x36\x81\x07\x8e\x0d\xa2\x07\x02\xe7\xb1\x34\xfb\xff\xea\
\xc8\x31\xe4\x59\x10\x12\x44\x00\x4f\x04\x9c\x38\x2c\xf0\x32\xd3\
\x69\x50\x15\x01\x44\x59\x60\x20\x75\x38\x0f\x1c\x94\x64\x98\xe6\
\x4f\x1d\x50\x24\x15\xd2\x04\x80\x6a\x31\xd0\xd5\xd2\x25\xdd\x2e\
\x7a\xf8\xfd\x4f\xfe\xfd\x51\xd7\xaf\xa7\x7f\x75\xa2\x5a\xd8\x31\
\x16\x37\x6c\xd0\x14\x09\x1c\xdb\x80\x48\x28\xc0\x02\x99\x94\x01\
\x1e\xcb\x01\x70\x0d\xb4\x2d\x13\x73\xe7\x6e\x5b\xf3\xb8\x55\x15\
\xcb\xac\x8a\xec\xcf\x6e\x46\xce\x4a\x92\xc4\xe6\xc6\x76\x7c\xad\
\x2b\x16\x2d\xf8\xe6\xde\xdf\xff\xe1\xb3\xf6\x8e\xd7\x8f\x0e\x94\
\x3f\xbc\x35\xef\x37\xeb\x1a\xec\x83\x5d\x21\x00\xbc\x20\x03\x41\
\x8a\xcf\x9c\x45\xcb\x44\x22\xf3\xd7\x64\x17\x57\x66\xb0\x32\xbb\
\x00\x7a\x61\xd0\x03\xe3\x7b\x63\xda\xd8\x4d\xf2\x7e\x87\xd7\x6a\
\xf3\x60\x93\x9f\x77\x64\x0c\xd7\xd6\x5b\x14\xc5\x9a\x59\x40\x20\
\xb3\xaf\xed\x38\x68\x4e\x1d\x08\xea\xdd\xb9\x47\x4b\x99\x85\x8b\
\xbb\x79\x2c\x10\xcb\xf8\xec\xae\x27\x02\x20\x5b\x0a\xcf\x81\xe4\
\xb9\xa0\xba\x16\x5b\xf8\x26\xcf\x43\xa1\xb3\x19\x06\xa4\xbe\x85\
\x81\x74\x2d\x94\xe8\x9b\x21\x26\x98\x8c\x3e\xc2\xe5\x70\xef\xc7\
\xdd\xd8\x03\x8e\x31\xac\x64\x99\x57\xda\xf7\xec\x28\xc6\x10\x18\
\x0c\x68\x9c\xc3\xde\x1f\x9f\x89\x49\x16\xaa\xf8\x86\x3e\x71\x20\
\x80\x6a\x12\xb5\x80\xa0\x5b\x5a\xe4\x81\xf2\x1c\x78\x18\xd1\xa7\
\x04\x64\xdc\x05\xa9\xc3\xea\x5f\xa8\x20\x61\x7e\x18\x24\x03\x9d\
\x6a\x66\x27\x0b\x57\xfe\xb0\xa1\x7e\x30\x17\x2a\x09\xf3\x5a\x98\
\x9d\x23\x00\x01\xd7\x32\xfc\x8d\x05\xd7\x00\xc6\x6f\x32\xea\x5e\
\xbe\x54\xc9\x02\x63\x47\x12\x85\x5d\xab\x2d\x8d\x81\xf7\x7f\x89\
\x05\x6a\x8a\xa2\x64\x9c\x06\xec\xe7\xc4\x5d\x77\xdd\xf3\x74\x71\
\x71\x71\xbb\x02\x50\x3f\x3a\x50\x26\x7e\xb1\xbc\x7c\xc6\x66\xf7\
\x5c\xdb\x70\x38\xe4\xc1\x15\x44\x25\xc7\x8b\x82\x03\x84\xc6\x97\
\xcf\x3f\x95\x1d\xb0\xec\x62\x63\x52\xdf\xc3\xc9\x43\x3f\x7e\x66\
\xe1\x32\x17\xa6\xbf\x10\x70\x41\x70\x38\xc4\x6c\x62\x71\x51\x8b\
\xac\xfc\xd5\x07\x8b\x7f\x8e\xef\xe6\x64\x17\x6a\xb5\xdc\x71\x87\
\x44\x20\xb0\x21\xcc\x5c\x1f\xef\xe5\x6b\xf9\x0c\xba\xc0\xe5\x8d\
\xfa\xd6\x1f\xb7\x02\x28\xeb\x4e\xf5\x2f\xcf\x16\x16\xf2\x6a\xa1\
\x74\x6f\x05\xe2\xdc\x47\xc0\xfb\xe2\x06\x80\xef\xe0\xbf\x07\x2e\
\x48\x47\x90\x59\xa0\x4f\xa2\x38\x26\x2e\x48\x94\xb0\x98\x86\x2e\
\x48\xd0\xd1\x5e\x03\x87\xe8\x5f\x41\x5f\x6b\x25\xc4\xdc\x14\x04\
\x5c\x2c\xe5\x45\x3b\x15\xc7\x8e\x00\xc7\xbb\x90\x91\xcb\xfe\xbb\
\xe7\x6c\x1a\xd9\x0d\xa4\xf9\x75\xda\x06\x51\xf3\x30\x65\xc7\x34\
\x0b\x1e\xdf\x48\xce\xd6\xb4\x64\xdf\x84\x0d\x61\x66\x61\xe2\x73\
\x7a\x1c\x72\xb8\x5a\xa0\x62\xe9\x31\xe7\x82\x41\x05\x88\x6b\x9d\
\x60\x6e\xa2\xc8\x5a\xa1\x6b\x8a\x21\x86\x59\x3d\x3f\x5e\x87\x41\
\xd0\xc3\x42\x33\x14\xa7\xfe\x3c\x11\x3e\x3b\x7f\xed\xd8\x9d\xda\
\x71\x2a\x03\x20\x7a\xd7\x5c\x60\x9e\x2f\x74\xad\x1d\x71\xd4\x91\
\x2f\x9c\x78\xe2\x89\x55\xed\xb8\xcc\x8f\xaf\x7a\x6d\xac\x4f\xcb\
\xb7\x4f\x5e\x76\x2d\xcf\x4b\x01\x59\x55\xc1\xb0\x5a\x3a\x1a\x10\
\x28\x38\x48\x6c\xc0\x32\x8b\xa5\x19\x28\xdb\x98\xcc\xcc\xa0\x66\
\x17\x19\x5b\xd0\x99\xad\x04\x4b\x60\x7d\xfa\x37\x2c\x87\xcd\xec\
\xac\x5b\x17\x7f\xee\x50\x70\xfe\x64\xb1\x05\xdf\xb2\x1a\x70\x2b\
\xb8\x72\xff\xb2\x35\xbe\xd0\x7c\x8d\x6c\xcc\xc1\x07\x64\x33\x48\
\xf0\xe7\x96\x40\xc1\xe7\xc8\xf5\x46\x65\xef\xe7\x83\x84\x59\x25\
\x68\x88\x82\x00\x96\x20\x31\xd0\x2a\xd4\x05\x91\xe2\x22\x02\x20\
\x02\x80\xcd\xf3\xd0\xc9\x5a\x09\x47\xa6\x3f\x85\x3e\xd6\x2a\x08\
\x61\xa5\xa2\xeb\x80\x40\x51\xe2\xf8\xde\x28\x7f\xd7\x6d\x7e\x17\
\x5f\x3a\xf8\xcf\x95\x7b\xf8\x0b\xbb\xf9\x77\x5b\x4b\x86\xd9\xfe\
\xd0\x1c\x5c\x6c\xcf\xc2\xc1\x73\x31\xa1\x12\x8d\x74\x8f\xda\xa0\
\xd1\x14\xc8\x9c\x0b\x96\xeb\x41\x5c\xeb\x0c\x33\x53\x25\xb0\x52\
\x0f\x82\x25\x84\xc0\xe1\xa4\xad\x97\x66\x31\x1a\x36\xff\xbe\x74\
\x6d\xde\xe8\xda\x7b\x77\xff\xfc\xac\xd4\xce\x3a\x04\xda\xba\x0a\
\x8e\x93\xe3\x7a\x5b\x6d\xba\xfd\xf7\x1f\xfe\xd2\xa8\xd1\xa3\xd7\
\xb7\xe7\x8e\x3f\xba\x44\x21\x94\xc2\x35\x2f\x7f\x7f\x65\x9a\x88\
\x1d\x0d\xc7\x05\x49\x56\x33\x3b\xa9\xff\x58\xc8\x5e\xe8\x0f\x94\
\x1f\xe0\xca\xee\xc8\xfe\x5f\x71\x71\x65\x76\xec\x0c\x9b\xc8\xf6\
\x5e\x86\xa9\x1e\x39\x82\xc3\x97\x0e\x39\x52\xa5\xc5\x87\xf9\x8c\
\x2d\xe4\x5f\x9f\x2d\x28\xb6\x80\xf2\x55\xb4\x6d\xab\x2f\x6d\x08\
\x29\x5f\x75\xc9\x01\xb2\x7f\x71\x5f\x85\xf3\x27\x31\x0b\x98\xcc\
\x7d\x33\x52\x25\x3b\xc9\x48\x2d\x84\x87\x4c\x51\x52\x62\xad\x3b\
\xea\xef\x2e\x93\xaa\x5d\xac\x15\x70\x44\xfa\x13\xe8\x6d\x56\x80\
\xe6\x01\x48\xd4\x05\xc9\xb5\x01\xc0\x62\xc8\x64\x0b\x15\x64\x7f\
\xdb\xc8\xd8\x2a\x59\xc6\x48\xf6\x18\x59\x95\x2c\x03\xea\xad\xee\
\xdf\x9c\xb1\x65\x6c\x2d\x6d\xa9\xa9\x3b\xb1\x8a\x10\xe8\x78\x7f\
\xdc\xf4\x54\x37\x05\x02\xef\x82\x4d\x39\x68\x54\x4b\x61\x66\xb2\
\x04\x56\x5b\x41\x30\x05\xad\x05\x50\x9a\x8d\x47\x1f\xa0\xb9\x9b\
\xcf\x4e\xdc\xb2\xd5\x29\xed\x05\x0a\x5e\x60\xff\xfd\x87\x4f\x3c\
\xeb\xec\xb3\x37\xb4\xe7\x7e\x3f\x3a\x50\xf0\xe6\x77\xbe\x3e\xf7\
\xb0\xcd\x86\x72\x84\x23\xf8\xae\xc4\xec\x2e\xea\x2f\x4b\x5f\xa4\
\x37\xef\x00\xd9\xc5\x9d\x7d\xec\xd6\x60\xc9\x96\xae\xe6\xef\x94\
\xd9\x9d\x29\xbb\x80\xb3\x0b\x3f\x3b\x78\xd9\x1d\x36\x0b\x42\xf6\
\x35\xa3\x37\xf8\xcb\x36\xe3\x4f\xc8\xd5\x71\xb7\xe1\x2b\xc8\x2e\
\xf7\x16\x60\xd9\xba\xc0\x32\x76\x56\xde\xee\xcc\x2e\xc5\x00\x93\
\xbd\x9b\x2f\xf9\xb2\xb7\x63\x76\x6c\xe6\x6f\xa8\x7a\xf9\x63\xe2\
\xbb\x6c\x25\xcf\x80\x1e\xd6\x72\x18\xa9\x7f\x0a\x3d\xac\x0a\xe0\
\x3d\x85\x49\x1c\x24\xba\xe3\x3c\x07\xa8\x80\x14\x45\x48\x28\x21\
\xe6\x00\xc5\x87\x42\xd6\xb8\xcf\x05\x8a\xff\xb6\xcd\xd2\x14\xef\
\x82\xe7\xb2\xe7\xd9\x45\xff\x32\x6a\x07\x2e\x28\xec\x09\x24\x92\
\x06\x9e\x27\xe0\x00\x0f\x75\x72\x31\x7c\x93\xe8\x00\xeb\x9c\x08\
\x58\xbc\xc2\x18\x2b\xf1\x26\x4c\x96\x70\xfe\x06\xc2\x6c\x14\x0f\
\x40\xf4\x9a\x6d\xd4\xf6\x2c\xdc\xec\xb9\x3b\x02\x4a\xd6\xd6\xc9\
\x91\x28\xde\xe1\x23\x0f\xfb\xfb\x89\xa7\x9c\x52\xd9\x9e\xfb\xed\
\x16\xa0\xbc\xf6\xc5\xd2\xee\x53\x57\x19\x17\xda\x62\x08\xfd\x3a\
\x6c\xc7\x69\xa6\xfa\x14\xb7\x0e\x54\xf3\xae\xe7\x0f\x56\xb3\xf1\
\x9b\xbb\xb0\x9a\x97\x16\x03\x4c\x46\x25\xc2\xef\xd1\x3b\x24\xa2\
\xf2\x99\xb7\x23\xfa\xf3\xde\x6c\x3b\xb4\x35\x20\xcd\x12\xa5\xe5\
\x5f\x9b\x97\x71\x0b\x78\x31\xbd\x3a\x73\xd5\x9c\x0f\x34\x4b\x23\
\x7f\xf1\x67\x16\x5d\x66\xe5\x65\x39\xb6\x7c\xa9\xd9\x52\xb2\x34\
\x4f\xb4\xff\xee\x28\x67\xd1\xfb\x83\xef\x25\x79\x69\x88\xba\x0d\
\xd0\xdb\x5a\x0c\x07\xeb\xd3\xa1\x8b\xbd\x1e\x3c\x4f\x63\x63\x88\
\x40\x41\xf7\xad\xc3\xa1\xf7\xd0\x5f\x6c\xb9\xd8\x6e\x73\xd1\xe7\
\xd5\xcf\xb3\x71\xc7\x00\x1d\x7b\xe8\x7c\xcb\x6a\xe7\x97\x0f\x02\
\x85\x78\x01\x10\x31\xae\xe3\xa6\x99\xcd\x84\xe0\xad\x13\x8a\x61\
\x46\xbc\x00\x36\xb8\x11\x26\x4d\x08\x4b\x3f\xf1\x09\x30\x10\x34\
\x28\x09\xf1\xd9\xd9\x7b\xd3\x66\x1a\xd8\x9d\xbf\x73\xf3\x99\x3b\
\x02\x0a\x7b\xc3\x8c\xea\x85\x1e\x4a\x8c\xfc\x1f\x7f\xfc\x71\xcf\
\x1d\x71\xd4\x51\xb5\xed\xb9\xdf\x6e\x01\xca\x0f\x6b\x6b\x42\x7f\
\xfd\xb2\x6a\x7c\x82\x6a\x1a\x46\x0e\x9a\x81\x82\x9e\x1e\x7f\x82\
\xdd\x8c\xb7\x03\xbf\x6b\x6b\xaa\xb2\x12\x27\xd7\xab\xe4\xef\x88\
\xd9\x25\xe9\xef\x88\x18\x1c\x43\xdb\x25\xf7\x3c\x5f\x58\xb4\xa1\
\x42\xe5\x00\x2a\xeb\x20\xc8\xff\x5c\x5b\x5e\xb4\xad\x8b\x8f\x79\
\xe3\x32\x80\xc8\x8c\x72\x8b\xcd\x78\x3b\xfa\x7e\x33\x58\x32\x2a\
\x59\x46\xdc\xa1\x27\x0c\x3d\x60\x4c\x21\xf5\x18\xdd\x03\x84\x68\
\x12\x4a\x9d\x8d\x50\x6e\x2f\x84\x03\x8d\x59\x50\x62\x57\x02\x05\
\xdf\x0b\x85\x7c\x5d\xb8\xe8\x70\x41\x66\xd5\xbe\x16\x60\xc9\xd9\
\x48\x7c\x40\x34\x3b\x42\x7c\x69\xe3\xab\x5a\xd9\x8d\x89\xcd\x47\
\x66\x0b\xf0\xd5\xd0\xac\x63\x64\xc7\x5f\xf1\x9d\x1c\x2a\x81\x8c\
\xde\x2b\xa2\xb3\x05\x69\xf3\x12\x54\xf3\x45\x30\xa3\x21\x02\x95\
\x10\x6b\xf1\x9c\xf8\xbc\x08\x1c\x94\x82\xd9\x71\x47\x29\xe9\x4b\
\xb6\x5d\x3b\xda\x0b\x14\xcf\xf3\xc8\xe8\xd1\xe7\xfc\x75\xf8\x01\
\xc3\x9b\xda\x73\xc7\xdd\x02\x14\x74\xe9\x5d\xf4\xec\xcc\x8b\x2d\
\xb5\xb8\x9b\x2f\x51\x10\x2c\xa8\x82\xa1\xc8\xf5\x77\x14\x04\x8a\
\x2f\x15\xfc\x85\x9e\xbb\xb7\xe5\x66\xaf\xe2\xe7\xb7\x1e\x99\xad\
\x33\x97\x9a\x27\x6b\x97\x34\x03\x23\x0b\x90\x66\x03\xda\x5f\x30\
\x19\xdb\x61\xeb\xa4\x64\xaf\xbb\x35\x89\xc3\xc7\x57\xd6\x46\xca\
\x51\xc7\x72\xd5\xc4\x16\x5a\x5a\x8e\xea\x94\x7d\xc6\x2c\x90\xf2\
\xf7\x6a\x3f\x3e\xe1\xab\x95\xbe\x74\xf1\xaf\xc4\xa3\xca\xc5\xb9\
\x5b\x81\x62\x81\x0c\x51\x52\x07\xe5\xce\x32\xe8\x6f\x2e\x84\xc1\
\xf6\x02\x88\xd9\x5b\x98\x8a\x83\x9f\xcd\x4a\x66\xa4\x45\xf5\xef\
\xe1\xd3\x15\x65\x8d\xf5\x7c\x6f\x57\xae\x84\xd9\x6a\x4b\x65\x24\
\x1f\x3e\x13\xde\x79\xab\xa4\xce\xba\xc7\x77\xf6\x2b\xbe\x3f\xa5\
\x20\xc9\x02\x80\xa3\xfb\xd5\x92\x62\x10\xaa\xa0\x08\xbe\xae\x0f\
\x43\x35\xd7\x01\x68\x26\x26\xc5\x24\x7f\xc6\x78\x47\x3b\x15\xff\
\xb3\xf7\x67\x81\xcd\xdd\x07\x14\xf4\x7a\xa1\xb7\x8b\xa0\x53\x0f\
\xf5\x1b\xea\x99\x97\x5f\x71\xd9\x33\xfd\x07\x0c\x48\xff\xec\x40\
\xc1\x07\xb8\xed\xf5\xf9\x47\x6c\xb0\x42\x87\xe1\x40\x22\x10\x90\
\x1b\x37\xe3\x80\x65\x83\x84\x46\xac\xef\x94\xcd\x71\xf9\xb6\x4a\
\xf3\xce\x2e\xa7\x5c\x9b\xc6\x57\xd1\x78\x0c\x62\xb3\x0a\xbd\xac\
\x5b\xb4\x59\x82\xe4\x1b\x88\x5b\x03\x72\x6c\xc7\x47\x15\xc0\xbf\
\x6e\x8e\x53\x38\x47\x85\xc9\xb5\x5e\xfc\xa9\xf4\x8f\xec\x64\x36\
\xff\xec\x2f\x78\x5f\xae\x6d\x05\x4a\x06\xd8\x59\x57\x70\x16\x30\
\x59\xf5\xc8\xb7\x29\xb0\x04\x37\x17\x28\xbe\xb6\x4f\x3d\x01\x4c\
\x4e\x86\x0e\x4e\x35\x0c\x31\xbe\x63\x40\x29\x27\x15\x10\x26\xf5\
\xbe\x24\xde\xea\xec\xc8\x02\xce\x5f\x68\x3b\x63\x63\xb4\xe4\xfd\
\xca\x59\x22\x5b\x25\x6f\xcb\x11\xc9\xba\xcb\xb7\xfb\x95\x73\x81\
\xba\x16\x28\xb2\x00\xd4\xc1\xe4\x49\x81\xf5\x90\xdc\xcc\x95\xc0\
\xf4\xba\x30\xd4\x73\x45\xcd\x2a\x16\x9b\x7f\x74\xde\xa0\x03\xc0\
\x07\x27\xb3\x55\x72\x82\x9d\xed\x59\xb8\xd9\x73\x77\x24\x51\xf2\
\x81\x42\x29\x4d\xdf\x78\xe3\x4d\x4f\x75\xee\xda\x19\x45\xf3\x4e\
\x1f\xbb\x45\xa2\xe0\xdd\x9f\x9d\xba\xac\xdf\xcc\x4a\xf7\x1c\x9c\
\x7c\xb6\xdc\x70\xa0\xd0\x7f\x8e\x25\xa6\x9c\xc8\x44\xb4\x1f\x78\
\xf4\xdd\xc4\xcd\x52\xc5\x5f\x94\xd9\x5d\x9c\x67\x29\x08\x2e\xa6\
\x77\xb0\xa2\x22\x26\xde\x89\x03\xaa\xac\xb1\xaf\x18\xd5\xc6\x08\
\x37\x21\x7e\xce\x0f\x1e\x02\xc6\x56\x32\x3b\x09\x02\x55\xe4\x31\
\x15\x82\xb0\x6a\x3e\x4c\xb9\xc0\x08\x33\xb1\x1d\x90\x55\x85\xa1\
\xce\x30\xb1\x6b\x95\x9f\x61\xca\xb2\x59\x33\x9f\x45\x7e\x5e\xbc\
\xb6\xa6\x69\x60\xd8\xbe\x9b\x1b\xbd\x78\x98\x11\x9b\x55\x01\x91\
\xf7\x97\xd5\x9e\xbb\x98\xd4\xca\x81\xaa\x69\xa0\xa7\xd3\x80\xb9\
\x7e\x98\x1d\xcb\xa1\x97\x2a\xa3\x92\xb5\x90\x2a\x19\xd5\x93\x3d\
\xaf\x87\xcb\x07\xcf\x43\xa0\xa8\x50\x62\xad\x87\x83\xd2\x5f\xc1\
\x00\x67\x09\x94\xd1\x6a\x50\xed\x46\xf6\xfe\x9e\x20\x80\xcb\x2b\
\x40\x33\xb1\x20\x7c\x5e\x8c\x38\x0b\x18\x04\xc4\x3c\x40\xa0\x10\
\x50\x55\x56\x8c\x45\x5c\xbf\x20\x0b\x13\x22\x80\x17\x18\xb5\x2a\
\x36\x16\xc2\xf7\x40\xa6\x48\x8c\x58\x1b\x7a\x0a\x54\x96\xda\x81\
\x9f\x6d\x5b\xd5\xe2\x32\x34\xad\xb9\x7f\xc7\xf9\xf0\x73\x6e\x1c\
\x90\x05\x02\x8e\x95\x86\x70\x30\x08\x49\x07\x9b\xad\x16\xc0\x26\
\xa1\x14\x3e\xad\x0c\x41\x5c\xed\xc4\x14\x6b\xb6\x51\xba\x16\x10\
\xdb\x02\x45\x0b\x80\x6d\x13\x10\x90\xbe\x95\xc7\x5c\x35\xd2\x66\
\xc0\x70\x67\x57\xf0\x8e\x80\xb2\x75\x03\x43\x96\x4c\xe4\x5b\x26\
\x24\xfe\xe7\x47\x1e\x7e\x32\x10\x68\x1f\x23\xe6\x6e\x03\xca\x0f\
\xeb\x6b\xc2\x7f\x9d\x5e\x3d\x4e\x27\x7c\x80\xa9\x03\x1e\x06\xc7\
\x7c\x63\x17\x77\x62\x9b\xf7\x6b\xbd\x71\x10\x51\x11\x6b\x79\x34\
\x4b\x07\x8c\xac\x46\x23\x21\x48\xa7\xd3\x60\x1b\x26\x14\x14\x14\
\xb0\xef\x55\xcc\x33\x42\xa0\xb0\x45\x2d\xb2\x89\xc7\x05\x8c\x29\
\xd5\x96\x61\x66\x16\x3d\x66\x9a\x71\x20\x8a\x18\x45\xa6\x7e\x23\
\x50\x8e\x6e\x3d\x17\x17\x99\xa6\x04\x58\xf4\x56\x0b\x28\x3e\xf5\
\x28\x87\xf1\x29\x9f\x6a\x34\x10\x08\xb0\x6b\xe2\x67\xb1\x8e\x1c\
\x53\x2e\x70\x91\xe1\xc2\xcb\xde\x0b\x73\x9a\xf0\x59\x5c\x0f\xc0\
\x21\x14\x1c\xea\x82\x22\x62\x6c\xc4\x65\x60\xf1\x19\x1b\xb3\xbb\
\x3e\x1a\xd0\xbe\x0f\x10\x65\x88\x2f\x89\xd0\xd6\x72\x7d\xdb\x03\
\x03\xe1\x9e\x0c\x9d\xac\x35\x70\x58\xf2\x33\x18\xe0\xac\x80\x10\
\x69\x02\x99\xa6\x30\x34\xc9\x80\x64\x0b\x01\x66\xc7\x08\xb8\x01\
\x20\x70\x25\x09\x6c\xc7\xf4\xc1\x6c\x18\x6c\x43\xc0\x31\xc6\x67\
\x4a\x26\x93\x2c\x2a\x8d\xcf\x86\x19\xc0\x82\xe8\x8f\x11\x4b\xa4\
\xa4\x1c\x28\x92\x00\x02\x3b\x7f\xdb\xaa\x4f\x36\x32\xde\x56\x0a\
\x09\xbe\x97\x84\xaa\x13\xdb\x04\x29\x18\x1e\x0f\x49\x4f\x83\xc6\
\x48\x1f\xf8\xb4\x2a\x04\x9b\xdd\x28\x88\x6a\x00\x74\x3d\x0d\x45\
\x21\x3f\x4c\x80\x6d\xbe\x15\x0d\x73\xc4\x1c\x36\x56\x48\xb9\xf4\
\xdf\x1c\x3b\x02\x0a\x6e\x16\x48\x50\x2e\x29\x1a\xdb\x68\x9b\x9a\
\x9a\x1a\x9e\x9b\xf0\xfc\xd3\xed\x4d\x8c\xdc\x6d\x40\x31\x09\xe1\
\x6e\x9c\x34\xef\x8a\xa4\x17\xe8\xe8\x60\x64\x96\x66\x80\x92\x89\
\x9d\xa0\x51\x87\x3b\x2c\xee\xa6\xcd\x29\x18\xbe\xaa\xc3\x94\xb1\
\xdc\xd4\x90\xcc\x4e\x2f\x62\x14\xd7\x73\xfd\xdd\xdb\xc3\x7a\x6f\
\x99\x2d\x48\xcc\x64\xc5\x05\x83\xe4\x08\x95\x95\x95\x10\x8b\xc5\
\xd8\x6e\xea\xd8\x2e\x70\x82\x0f\x3a\x92\xc9\x27\x42\xb2\x6a\x9c\
\x2c\x3c\x9f\x71\xf0\x5a\x36\x03\x0a\xb6\x76\x93\x30\xd0\x67\x19\
\x10\x09\x28\x40\x1c\x1b\x1c\xd3\x02\x74\xd8\xe0\xdf\x83\x91\x28\
\xb8\xd4\xf3\xf9\xaf\x24\x05\x4c\x07\xb9\x7d\x39\xf6\x39\xfc\x3b\
\x08\x32\x38\x2e\x05\x2d\x10\x62\xf9\x50\x28\x11\x1d\x5b\xf7\x5b\
\x2e\xec\x10\x28\xa8\x9a\x9a\xcc\x56\x41\x52\x87\xee\xc6\x6a\x38\
\x3c\xf5\x09\xf4\xb5\x2b\x40\xa2\x26\x88\x9e\x01\x12\xa6\xbb\x73\
\x1c\x18\x7c\x08\x88\xc7\xb3\x08\x3e\x46\x50\x5c\x3b\x09\xb2\xc8\
\x33\x89\x81\xc9\x8a\xd8\x38\xc8\xa5\xbe\xed\x10\x08\x85\xd9\xb3\
\xe1\x78\xe1\xc2\x70\xb0\x52\x51\x96\x59\xeb\x3a\x62\xd9\x6c\xe1\
\x38\x4e\xfe\x26\xd5\x72\xd9\x66\x01\x92\xff\x95\xa9\x94\x08\x38\
\x4c\x92\x64\x73\x48\x40\x0c\x84\x20\x09\x0a\xac\x77\x0b\xe1\x8b\
\x86\x42\x58\xef\x44\x40\x89\x44\xf1\x59\x3c\x89\xa7\x1c\xb1\x75\
\x26\xad\x31\x0f\x0b\x9f\x47\x92\x14\x96\x2f\xf6\xdf\x1c\x3b\x03\
\x14\x94\x24\xb8\x39\xe1\xc6\x67\x18\x46\xf5\x63\x4f\x3c\xfe\x5c\
\x7b\xef\xb9\xdb\x80\x82\x13\x75\xe7\x6b\xb3\x8f\xab\xb2\xb4\x03\
\x2c\x9e\x39\xbf\xfc\x7d\x94\x79\x6d\xb0\x8f\x07\xb6\x29\xc0\x4c\
\x9f\xac\x31\x9f\xad\x85\xf0\x61\x83\x40\x61\x71\x06\xe2\x31\x35\
\x22\x12\x0a\x82\x65\xe8\xcc\x43\x14\xd2\x54\x30\x8d\x34\x6e\x8b\
\x20\xf3\x1e\x48\x3c\xc7\x16\x03\xee\xee\x91\x58\x21\xdb\x49\x51\
\xb4\x3b\xb8\xb0\x1d\x02\xa1\x70\x14\xb0\x8a\xd5\x26\x2e\x48\x8a\
\xca\x16\x12\xaa\x6a\xd9\x96\x08\x98\xf8\x87\xd1\x65\x5c\xd4\x1c\
\xb2\xc3\x3b\xa6\x17\x0b\x29\x4d\x40\x5d\xca\x7b\x98\xca\xc8\x49\
\x94\x07\x59\x77\x6c\xc9\x75\x39\x8e\xc7\x9d\x19\x63\x8a\x4c\x95\
\x74\x7d\xf5\x46\xd2\x58\xa6\x6d\xca\xb4\x21\x10\x0c\xb3\x5d\x2c\
\x80\xe4\x0c\xd4\xf6\x25\xa9\xff\x56\x39\x12\xc5\xcf\xa9\xf2\x25\
\x0a\x7e\x67\x32\x50\xc8\x9e\x05\xbd\xac\x0a\x38\x2c\xf1\x05\xf4\
\x72\xd6\xf8\xed\xe6\x38\x02\x22\x20\x6b\x3d\xcf\x54\x33\x54\xbd\
\x64\x17\x5b\x06\xb9\x10\x50\x78\x20\xc4\x66\x91\x67\xc3\xb2\xa0\
\xb0\xa8\x04\x52\x69\xc3\x97\x22\x2c\x63\x59\x60\xe3\xa2\x29\x32\
\x03\x35\x10\x1b\xf4\x54\x82\x25\xa3\x22\x90\x6c\x66\x33\xed\x7c\
\x13\xd4\x96\xc9\x9f\x98\xed\xc0\x41\x40\x51\x81\x5a\x49\xd0\x31\
\x6d\x5e\x8d\xc0\x5a\x37\x0a\x33\x12\x45\xb0\x34\x2e\x35\x10\x41\
\xc4\xfa\x93\x46\x01\x77\x4a\xcf\x2d\x0c\x17\x44\x8b\x50\x45\xc4\
\xc5\xcb\x54\x69\x8a\xaa\x59\x7b\x97\x6d\xf3\xf9\x3b\x02\x0a\xdb\
\x7a\x31\x75\x05\xa5\xb1\x8d\x2a\xa9\xbb\xe1\xe9\x67\x9e\x9e\xd8\
\xde\x3b\xee\x36\xa0\xe0\x83\xfc\x73\xfa\xb2\x1e\x9f\xad\x4a\x5f\
\xa8\x0b\x61\x5f\xaf\xf6\x28\x48\x19\xa3\x0e\x0d\xfa\x66\x2f\x8e\
\xef\xb5\xf1\x8b\x86\x5a\x3a\x8b\x15\x09\xf5\x6c\x9b\x91\x4d\x33\
\xf5\x03\xfb\x46\x7b\x4e\x63\x87\x90\x56\x59\xa0\x08\xf5\x32\x4f\
\xcd\x80\x26\x13\xcb\xb2\x38\xe0\x05\x31\x65\xb8\xc1\xba\x64\xba\
\x50\x56\x83\x1d\x75\xcb\x89\x7a\xbc\xa4\x24\x4d\x1b\x28\xaa\x7a\
\x08\x1e\x4c\x4f\x57\x03\xbe\x2b\x36\xa3\x2a\xa1\xd3\x06\x3b\x53\
\x79\x76\x1a\xa2\x8a\x90\xdc\xaf\x77\xf8\xa3\xd3\x86\x76\xaa\xd0\
\x54\xd9\x35\x4d\x9b\xaf\xd7\x2d\x79\x4b\x5d\x52\xab\x49\xda\x81\
\x26\xdd\x0a\x56\x37\x24\xc3\x09\x93\x96\x18\x2e\xd7\x8b\x58\x76\
\x01\x2f\xaa\x82\x41\x00\x74\xf4\x2c\x88\x2a\x78\xbc\xe4\xab\x67\
\xb6\xc5\xec\x14\x3f\x5d\x67\x7b\x40\xc1\x77\xb3\x41\xa5\x29\x88\
\x90\x06\x28\xb7\x56\xc3\x81\xa9\x6f\xa0\xab\xb3\x09\x8b\x14\x98\
\x0d\x21\x80\xc5\x76\x62\x0c\xe0\xe1\x58\xc9\x68\xb3\xa1\xba\xe3\
\x10\x90\x35\xc5\xf1\xc0\x13\x29\xa1\x38\x9f\x19\x82\x08\x7f\xf5\
\xa1\x7d\x86\x52\x17\xc1\x84\x5b\x8f\xc0\xf1\x2c\x93\x17\x7f\x9f\
\xb6\x08\x50\x49\x33\x5d\x5e\x60\x3a\x29\x07\x82\x4d\x79\xcf\xe5\
\xfd\x2c\x7f\x54\x6b\x05\xcc\xd5\xc4\xa4\x3a\xcf\x63\xc6\x26\xcf\
\x79\x9e\xc8\xe2\x84\x4c\x32\x48\xe0\x78\xb8\x81\x99\x10\x12\x51\
\x8d\xe5\x98\xc4\xdd\xec\x86\xe1\x93\x2d\x0a\x59\x52\xef\x55\x1d\
\x70\xc4\x31\xdf\x9c\x7f\xe1\x85\xab\x54\x55\xa5\x0b\x16\x2c\x88\
\xbc\x39\xf9\xcd\xc3\x93\xe9\xd4\x50\x94\x6c\xb8\x41\x61\x73\xd6\
\xdd\x09\x14\xdc\xb0\x11\x90\x2c\x8c\xeb\x38\xb8\x55\xad\x7a\xf2\
\xa9\xa7\x5e\xff\x45\x01\x65\xce\xb2\x4d\x05\x13\x66\x54\x8e\x4b\
\x09\x51\xc5\xcd\x18\xa0\x32\x46\x96\x31\x07\x36\xeb\x1e\xdc\xba\
\x9b\x34\x7b\xd3\xb3\x11\x75\x5f\xb7\xc7\x8c\xd3\x14\xa8\x82\x17\
\xef\x5e\xa4\x7e\x37\xa2\xbc\x63\xc5\xc8\x41\x9d\xab\x51\xdd\xd8\
\xde\x61\x13\xc2\xcd\x5e\x51\x53\x38\x7f\x6d\x6d\x97\xc5\x1b\xea\
\x47\x84\xa2\x25\x25\x49\x8b\x70\xb6\x87\x99\xba\x2a\xe8\xa6\x6f\
\xcc\x33\x03\xde\xb5\x41\xf2\x6c\x90\xa8\x45\x0f\xe9\x1d\x7e\xe3\
\xe2\x23\xfb\xad\xda\x99\x81\x4c\xa4\x6c\x61\xfa\xe2\x4d\x65\xb3\
\x96\x57\x0e\x89\x5b\x30\x88\x08\x8a\xec\x8a\x21\x16\x3b\x68\x4a\
\xa4\x21\x12\x89\xb0\xfa\x8d\xe6\x94\x9d\xe6\x38\x52\xd6\x5b\x96\
\x8d\x95\x7b\x60\x41\x90\x36\x41\x47\xbb\x0a\xfa\xd8\x2b\x61\xdf\
\xf4\x7c\x28\xb3\x2b\x99\xa3\x83\x79\xdc\x38\x9b\x29\xad\x2e\x2f\
\xa1\x85\x02\x32\xa5\x80\xef\x92\x96\x0b\x57\x84\x86\x9f\x3c\x8b\
\xa6\xeb\x35\x6b\xc5\x8c\xc3\x3c\x33\x55\x26\xa3\x1a\x84\x0e\x04\
\xea\x00\x25\x36\xb3\x57\x1c\xd7\xcd\xf8\x17\x45\xd6\x8f\x3e\x9e\
\x48\x5a\x81\x7d\x8e\xfd\x50\xdb\xf7\xc4\x8d\x62\x49\xb9\x21\x47\
\x4b\x1d\xac\x4f\xcf\x7f\x6f\xdc\x97\x80\x98\x3c\x4d\xd4\x48\x56\
\x53\xad\x6c\x37\x6e\xd4\x9c\x78\xbd\xe6\xe8\x4d\x0a\x49\x25\x02\
\x66\x7d\x7d\x09\x4d\xd5\x77\x0b\x0b\x66\xb1\x44\x75\xc9\x31\xd2\
\x10\x57\x8a\xe0\x5f\xcb\x8c\x14\xd7\x6d\xf0\x9c\x3b\xff\xf4\xd8\
\x57\xb9\xf6\xc0\xfc\xf9\xf3\x23\xaf\xbf\xf9\xe6\x45\xb6\x63\xc7\
\x54\x59\x66\xde\xb2\xdd\x09\x14\x04\x34\xaa\xe1\xba\x69\x33\x3b\
\x8e\x03\x6f\xe9\x9f\x1e\x7e\xf8\xed\x9d\x99\xdf\xdc\x73\x76\xab\
\x44\x31\x6d\x02\xd7\xbf\xb2\xe0\xf2\x26\x2e\xdc\xc9\x01\xac\x6f\
\xf0\x23\xcb\xbe\x9b\x30\x37\x39\x31\x9b\xdf\xe5\x3f\x9a\x6f\xa5\
\x60\x34\xdf\x05\xc1\x35\xed\xce\x31\x71\xf6\x15\xc7\x0e\x9c\xd1\
\x39\x16\x68\x97\x4b\x2f\xfb\xa2\xa6\x49\xf8\x17\xbf\x58\x3e\x60\
\xf1\xc6\xc4\xd1\x06\xe1\x22\x44\x50\x20\x18\x8a\x42\x32\xa5\x33\
\x83\x32\xa0\x8a\x20\x7b\x36\xc8\xae\xb1\xe5\xf1\x4b\x0e\x98\x20\
\xb7\xb1\x60\xb6\x37\xb0\xb8\x6b\x4d\x5f\xbc\xb9\xe4\xbd\xf9\x5b\
\x8e\xaa\x89\x5b\xe5\x9e\xac\x71\x81\x70\x0c\x92\xc9\x34\xc8\x68\
\xf8\x6c\xcd\x6d\xf3\x81\x92\x8d\x4c\xa3\x91\xc6\xe3\x8e\x2a\x60\
\x19\xab\x03\x61\x52\x07\xdd\x9c\x35\xd0\xcf\xaa\x80\xbd\xcd\x25\
\x50\x62\x55\x03\x8f\xc6\x36\xf6\x61\x14\x28\x4b\xb1\x47\xa3\x9c\
\x45\xf1\x6d\x02\x49\xae\x60\x63\xd1\xd5\x93\x5e\xd3\xca\x7a\x30\
\x86\x89\xa6\x85\x9f\xc7\xea\xdf\xff\xcb\x85\x9a\x9b\x8a\xaa\x6e\
\x9a\x19\xda\x8a\x00\x60\xda\x8e\xaf\x62\xa9\x61\x48\xb9\x32\x24\
\x89\x00\x85\x03\x0f\x7b\xa7\xd3\xe8\xbb\x17\xb7\xd7\xa8\x6d\x6b\
\x1c\xc8\xff\xd9\xa3\xc9\x45\xd3\x63\x89\x4f\x1f\x1f\x45\xd2\x0d\
\x1d\xe3\x10\x84\xa9\x6b\x68\x7d\x8f\x91\xa3\x3e\x1a\x73\xd9\x55\
\x2d\xe8\x58\x71\xac\x6e\xbf\xe5\xf6\xf3\x78\x41\xe8\x83\xce\x07\
\x7f\xc3\xdb\xfd\x71\x14\xd7\xcb\x14\x70\x79\xf4\xfb\x47\x9f\x78\
\xe2\xfd\x5f\x14\x50\xf0\x61\xee\xf8\xe7\xf7\xc7\xac\xd7\xd5\x11\
\x08\x14\xe6\x71\xc2\xda\x05\x1c\x98\x4c\x16\x6f\x36\xaa\x9c\x55\
\xbb\xd0\x85\x8c\x2a\x85\xe8\x59\x20\x73\x66\xd3\x09\x43\x4a\xdf\
\x39\x65\xff\x5e\x9b\xda\xfb\x62\x6d\x9d\xbf\x74\x63\x5d\x78\xc2\
\x27\x2b\x4e\x37\xa8\xdc\x33\x61\x71\xa0\x06\x23\xcc\x3d\x89\x5e\
\x27\x57\x4f\x41\xe7\xa8\x38\xff\xcf\x63\x87\x7f\xb0\xab\xf7\xc2\
\x45\xf0\xf7\x4f\x97\xf6\x9f\xbb\x2e\x79\x72\x82\x88\x01\x39\x18\
\xcb\x18\xf6\xbe\x9a\x94\xab\x7e\x61\x2c\x81\xa5\x71\xb8\xbe\x7a\
\xe4\x82\x03\x31\xa7\x12\x06\xe8\x8b\xa1\x9f\xb3\x12\x7a\xd9\x15\
\x50\x40\xea\x41\x60\x5a\x29\x07\x0e\xc6\x2c\xd0\xf9\xc1\xae\x22\
\x83\xee\xf0\x46\xc1\xd8\x47\x9f\x8d\xf4\x3f\x28\x99\xfb\xbc\x15\
\x7f\xbd\xec\x30\xa5\x6e\xc5\x11\x41\xaa\x83\x40\x4c\xbf\x30\x0e\
\x4b\x79\x05\x11\x12\x36\x05\x4f\x29\x00\x22\xc7\xa0\x78\xf4\x03\
\x0f\x87\x7b\xec\xe5\x17\x87\xfc\x48\x47\xd5\x07\x4f\xf4\xb2\x16\
\x7f\x34\xb6\xde\x00\x78\xeb\x87\x9a\x9a\x43\xc7\xde\xfa\xfe\x49\
\x67\x8d\xd9\x9c\x7f\xf9\x9b\x6e\xb8\x69\xb4\xe3\xd0\xfe\x8a\x22\
\xa1\x11\xba\x5b\x81\x82\xf7\x46\x95\x2b\x10\x8a\x30\xaf\x60\x30\
\xa0\xcd\xbe\xff\xc1\x07\xa7\xb6\xf7\x95\x77\xab\x44\xc1\x87\x79\
\xfe\x3f\xcb\xf6\x9a\xb1\xde\x3e\x9b\x88\x19\x77\x28\x75\xc1\xb5\
\x5d\x08\x6b\x01\xe6\x71\x42\xd7\xa2\x20\xc9\x4c\x8d\xc0\x9d\x16\
\xab\xe5\x3c\x23\x05\x1d\x24\xa7\xea\xe2\x91\x65\x6f\x0c\xe9\x53\
\x92\x68\xef\x4b\x6d\xef\xfc\xda\x78\x5a\xfe\xc3\x9b\xdf\x8f\x4e\
\x4b\xb1\x5e\x69\x8a\x04\x72\x2e\x23\x38\xc0\x9d\xbd\x8b\x62\xce\
\xfa\xf3\xd8\x61\x9f\xfc\xb7\xf7\x5b\x57\x13\x57\x1f\x7c\x77\xd9\
\x99\xba\x58\xd8\xc7\x11\x44\xe6\x3d\x93\x3d\x0a\x11\x99\x07\xd3\
\x6c\x02\x41\x12\xc1\x66\xcd\x48\xb1\x4e\xc3\x2f\xbf\xc5\x54\xff\
\x32\x6b\x3d\x1c\x90\xfe\x06\xfa\x39\x8b\xa1\x84\x6e\x02\xcd\x4d\
\x00\xa1\xaa\xef\xd8\xc0\x8c\x62\x4c\x3f\x71\x79\xb0\xc4\x22\x0a\
\xfb\x9d\xf6\x4a\xd7\x93\xae\x5e\x97\xff\xac\x95\xef\xfe\xb9\x5c\
\x5a\xf4\xde\x18\xce\x4c\x83\x2a\xa1\x27\xce\xa7\x1c\x72\x88\x0e\
\x82\xc8\x81\x4b\x3c\xd0\x3d\x0d\x0a\xce\x7b\xfc\xf1\xc8\x5e\x87\
\xfe\xa8\x63\xdb\xb4\x70\x7a\x41\xd3\xd4\x27\xaf\xad\x6c\x4c\xc0\
\x87\xcb\xb7\xd4\x8c\x3c\xff\x8e\xf7\x8e\x3d\xf3\xbc\x56\xc9\x87\
\x37\x5d\x7f\xcb\x39\x1e\xc7\xf5\xf3\xe3\x4b\x7e\xd9\xc1\x8f\x75\
\xe4\x07\x5f\x99\xee\x92\x29\xb7\xc6\xf1\x0b\x04\x03\xdf\xfc\xe1\
\xfe\xfb\x7f\xfe\x0a\xc7\xfc\x17\xfe\x76\x45\x6d\x0c\xed\x14\xcb\
\xe3\x64\x4f\x10\x99\x9b\x56\x53\x54\x70\x52\x26\xf3\x56\xa1\x21\
\x9d\xb6\x4d\x10\x82\x51\x30\x2d\x1b\x44\xe2\x42\x71\x50\xac\x1f\
\x7b\x40\xec\xd5\x7d\xcb\x8b\x77\xd8\xde\x99\xc5\x38\x28\xe5\x44\
\x3e\xc3\x23\x92\xc3\xff\xb4\xad\xc1\x9f\xbf\xba\x36\xfa\xfc\xd7\
\x9b\x2f\x6f\x70\x84\x60\x96\x33\x8a\xa3\x3c\x74\x55\xf4\x99\x7f\
\x1e\x3b\xf4\xd3\xfc\xcf\xa1\xeb\xd5\x26\x84\x47\x9e\x29\x19\xd7\
\xec\x4e\xdc\xa3\x3a\x6e\x4a\x77\xbf\xb5\xe4\xa4\x7a\x57\xdc\x47\
\x0d\x86\x41\xc4\xe0\x85\x63\x80\xc4\x5b\x8c\x8b\xcb\x93\x23\x60\
\x3b\x1e\xc8\x68\xf8\xb3\x20\x2c\x0f\xdd\xcc\x0a\x38\x3c\x31\x95\
\x01\x25\xc8\xd7\x82\x40\x4d\xa0\x54\x05\xe0\x65\xb6\xd8\xd1\x75\
\xec\x11\x09\x1a\x42\x58\x1e\x3a\x4f\x00\x00\x20\x00\x49\x44\x41\
\x54\x5d\xbf\xee\x73\xe3\x6b\x5f\xb4\xf5\x1c\xe9\xa5\xd3\x0b\xe2\
\x6f\xdf\x3e\x2e\xe4\x51\xc5\x36\x75\x10\x30\x4e\xe4\xda\xc0\x0b\
\x0e\xb3\x5b\xd0\x85\xe2\x09\x11\xd8\x22\x75\x9d\xde\xfb\x86\xd7\
\xbf\xe2\x65\xf9\xbf\xf0\x39\xb5\x1c\xa9\xba\x69\x6f\x94\x6d\xf9\
\xe2\xa5\x2b\xd2\x1e\xc0\xd4\x15\x5b\x6a\x0e\x38\xef\x96\x77\x8f\
\x3b\x6d\x4c\xab\x02\xa9\x1b\x6f\xb8\xe9\x5c\xe0\xb8\xbe\xf8\xe9\
\x9f\x1a\x28\xe1\x68\x64\xfa\xbd\xf7\xde\xfb\x65\x7b\x81\xb9\xdb\
\x25\x4a\x4a\x27\xfc\xed\x6f\x2d\xbd\x34\xcd\x49\x9d\x92\x16\x01\
\x6c\x33\x80\x3e\x7c\x45\xf0\x1b\x6e\xa2\xdd\x82\x76\x42\x8a\x3a\
\x80\xea\x6a\xa1\xc0\xa7\xcf\x1a\x5e\xfc\xca\x91\x83\xca\xaa\xb7\
\xb5\x20\x37\x54\xc7\x95\xe9\x4b\x37\x77\x9b\xb7\xa6\x76\x2f\x0b\
\x82\x5d\x09\xa5\xb2\x8a\x13\xee\x1a\x46\x90\x23\x95\xfd\x3a\x17\
\xae\xed\xd7\x29\x5c\x39\x62\x40\x97\x36\x19\x37\x10\x5c\x8f\xbc\
\xb3\x60\xd8\x1a\x5d\x3a\x19\x03\x5f\x80\x04\x0a\x94\x87\x2e\x9a\
\xfd\xcd\x83\x17\x0c\x6d\xb5\xdb\xfc\xfe\xe5\xaf\x7f\x53\x47\xb4\
\x81\x44\x94\x3c\xd3\x48\xeb\x45\x21\x65\xcd\xbe\x3d\x63\x2b\x4f\
\x1a\xde\x6d\x73\x48\x6e\x6d\x00\x67\x27\xa1\x3e\x65\x8a\xbf\x9f\
\xb2\xec\xcc\x5a\x9d\xf6\x27\xae\x0c\x41\x8c\x5e\xa7\xea\x20\x14\
\x0e\x82\x6e\x51\x50\x65\x91\xb9\x6b\x59\x22\x8f\xa7\x41\x4f\x63\
\x35\x1c\x17\x7f\x17\xfa\x90\xa5\x00\xa2\x09\xe0\x59\x20\xba\x14\
\x5c\x82\x58\x09\x42\xda\x74\x41\x09\x14\x6e\xea\x30\x7e\xe2\xa4\
\x6d\xb5\x8f\x23\x66\x8a\xaf\xfc\xcb\x69\x97\x85\x48\xbc\x4c\xa2\
\x98\x56\xc2\x83\x45\x5c\x10\x55\xbf\x95\x1d\xb8\x98\x6d\x20\x81\
\xa0\x15\x7a\xf5\x54\x9d\xa3\xf5\x3d\x78\x95\x18\x89\x39\x2e\xb1\
\x39\x8f\xb8\xbc\xc0\xf3\x9c\xd8\x75\x60\x63\xf1\xd0\xdf\xb4\xea\
\x8b\x62\xd6\xae\x93\x2d\x3d\x25\x85\x4b\xfb\x18\xbc\xaa\xb6\x10\
\x03\xc6\xa6\x15\x6a\xc3\x9b\xf7\x9f\xd6\x58\x57\xd9\x2f\xe1\x49\
\xf0\x71\x45\x4d\xf5\xc1\x63\x6e\x79\xf7\xb8\xd3\xcf\xdd\xd2\x86\
\xea\x35\x06\xc0\x2b\xc7\xdf\xff\x98\xd2\xc4\x07\x5e\xcb\xbb\x65\
\x25\x0a\xda\x28\x78\xc4\x3a\x14\x7e\x7e\xe7\x9d\x77\xce\xf8\xc5\
\x01\x05\x17\xe5\x8d\x93\xe6\x9e\x5a\x6b\xc9\x43\x1c\xc1\xaf\x5d\
\xd6\x64\x85\xd5\x7a\xa3\xea\x85\x2a\x8f\xa4\x2a\xe0\x29\x18\xd9\
\x4b\xd2\xfd\xcb\xd4\x77\xc6\x1d\xbb\xd7\xd2\xb6\x40\x82\xee\xdc\
\x67\x3f\x5a\x3a\x78\xf6\xea\xea\x43\x22\x1d\x8b\x8a\x1a\xd2\x16\
\x80\x88\x92\x88\x40\x38\xa8\x02\xb5\xd3\xa0\x60\xa4\x18\x77\x6c\
\xea\x98\xc5\x11\x75\xd1\xf5\x27\x0e\xf8\xb4\x2c\x16\x6a\xc5\xe7\
\xb4\xb9\x31\x25\xfd\x71\xca\xf2\x71\x0e\xf1\x0a\x81\x57\xd9\x62\
\xec\x1c\x74\x66\xfc\xf1\x82\x61\x9f\xe7\x0f\xe2\x5d\x2f\xcf\x3b\
\x79\x65\xbd\x3d\x54\x2e\x2c\xe1\x08\x25\x2c\x2e\x11\x0d\x46\x6d\
\xde\x4e\x6e\xd9\xbb\xc4\xfb\xee\xea\x13\x07\x2c\x55\xb7\xe1\x00\
\x98\xbb\xba\x36\x3a\x71\xc6\x86\x8b\x1b\x4d\x39\x2a\x06\x0a\xc0\
\xb4\x31\x17\xcf\xa7\xd9\x91\x44\x8c\xdc\x63\xc0\x8e\x82\x40\x65\
\xe8\xab\xaf\x86\xa3\x13\xef\x42\x4f\xb2\x12\x6c\x11\x55\x51\x02\
\x11\xac\xf1\xc0\x71\x92\xa2\x00\x6a\x91\x6d\x0e\x3b\xe3\xa5\xb2\
\xa3\x2e\xdc\x66\x19\x2b\x5e\x77\xfd\x63\x67\x9f\x1b\x88\xaf\xeb\
\xab\x71\x06\x4b\xf1\x41\xab\x10\x23\xfe\x28\x91\x82\x8a\x0c\x26\
\xb6\xd2\x0e\x47\x98\xfd\x14\xb7\x2c\x08\x06\x03\x9e\x6b\xd9\x9e\
\x20\xc8\x1c\xc7\x69\x5c\x5d\x61\xdf\x4f\xfa\x8f\x7f\x7a\x56\xfe\
\x38\xac\x99\x78\xe3\x41\xc2\xe6\x45\x87\x2a\x40\x0c\x4f\x0e\x34\
\x34\x82\x52\x4f\xa3\x65\xba\x99\x4e\x49\x1d\x8c\xc6\x3e\x56\x53\
\x7d\x69\xb4\x43\x11\x54\x34\xe9\x30\xf9\x87\x4d\x5b\x4e\xbc\xfa\
\xfe\x77\x8f\x3e\xe9\xcc\xea\xfc\xeb\xdc\x76\xe3\xf5\xe7\x51\x0f\
\xfa\xb4\x77\xb1\xee\xcc\xf9\xf9\x40\x61\x1e\x54\x8e\x83\xac\x31\
\x5f\x5a\x5a\x32\xf5\x96\xdb\x6e\x9b\xbd\x33\xd7\xca\x3d\x67\xb7\
\x4b\x14\xbc\xd9\xc4\xcf\x97\xf5\xfe\x72\xad\x73\xbe\x18\xea\x00\
\xa9\x44\x02\xb0\xd7\x07\x7a\x3b\x30\xd2\x8e\x38\xb7\x6c\x1b\x40\
\xe2\xa0\x34\x48\xe6\xff\xe9\xec\xc1\x1f\xa8\x6d\xb8\x7e\xeb\xe3\
\xa6\xf8\xe7\x0f\x2a\x7e\x93\x72\xc5\xe1\x69\xc7\xe6\xe3\x8e\x0d\
\x52\x30\x0c\xc4\x95\x40\x55\x03\x60\xeb\x49\x26\x9d\x54\xd9\xcf\
\xf3\xc2\xe0\x92\x26\xb8\xa0\x91\xe4\xe2\x27\x2e\x39\xf0\x9d\xb6\
\xae\x79\xcb\x1b\x3f\x9c\x50\x9f\x74\x87\x03\xc8\xe0\xba\x1c\x74\
\x0e\x9a\x5f\x3f\x30\x76\xdf\x2f\xf2\x07\xf1\x8f\x6f\x7c\x7f\xda\
\xfa\xb8\x30\x38\x85\xa9\x8b\x18\x2a\x11\x45\xe0\x5d\x1e\x88\xa9\
\x83\x2a\x38\x4e\x90\x37\x56\x8c\x3b\xa6\xef\x27\x83\x7a\x96\xb4\
\x30\xac\xb3\xd7\x79\xec\xfd\x79\x43\x96\xd7\x6b\xa7\x6e\x49\x51\
\x50\xc3\x41\x9f\xa6\x87\x3a\xe0\x12\x8b\xa9\x44\x32\xd5\x21\x66\
\xdb\xd0\xcf\x5c\x09\x87\xa6\x3e\x83\x4e\x64\x03\x18\x82\xcc\x08\
\xe8\x24\xbb\x89\xa9\xaa\x89\xb4\x07\x5e\xd7\xe1\xd3\xbb\x5e\xfd\
\xc2\xf6\xd5\x06\x4a\x61\xf5\xf3\xbf\x1d\x19\xaa\x5d\x70\xb8\x62\
\x37\x02\xc1\x14\x7e\x25\x04\x8e\x17\x00\xcb\x22\x10\x42\x66\x49\
\x62\x80\x67\x27\x99\xef\x51\x0e\x16\x30\xd0\x3a\x7a\x13\x08\x02\
\x66\xf5\x06\x40\xef\x7b\xcc\xbb\x3d\x2e\x7c\xf0\x87\xfc\x71\x58\
\xf2\xf8\xb9\xbf\x29\x4e\x6f\x3c\x58\xb4\x75\x48\x11\x0e\xc4\x70\
\x21\x34\x10\x0f\x42\xaa\x02\x5a\x3a\x05\xd4\x21\x60\x08\x0a\xac\
\x4b\x79\xde\x27\xeb\xf5\xca\x23\x2f\xb9\xfd\xfd\x63\x4e\x3c\xad\
\x26\xff\x3a\xb7\xdf\x74\xfd\x58\x4a\x69\x2f\xfc\xfd\x36\xc9\x41\
\xda\xbb\x92\x33\xe7\xef\x08\x28\x9d\xbb\x74\xfe\xf0\x86\x1b\x6f\
\x9c\xd7\xde\xcb\xff\x24\x40\x99\xbb\xaa\x3a\xfa\xec\xd7\xd5\xe3\
\x1b\x52\x20\xc7\x0a\x22\x60\xa4\x53\x20\x49\x99\x74\x14\x07\x00\
\xbd\x1f\xbc\xe8\x24\xaf\x3a\xb8\xe8\x85\xfd\xfa\x74\x6c\xb5\xd8\
\x52\x26\xe1\x1f\x7c\x77\xd5\xb1\x6b\x1a\xdc\xe1\x3c\xc7\x73\xd8\
\x42\xcd\xa4\x0e\x63\x05\x44\x96\x75\x41\x90\xc0\xb5\x2d\x16\x2f\
\xc0\x5c\x26\x46\x83\x23\x2b\x20\xa1\x97\xcd\x6a\xa4\x87\x74\x91\
\xdf\xba\xf2\xf8\xbd\x57\xe4\x4b\xa9\x57\xbe\xae\xe8\x3e\x7d\x65\
\xe2\x22\x0c\x9c\x11\x07\xa0\x7b\xc8\xfe\xea\x81\xf3\x87\x4d\xcb\
\x1f\xc4\x5b\x9f\x9f\x7e\x5a\x8d\x1b\x1a\x0c\xa1\x02\x96\x40\x89\
\x0c\x24\x22\xa6\x91\x60\x7a\x8c\x6b\x43\x48\xe6\xc1\x4a\x35\x6c\
\xbc\xea\xf8\xf2\xc9\xc3\x7a\xb5\x76\x3e\xd4\x26\x74\xf1\xbe\xc9\
\x2b\xaf\x48\x08\x05\xc5\x49\xdb\x27\xd5\x90\x3d\x07\x02\xaa\x04\
\x26\x49\x83\xe6\x36\x41\x27\xb3\x0e\xfa\xd9\xab\x60\x5f\x63\x16\
\x8b\xa5\x60\x2e\x1c\x4b\x0b\x71\x13\xc0\x49\x1a\xb8\x81\x2e\x5b\
\x82\x63\xfe\xf2\x52\xb0\x53\x9f\x1d\x92\x0d\x6f\xfc\xf8\xef\x3d\
\xb9\xb9\x93\x2e\x08\x38\x75\xec\x59\x89\x27\x82\x20\x47\xc1\xb1\
\x5c\xe0\x70\x9c\x64\x0f\x24\x30\x58\x3a\x4b\xc2\xf4\x93\x49\x35\
\xd9\xcf\x8b\x4b\x9a\x1e\xd8\x83\x47\xbd\xd9\x79\xd4\x9d\xcb\xf3\
\xc7\x61\xc5\x93\xa3\x8f\x09\x37\xae\x19\xa1\x10\x4c\x6e\x2c\x80\
\x06\x4c\xfe\xd4\xb0\xc2\x91\x82\xa8\x9b\xa0\x68\x21\x68\xf4\x54\
\xf8\x66\x6d\xad\xf7\x5d\x93\x5a\x79\xf2\x55\xf7\xbe\x7b\xc4\xb1\
\x27\xd4\xe5\x5e\x07\x41\x79\xd7\x6d\x37\x5e\xe4\x12\xda\x1d\x3d\
\x9f\xdb\x28\x28\x6d\xef\x3a\xde\x7a\xfe\xf6\x80\x82\xf7\xee\xde\
\xb3\xc7\xbb\xd7\x5e\x7b\x6d\xab\x4d\x60\x47\x37\xfc\x49\x80\xd2\
\x90\x32\x85\xdb\xdf\x58\x7a\x71\xda\x0d\x74\xc6\xc9\x71\x29\x01\
\xcb\x4a\x03\x2f\x89\x40\x5d\x1e\x02\x0a\x07\x3d\x63\xe4\x3f\x77\
\x9e\xb2\xf7\xb7\xf9\x8b\x19\x6b\xf0\x1f\x78\x6b\xde\x21\x8b\x6b\
\xe8\x51\x81\x48\x19\x8b\x02\xe3\x4e\xab\xa8\x98\x84\x68\x82\x26\
\xc9\x60\xe8\x16\x9b\x74\x9b\x10\xf0\x78\x19\x28\x2f\x02\x27\x07\
\xc1\x32\x75\x08\x8b\x2e\xa8\xe9\xaa\x55\xcf\x8d\x3f\xfc\xf5\xfc\
\x6b\xcf\x5b\x53\x17\x7e\x66\xfa\x86\xf1\x16\xa7\x22\x89\x08\xf4\
\x0c\x5a\x5f\x3e\x78\xfe\xd0\xe9\xf9\x83\x76\xf7\x2b\x33\x4f\xab\
\x73\x02\x83\x1b\x88\xef\xe0\x55\x14\x0d\x8c\x94\x01\x41\x05\x4b\
\x9d\x2d\xac\xac\xf1\xd3\x59\x48\x7c\xe3\x23\x17\x0c\x9f\x54\x1c\
\x0d\xb4\xa2\xc2\xb9\xf9\xe5\xd9\xc7\x54\x9a\xc1\x11\x34\x10\x61\
\xd2\x2e\x2c\x70\x60\xa4\xe3\x20\x2a\x22\x84\x48\x03\xf4\xb4\xd6\
\x41\xb9\xb3\x02\xf6\xb2\x17\x42\xb1\x5d\x05\x02\x15\x99\xa1\x2b\
\x48\x04\xe2\x5c\xd8\x73\x07\x9f\xfb\x4a\x8f\x53\xc6\xef\x54\x8b\
\xb8\xfa\x1f\xbe\x28\x24\x9f\x3e\x3c\x8e\x6f\xda\x20\xc9\x98\x7f\
\x95\xc2\x3c\x32\x85\xb5\x89\x50\x05\xa4\x17\x32\xc1\x71\x4c\xcc\
\xed\x00\x10\x82\x2c\x03\x59\x14\x1d\x70\x71\xe3\x41\xd6\xc7\x7d\
\x47\xbd\x5e\x76\xda\xad\xad\x82\xae\x4b\x9e\x18\x73\x7c\x24\xbd\
\x71\x7f\x48\x60\x57\xae\x0e\x90\xd6\x31\xcf\x0c\xf3\xee\x6c\x90\
\xb1\xab\xb0\xa8\x41\x03\x1f\x81\x79\xd5\x86\x37\xbb\x5e\xaa\x3c\
\xf1\xaa\xbb\xa7\x8c\x3c\xa2\xa5\xad\x83\x1b\xd9\x3d\x77\xdc\x7c\
\x19\x21\xb4\x73\x4b\x92\x8f\x1d\x2d\xd5\x9d\xfb\xfb\x8e\x80\xd2\
\xb7\x6f\xf9\xe4\x71\xe3\xc7\x2f\xd9\xb9\xab\x35\x9f\xf5\x93\x00\
\x85\xd9\x29\x2f\xcd\x39\xa6\x91\xc6\x46\x20\x2d\x2c\x86\xce\x94\
\x80\x04\x96\x63\x83\x80\x29\x19\x4e\x3c\x75\xfb\x09\xbd\x9f\x1b\
\xd0\x25\xd6\xaa\x98\xe6\xdf\x73\xd7\x75\x7c\x77\x61\xc3\xc5\x3a\
\xa7\xca\x58\xbc\x84\xcc\x6b\xa8\xb6\x48\x22\xd6\x8e\x5b\xe0\x62\
\x2e\x57\x28\x02\x69\xc3\x04\x0e\x19\x4d\x04\x09\x1c\xca\x83\x4e\
\x31\x6b\x58\x04\x91\x58\x10\x20\x8d\xc9\x17\xae\x3c\xe8\xb1\x7c\
\xa0\x54\xc5\x75\xf1\x8e\x29\xcb\xaf\x36\xb9\x40\x01\xba\xac\x7b\
\x85\xed\xe9\x0f\x9d\x3b\xb4\x95\x6a\x73\xef\xab\x33\x4f\x5d\x9f\
\xe2\x86\x10\x25\xcc\xd2\x48\x30\xb7\x8b\x47\x82\x38\x4c\x8a\x04\
\x8f\xf9\xe9\x05\x4c\x8b\xb1\x13\xb4\x47\x44\xff\xe4\xf7\xa3\x47\
\xcc\xce\xbf\xd7\xeb\x5f\x57\x74\xff\xbc\xc2\xbe\x08\x83\x7d\x2e\
\xa5\x10\xc6\x00\x09\xf2\x64\x01\x07\x05\x76\x0d\x94\x5b\x4b\xa1\
\x0f\x59\x06\xbd\xc8\x0a\x28\xb4\x6b\x40\x41\x1d\xcf\xe3\x41\x07\
\x0f\x52\x45\x7b\xcd\xee\xf5\xbb\x49\x53\x31\x4b\x3a\xf7\x20\xa9\
\x06\x9e\x57\x23\x94\x17\x5b\xfe\xde\xa8\xde\xa0\x6c\x7a\xfe\xa2\
\x2b\x4b\xb9\xa6\x98\x61\x12\x50\x03\x11\x70\x1c\x02\xc4\x34\x21\
\x16\x52\x40\xd7\x53\x4c\xe5\xe1\x25\x4c\xab\x14\x59\x9e\x9c\x24\
\x7b\x4c\x05\x16\xa4\x30\xd8\x83\xcf\x7a\xb5\xec\xb4\x1b\x2a\xf2\
\x17\xd3\x9c\x3f\x9d\x71\x6a\x29\x6d\x18\x12\x70\x0c\xf0\x08\x05\
\x4c\xfc\xe5\x3d\x1d\x38\xcc\x93\x43\xea\x28\x39\x0a\x9b\x6c\x19\
\xe6\x54\x19\x74\x5e\x42\xad\x1c\xf5\xbb\x3f\x4e\x39\xe8\xb0\x91\
\x8d\xb9\xd7\xc1\x4d\xe2\x9e\xbb\x6f\xb9\xca\x23\x62\x49\x73\xde\
\xd8\xee\x73\x0f\x67\x6d\x94\x4c\x6e\x9e\x37\x64\xc8\xe0\x7f\x5e\
\x70\xd1\x45\x3b\x95\x79\xf1\x93\xdb\x28\x78\xc3\x09\xff\x59\x5e\
\xfe\xed\x5a\x32\x86\xe5\xdc\x4a\xa8\x0e\x60\x5a\xb9\x07\xae\xeb\
\x41\x57\xcd\x99\xf1\xe7\x31\x43\x3f\xcf\x5f\x5c\x09\xdd\xe6\xef\
\x78\x73\xfe\x98\x38\x95\x7a\x33\xca\x1b\x4f\x06\x9e\xa2\xda\x83\
\xe1\xba\x34\xcb\xa1\xf2\x6b\x3c\x50\xb7\xf6\x8b\x99\xb2\x69\xec\
\xd9\x14\x19\x4c\x9a\x14\xf4\x7a\xfa\xd0\xf9\xc3\x1e\x2a\x8d\x06\
\x5a\x18\xf5\x29\xdd\xe6\x6e\x7e\x67\xd1\xf8\x46\x12\x28\x42\xa0\
\xf4\x8e\x90\xe9\x0f\x9d\x3b\xa4\x15\x50\xee\x7c\xf9\xab\x53\x6b\
\x6c\x75\x48\x9a\x93\xc1\xf1\x3c\x90\x44\x85\xc5\x82\x24\x41\x06\
\x8e\xa5\xde\xcb\x8c\xd9\xd1\xb3\xe2\x10\xf2\xea\xd7\xfd\xed\xca\
\xc3\x5f\x46\xaa\xd4\xdc\x63\xfa\xa2\xca\x0e\xaf\xcd\x8f\x8f\x4f\
\xbb\x22\x4f\x3d\x17\x34\xd7\x02\x11\xdd\xc2\x20\x41\x21\xa9\x82\
\xfe\xe9\x6f\x61\x00\xbf\x1a\x4a\x8d\xe5\x10\xa3\x4d\x20\x98\x14\
\x44\x2d\x0a\x75\x42\x24\x1e\x3b\xe7\xcf\x2f\x84\x7b\x0f\x6b\xb1\
\x89\xe0\xe6\xb3\xf4\xf9\x9b\x0e\x2b\x1e\x7c\xd8\xaa\xd2\x83\x4e\
\x6b\x61\xdc\x33\xbe\xe2\xc7\xce\x1c\x15\x8a\xaf\x19\xc0\xc8\xf5\
\x32\x5c\x03\x4c\x95\xf3\xfc\x21\x40\x0a\x55\x3c\xb6\x16\x98\x61\
\x8d\x09\x87\x79\xce\xaa\xe7\x1c\x70\xde\x2b\x1d\x4f\xba\xa6\x95\
\xf4\x5a\xf0\xd0\xd9\xa7\x17\x59\x5b\xf6\x09\x38\x69\x10\x79\x0a\
\x14\xb9\x10\xd0\x2b\xef\x52\x36\x16\x69\x57\x86\x7a\x31\x02\xdf\
\xac\x6b\xa4\x0b\x12\x6a\xe5\xf9\x37\x3f\x3c\x79\xf8\x88\x83\xe3\
\xb9\xe3\x90\x4a\xa5\xf8\x87\x1f\xfe\xe3\xd5\x7a\xca\x2d\x44\xe7\
\x82\xc0\xd2\xca\x76\x1f\x50\x30\x58\xcb\x38\x88\x31\xab\xda\x75\
\xdd\x11\x07\x1f\xf4\xca\xa8\x51\xa3\xda\x45\x55\xc4\xc6\xe9\xc7\
\xa6\x54\xdd\x96\x48\x9b\xb9\xa2\xba\x60\xd2\xd7\xd5\xbf\x35\x89\
\x20\x78\x12\xe6\xbd\x3a\x60\xda\x06\xa8\x9a\xe8\x5e\x3d\xa2\xf4\
\xe9\x11\xfd\xca\x5a\x0c\x28\x5e\xe7\x95\x69\x15\xbd\xbe\x58\x5d\
\x37\xd6\x42\x92\x38\x56\xd3\xe2\x33\x18\xa2\x97\x48\xc2\xb4\x74\
\x40\x7e\x2b\xdf\x20\xcc\xe5\x87\xca\xfe\x0e\xaf\x81\xfd\x09\x03\
\x9c\x09\x57\x1c\xd2\xf5\xa9\x03\x07\x74\x6a\xb9\xbb\x11\x0a\xd7\
\xbf\x36\xef\xaa\x06\x37\x50\x82\xeb\xa7\x57\xc4\x99\xfe\x60\x1b\
\x40\xb9\xef\xf5\x59\xa7\x56\x1b\xf2\x90\x34\x26\xb6\x0b\x7e\x59\
\x29\xef\x0a\x8c\x37\x18\xa5\x09\xa6\xee\xbb\x94\x67\xe0\x8d\x09\
\x8d\x6b\x1e\xbf\x64\xe4\x2b\xf9\x40\x99\xb9\xb4\xb6\x70\xc2\xcc\
\x2d\xe3\x53\x84\x17\x24\x59\x84\xa0\x6b\x82\x8b\x01\x57\x50\xa1\
\x93\xbb\x19\xf6\x33\x67\x40\x2f\x67\x31\x14\xb8\x9b\x21\xca\x5b\
\x10\x12\x35\xd8\xd8\x64\x01\x3f\xfc\xac\x37\xba\x9f\x75\xd7\x8a\
\xfc\x71\x4d\xae\xfe\x3e\x54\xff\xe6\xbd\xd7\x41\x49\xcf\x2f\x7a\
\x5c\xfe\xe4\xcc\xfc\xbf\x6f\x9e\x74\xe3\xbe\xc1\x95\x9f\x9d\x84\
\x85\x57\xac\x12\x94\x95\x2d\xf8\x95\xa6\x78\xf8\xa4\xdc\x7e\x85\
\x24\xfb\x8f\x05\x6b\xd8\x67\x1e\x34\xea\x1c\x70\xfe\x2b\x1d\xdb\
\x08\x66\x2e\x78\xe8\xec\x33\x4b\xcc\x2d\x7b\x07\x9d\x24\xf0\x02\
\x05\xd7\x73\xfd\x74\xfe\x40\x10\xd2\x49\x1d\x1c\x21\x08\x09\xad\
\x18\x66\x56\xd4\xb9\xdf\x37\x89\x55\x63\x6f\xfd\xcb\xdb\xfb\x1d\
\x38\xa2\x45\x50\xb3\xb1\xb1\x5e\x7c\xec\xf1\xbf\x5c\xa3\xa7\x68\
\x04\xe3\xa7\x98\x19\xbd\xbb\x81\xc2\x6a\x6a\x78\x11\xed\x57\xeb\
\xd8\x63\x8f\x79\xe9\xb8\x13\x4e\x68\xe5\xb2\xde\x91\x2a\xf6\x93\
\x01\x05\xed\x94\x3b\x5f\xfd\xfe\x02\x8b\x0f\x75\xd3\x09\x80\xac\
\x89\xc0\x61\xeb\x00\x2b\x51\xfb\xc2\x45\xc3\x9f\x0d\xe4\xc5\x23\
\x74\x9b\x70\x37\x4e\x5c\x7c\x7e\x5a\xb4\x7a\x11\xb6\x23\xca\x98\
\x34\x0e\xd4\xf3\x77\x42\x04\x8b\x5f\x79\x8e\x3d\x3c\x7c\xbe\xb0\
\xec\x0e\x99\x7d\x69\xb6\x10\x38\x64\x61\xd4\xe1\xfc\xfd\x4b\xfe\
\x7a\xd4\xe0\xae\x2d\x0c\x4b\x0c\x24\xde\x32\x69\xce\xb8\x46\x1a\
\x28\x75\x11\x28\x05\xee\xf4\x3f\xb4\x01\x94\x7b\x26\xcd\x3c\x6d\
\x5d\x83\x3b\x18\x55\x2f\xd6\x79\x2a\x95\x02\x85\x57\x59\xc5\x20\
\x12\x91\x63\x21\x99\x2c\x72\x10\x80\x74\x72\xcc\x88\xa2\x49\x87\
\x0f\xea\xd5\xe2\x3e\xf8\x3c\xef\x7c\xbb\xb6\xd3\x47\xcb\xc9\xe5\
\x26\xbe\x03\x75\x40\x75\xd2\x20\xb1\x3a\x0e\x15\xba\x39\x6b\x61\
\x64\xea\x3f\xd0\xd5\x58\x08\x22\xa4\x40\x96\x38\xb0\x2c\x07\x48\
\xac\xe7\xf7\x5d\xaf\x79\xe3\x03\x31\xaf\xc1\x28\x7a\x0d\x57\x3e\
\x70\xe2\x19\x25\x6e\xe3\x20\x27\xd6\x79\x6e\xf1\xb5\xef\x7c\x94\
\x2f\x8d\x6b\x3f\x7e\xb6\x87\x30\x73\xc2\x85\x0a\x63\x76\x01\xb0\
\xb0\x8d\x1d\x1b\x41\xdb\x67\xe3\x04\xac\xe5\x41\xdf\xa9\x4f\xee\
\x81\xe5\x00\x1c\x96\x68\x83\xea\xda\x07\x5f\xf4\x4a\xc7\xe3\xc6\
\xb5\xda\x75\xe7\xff\x69\xd4\xa8\x12\xbb\x7a\x40\x08\x81\xc2\x8a\
\xcc\x28\x70\xac\x18\x2c\xc3\xd1\x15\x2c\x84\x0d\x06\xc0\x8c\x95\
\x35\xfa\x1a\x3b\x5a\x7f\xd9\xbd\x4f\xbd\x35\x60\xf0\xd0\x54\xee\
\x22\xdc\xb4\x69\x83\xf2\xec\xf3\x7f\xbb\xc6\x4c\x43\x90\xcd\x23\
\x63\xd3\xdf\xbd\x12\x85\x55\xad\xa2\xb4\x24\x24\x75\xce\x98\x73\
\xff\x71\xe0\x81\x07\xb6\xd8\x30\x77\x04\x92\x9f\x54\xa2\xe0\xc3\
\xde\xfc\x8f\x99\x27\x27\x20\x32\x0c\x02\x11\x56\x60\x55\x52\x14\
\x86\x10\x6f\xcd\x7b\xfc\xfc\x61\x1f\xb6\x52\x55\x7e\xa8\x2c\x7a\
\xe5\xdb\xba\xcb\x6d\xc1\x95\x5d\xde\xa7\x58\x45\x5f\x0d\x02\x25\
\x5b\x3f\xe1\xd7\x0a\x66\xb5\xa9\x6c\x45\xbe\xcf\x55\x95\x35\x14\
\x39\x9e\x07\xce\x49\x7a\xf7\x9d\xde\xf7\x91\xde\x25\xd1\x16\xb9\
\x4d\x08\xc6\x3b\x5e\x99\x7b\x55\xc2\x0d\x16\x63\x1c\xa5\x47\x94\
\x4e\xfb\xfd\x79\x83\xbf\xca\x1f\xb8\xfb\x26\x7d\x77\x7a\x83\x17\
\xda\x27\xee\x20\xe9\x1c\x32\x9a\x7a\x2c\xd5\x06\xe3\x1b\x9c\x48\
\x41\xe1\xb1\x74\xd9\x5c\x7b\xc1\x41\xdd\x3e\x1c\xd1\xbf\xa4\xcd\
\x20\xe7\x5d\x6f\x2d\x3a\x62\x7d\x5a\x3b\x2c\x61\x60\xd9\xb1\x00\
\x61\x81\x80\x48\x6c\x10\x5c\x0f\xba\xa5\x56\xc0\xd1\xd6\x27\xd0\
\xd5\x5a\x06\x72\x50\x85\xb8\x6e\x02\x1f\x8c\x5a\x81\xa3\x6e\x98\
\xd0\x61\xdf\xe3\x5b\x05\xfe\x36\xfc\xfb\x85\xee\xca\xdc\xd7\xcf\
\xe7\x53\x5b\x44\x29\x5c\xd0\x10\xb9\xf6\xc3\xbf\xf1\x91\x0e\x2d\
\x2a\xa0\x92\xcb\x66\x45\xec\xb7\x6f\x1a\xa7\xd8\x69\x0d\x0d\x5c\
\x53\x90\x99\x6b\xdb\xa7\x34\xc5\x37\xcc\x24\xa5\x66\xc0\x82\x59\
\x00\x2c\xde\x80\x7c\x94\x23\x2e\x7d\xa5\xe4\x84\xd6\x40\x99\xf3\
\xd0\x19\xa3\xcb\xac\xda\xfe\x21\x27\xe1\x13\x36\x20\xab\x25\x96\
\x41\x7b\xd8\x18\x35\x00\x0d\x06\x61\xac\xf6\xb3\xd7\x37\xa4\x16\
\xd5\xf3\x8d\x37\x3c\x36\xe9\xf5\x5e\xe5\xfd\x5a\xf4\x7a\x5c\xb3\
\xa6\x42\x7b\x71\xe2\xdf\xaf\x31\xd3\x54\xc3\x5a\x16\x1e\x39\x8f\
\x7f\x02\xa0\xe0\x4a\x21\x84\x24\xae\xbc\x6a\xdc\x84\x01\xed\x24\
\x96\xf8\xc9\x81\x32\x61\xea\xc2\xbe\xdf\x6d\x72\xce\xb5\xf8\x20\
\xab\x46\x4c\x37\xd5\xc0\xa0\x32\xe9\xdd\x9b\x4f\x1e\xf4\x43\xfe\
\x8e\xf8\xc8\xe4\xef\x87\x2e\xa9\xe7\x4e\x41\x6e\x5e\x24\xa5\xc6\
\x3a\x16\x46\xe6\x40\x43\x4c\x7a\xf8\xa4\x04\xa8\x73\x67\x28\x78\
\xb6\x66\x1d\xe3\xee\x81\xee\x82\x0c\x01\x83\xeb\x40\x54\x03\xf7\
\xe9\x31\x03\x1f\xc8\xcf\x0a\xae\x8d\x9b\xe2\xef\xdf\x5e\x30\xde\
\xa0\x81\x18\xe6\xe6\x75\x2b\xf0\xa6\xfd\x7e\x4c\x6b\xa0\xdc\xf6\
\xc2\x8c\xd3\xaa\x1d\x75\xb0\x29\x6b\xcc\xa1\x89\x0b\x4a\x02\x11\
\x04\x6a\x37\x84\x45\x6b\x5d\xbf\x52\x65\xc5\x05\xbf\xd9\x6b\x55\
\xbe\x54\xcc\x02\x0e\xd3\x59\xee\x99\xbc\xea\xf2\x26\xaa\x15\x0b\
\x18\xe7\x41\x06\x78\xe4\xe7\xd2\x1b\x21\xea\x99\x50\xee\xac\x82\
\x23\xec\xaf\xa0\xcc\x5a\x0d\x28\x6d\x6d\x39\x04\x66\x51\xff\xa9\
\xfd\xc7\xfd\x75\x76\x2b\x03\x3e\x51\x2f\x6c\x79\xea\xac\xb1\x12\
\xb8\xdd\x31\x8d\xde\x30\x74\x5a\x34\xee\xe5\x47\x83\xdd\x87\xb4\
\x68\x65\x80\x52\x67\xe3\xc3\x27\x9d\x1b\x31\xea\xfa\x4a\x1e\xb2\
\xe3\x2b\xcc\x8e\x43\x09\x92\x4b\x92\x07\x9e\xc4\x52\xf9\x39\x40\
\xa6\x47\xac\x41\x91\x5c\x32\x62\xdc\xa4\x0e\xc7\x5f\xd5\x8a\x49\
\x71\xee\x43\x27\x9f\x53\xea\xd4\xf5\x0b\xda\x29\x90\x30\xf6\xc4\
\x52\xcf\x04\xf0\x30\xee\x45\x3d\x06\x14\xe8\xd0\x05\x3e\x9e\xbf\
\x36\xb9\x3a\xad\x35\xde\x35\x61\xca\xab\xa5\x65\x9d\x5b\xd8\x85\
\x4b\x97\x2e\x0e\xbd\xfa\xfa\x2b\xbf\x25\x69\x50\x18\x1b\xf3\x6e\
\x06\xca\x56\x9e\x64\xac\x3f\x72\x9c\xc6\x3b\xee\xbe\xeb\xd9\xd2\
\xd2\xd2\x76\x37\x14\xfa\xc9\x54\x2f\x5c\x34\x4b\x37\xd6\x04\x1f\
\xfb\x6c\xfd\xef\xe2\x96\x28\x63\x4d\x85\xc6\x11\x38\x75\x50\xf4\
\x85\xd3\x0f\xea\xdd\x2a\x71\xee\xd6\x97\xe7\x9c\x5c\x65\x2b\xc3\
\x58\xf2\x20\x87\x95\x42\x16\x23\xa4\x46\x22\x38\x9f\xf3\xd6\xf7\
\xc0\xe2\xee\x88\xbf\xcf\xf2\x83\xf9\x2c\x2b\x3e\x2f\x2e\xab\xa9\
\x74\x2d\x50\x5d\xa3\xfe\xef\xe3\x0e\x7c\x26\x1f\x8c\x2b\x36\x35\
\x06\x1e\x9f\x5a\x71\x95\xee\xc9\x21\xdc\x6e\x7b\x47\xdc\x69\xf7\
\xb6\x01\x94\xcf\xe7\xaf\xeb\xb8\x70\x53\xb2\x24\x10\x08\x98\xb2\
\x04\x4e\x58\xe2\xed\x58\x50\xb4\xca\x3b\x15\x24\x3b\x75\x08\x5a\
\xec\x4e\xdb\xc8\xff\x42\xf7\xf6\x1f\xfe\x39\xe7\xb0\xf5\xe9\xe0\
\x11\xba\x27\x83\xa4\x60\x29\xb2\x01\x0a\xef\x42\x0c\x4c\xe8\x60\
\xd7\x42\xf7\xf4\x42\x18\x94\x9c\x06\x3d\xa5\x3a\xc0\x2c\x81\x38\
\x84\x37\x77\xbc\xec\xf9\x49\xc1\xd2\x1e\x2d\xca\x0a\x50\x2a\x6f\
\xf9\xe7\x8d\x43\xc4\xa5\x53\x4f\xd5\x39\x15\xc4\x40\xd4\x27\x6e\
\x38\xe2\x9a\x67\x4b\x0e\x1a\xd5\x22\xb0\x87\xe7\xae\x7e\xf2\xfc\
\xe3\x0a\x9a\xd6\x1e\x80\xa0\xc4\x58\x91\x5f\x5e\x8d\xb5\x2d\xa8\
\x6e\x65\x48\xd2\x99\x2a\x8b\x19\xdb\x3a\x53\xa7\x3c\x4f\x70\xc9\
\xc1\x57\x4c\xea\x70\xec\xd5\xad\x80\x32\xe7\xa1\x93\xc7\x94\x38\
\x0d\xe5\x21\x07\x81\x82\x79\x7b\x98\x5a\x23\x82\xe5\x38\x7e\x43\
\x9f\x60\x14\x9a\x84\x28\x4c\x9e\xb1\x24\x51\xcb\x97\x35\xdd\xff\
\xf2\xfb\x2f\x47\x0a\x0a\x5b\xe8\x55\xf3\xe7\xce\x8d\x4e\xfe\xd7\
\x5b\xe3\x49\x9a\xca\x2c\x13\x1a\x19\xf4\x77\x91\xd2\xb5\x2d\x95\
\xa9\x2d\xf7\x30\xb3\x55\xfd\xc2\xad\xfa\x07\xfe\xf4\xe0\xdf\x42\
\xa1\x50\xbb\x75\xbd\x9f\x14\x28\xf5\x09\x53\xb8\xf9\xad\xf9\x57\
\x38\x72\x87\x12\xa4\x1b\x12\xcd\x14\x5c\x7a\x58\xc7\xa7\x0e\xca\
\x33\xb2\xf1\xc5\xae\x9a\x30\x7b\x4c\x52\x8c\x95\xa3\x4e\x8f\x87\
\xe2\xa2\xf4\xc8\x92\xdd\x51\xa0\x8c\x7b\xb7\xd9\x66\xc1\x96\x09\
\x1c\xea\xdf\x19\xba\x20\xa4\x43\x62\x91\x7a\xc1\x03\xcd\x69\x58\
\xf4\xc4\xe5\x87\x4e\xc9\x5f\xcc\x9f\x2d\xdc\x58\xfc\xfa\x9c\x9a\
\x2b\xd2\x9c\x26\x62\xa4\xbd\x3c\x64\x4f\xfb\xc3\xb9\xfb\xb4\x52\
\xbd\x76\x46\x87\xdd\xd6\x39\x4f\x7f\xb4\x70\xd0\xd2\x2a\xeb\x14\
\xdd\x0b\x89\x48\x68\x6d\xb9\x26\x0b\xb6\xe2\xae\x1e\xb2\x1b\xa0\
\x2c\xb9\x1a\xf6\x16\x37\xc0\x00\x77\x3e\x84\x53\xab\x41\xc5\x5e\
\x23\x7d\x4e\x7e\xb5\xeb\x59\x77\x57\xe4\x3f\x6f\x7c\xed\x82\x60\
\xcd\x1b\xbf\xbd\xa2\x88\x37\x23\xa6\x2b\x1b\x54\x08\xd8\x9e\x28\
\x5b\xe2\xd0\x51\x1f\x75\x3c\xf2\xe2\x56\x0b\x7b\xed\x94\x87\xfa\
\xf3\x8b\xa7\x8e\x0e\x93\x14\xeb\xd0\xc5\x7c\x5c\x2c\xe5\xc9\x05\
\x8f\xf7\xf3\xc0\xbc\xad\x36\x9f\xc9\xaa\x1f\x29\x15\x5d\xf7\xd0\
\xcb\x5f\x2e\x3e\xe6\x8a\x8d\xf9\xef\x34\xfb\xc1\x33\xc7\x94\x92\
\xc6\x72\xb4\x51\x98\xf4\xa1\x3e\xf1\x06\xf2\x12\x60\x15\x21\x56\
\x5f\x56\x53\x0d\xa6\xad\xa8\x4d\x2e\x4f\x04\x1a\x9f\x9a\x3c\x6d\
\x22\x12\xb5\xe7\x1e\xdf\xce\xfe\x36\xf6\xde\x7b\xef\x5c\x05\x29\
\x57\x42\xfb\x91\xf0\xfe\xc6\xf6\x63\x1d\x6d\xe5\x7a\xb1\x86\x44\
\x08\x14\xe2\xd4\xfe\xe9\xa1\x87\x9e\x6d\x2f\x03\xcb\x4f\xaa\x7a\
\xe1\xcd\x70\x77\xbd\xf5\x8d\x05\x27\x6e\x4c\x88\xfb\x29\x18\xfc\
\xa2\x3a\xfd\xdd\x31\xdd\x9e\xc8\x4f\xfd\x40\x23\xfb\x9a\x17\xe7\
\x5e\xac\x8b\x05\xdd\xb0\xcc\x0b\x25\x03\x72\xf3\xb2\x42\x2e\x6c\
\x79\x80\x2d\xd3\x30\x28\xce\x74\x6a\xbf\x34\x16\x09\xd6\xd0\xb9\
\x89\xec\x24\xbe\x97\x07\x0b\xc5\x30\xb2\x6d\xc0\xb0\x2e\xea\x3b\
\x57\x9d\x38\xa8\x55\x91\xd2\xd3\x1f\x2d\x1a\xf8\x5d\x0d\x3d\xcb\
\xf2\x14\x56\x92\xda\x2f\x88\x40\x69\xad\x7a\xed\xca\x24\x26\x4c\
\x9b\x7f\xea\xdd\x85\xc3\xd7\xc6\x9d\xa3\xa8\x18\x92\x6c\xa4\xa8\
\x67\xd4\x4a\x98\x84\xe9\x61\xdd\x15\x94\x7a\x8d\xd0\x3b\xbd\x10\
\x06\x0a\xeb\xa1\x54\x5f\x04\x8a\xb1\x05\x02\xd1\x4e\x8b\xba\x5c\
\xf5\xc6\xbb\x7c\x20\xd2\x6a\xd7\x4b\x57\xae\x50\x1b\x17\x7e\xdc\
\x45\x0d\x15\xa5\xd5\x82\x32\x93\x2b\x28\xb3\xb4\x92\x1e\x06\x88\
\x6a\x9b\x19\xcd\x4d\xcb\xbf\x8d\xd4\x4f\xbe\xfb\xea\x88\x13\x97\
\x45\xea\x3b\x40\x98\x94\xe5\xb0\xff\x22\xb6\x97\x40\xf0\x60\xd3\
\x20\x9f\xbb\x00\x0b\xc4\x3c\x2a\xba\xf4\x90\x4b\xdb\x06\xca\x03\
\xe7\x8c\x29\x71\xeb\xcb\x03\x24\xee\xbb\x85\xb1\xa8\x0c\x8b\xd2\
\x32\xcd\x94\xe2\x04\x20\xa9\x76\x84\x7f\x2f\xdc\x54\xbf\x3a\x15\
\x4a\xfd\xed\xbd\xaf\x5e\xc2\x58\x56\xee\x31\x7d\xfa\xb4\xa2\x4f\
\xfe\xf3\xd1\x95\x9e\x4e\x44\x5f\xf5\x62\x95\x03\x3f\xda\xb1\x2d\
\xa0\xa0\x31\xef\x58\x56\xcd\xc3\x8f\x3d\xfa\x2c\x23\x25\x69\xe7\
\xf1\x93\x4a\x14\x7c\xb6\x09\x9f\x54\xf4\x9f\xb6\xca\x18\x8d\x91\
\x75\xce\x6a\x70\xef\x38\x79\xc0\xe3\xe5\x5d\x8b\x5a\xc4\x08\x9a\
\x74\x9b\xbf\xe7\xd5\x05\x97\xa5\x41\x2b\x73\xb3\x64\x10\xb6\xcf\
\x0b\xc6\x26\x55\xc6\xc8\xbb\x08\x29\x33\x05\x9a\x1a\x04\x53\x37\
\x58\x84\x1e\xeb\xea\xd1\x93\xc4\x58\x51\x00\x20\xc0\xb2\x73\xe3\
\xe6\x1d\x67\x0e\x7c\xa2\x5b\x71\xb4\x55\xea\xc7\x4d\xaf\xcc\x3e\
\xa3\xd2\xd6\x06\x11\x4f\x02\xc5\x73\xa1\x4f\xc4\x9e\x76\xef\xe8\
\x61\xff\x95\x44\xc1\xcd\xe0\xe3\x39\x15\x65\x9f\x2e\x6d\x3c\xb2\
\xc9\x16\x7b\xb9\xa2\xc6\x23\x63\x4b\x50\x56\x59\xcc\x00\x4b\x83\
\x91\x62\xc9\x95\x02\x50\x42\x36\xc1\xe0\xe4\x4c\xe8\x65\xaf\x80\
\xce\x42\xd2\x34\x5d\xee\xfb\x6e\x67\xde\x39\x33\xda\x77\x78\x0b\
\x4f\x51\x3b\xe7\x74\xeb\xe9\xe9\xea\x0d\x72\xf5\x4b\x57\x5f\xa2\
\x25\x36\x97\x22\x35\x11\x12\xa6\x2b\x19\xd2\x70\x22\x23\x41\x06\
\x8e\x17\x6e\x44\x58\x9a\xed\x2f\x58\x8e\x77\x5d\xef\xc0\x71\x2f\
\x97\xfe\xa6\xb5\x44\x99\xf3\xc0\xb9\x63\x8a\xdc\xba\x72\x8d\x26\
\x00\x7b\x8c\x62\x62\x2b\x72\x07\xa3\x64\xf1\x04\x0e\x4c\x29\x08\
\x35\x5e\x21\x4c\x5d\x52\xd7\xb0\xd9\x2a\x6c\x7c\x66\xca\xc7\xaf\
\xe6\x3f\xfb\xd4\xa9\xff\xee\xf8\xc5\xe7\x9f\x5c\x2e\x62\x6d\x38\
\xd6\xef\x65\x38\xa2\xb7\xd7\xe0\x94\x31\x3c\x66\xb8\x9f\xd9\xee\
\x9e\xf9\xd9\x97\x14\x2d\xd3\x85\x5b\x91\x01\xf2\x7e\x7f\x47\xac\
\xcb\x71\x6c\xbb\xe6\xe1\x47\x1e\x7e\x4e\x6d\x27\xa7\xd7\x4f\x2e\
\x51\xf0\x86\x58\x9f\xf2\xfc\xb4\xfa\xdf\xf1\xaa\x07\xae\x5e\xe3\
\xde\x78\xdc\x5e\x4f\x0e\xea\xd5\x32\x99\x10\x17\xdb\xf5\xcf\x7d\
\x73\x81\x21\x84\x7a\xc6\x6d\xbf\x42\x0f\xe9\x85\xd0\xf3\x25\xf1\
\x22\x98\x8e\x0d\x06\xb1\x20\x18\x0e\xb0\xbc\x31\xe4\xae\xc2\x2a\
\x59\x62\xbb\xa0\x49\xc8\xd1\x8b\x6a\x01\xe6\x35\x25\xa0\x40\xd6\
\xbf\x7d\xfc\x8a\x91\xff\xc9\x57\x63\x36\xd6\xa6\xe5\xfb\x3f\x5c\
\x3e\x2e\x45\x95\x98\xeb\x09\xa0\x78\x0e\xf4\x89\x92\x69\xf7\x9c\
\xbd\x6b\x40\x41\x15\x64\xd1\x9a\x9a\xd0\xab\x5f\x2c\x3e\x2c\x4e\
\x95\xc1\x26\x17\x90\x1d\x29\x04\x9c\x20\x83\x9e\x4e\x42\x50\xe6\
\x81\x23\x36\x68\x12\x0f\x16\x92\xd9\x49\x41\x88\xe9\x15\x70\x88\
\x3d\x03\xba\x3b\x15\xd0\xa1\xb4\xe7\x5b\xbd\xc6\x3e\xb8\x6c\x67\
\x6a\x5d\x76\x16\x38\x68\xd0\xaf\x79\x6c\xf4\x69\xa1\xc4\xba\xc1\
\x58\xcf\x22\x71\x00\x1a\xc5\xb4\x7b\x07\x1c\x8c\x2b\x20\x8b\x0d\
\xe6\x17\x60\xa9\x31\x63\x2a\x41\x35\x8a\xba\x30\x62\xdc\xcb\xc5\
\x6d\x00\x65\xee\x03\xe7\x9c\x5b\xe4\xd6\xf5\x0d\x62\xfe\x19\x92\
\x5e\x60\x44\x3e\x43\xab\x8a\x12\x3e\x25\x45\xa0\x1a\x0a\xe0\xb3\
\x65\x0d\x0d\xd5\x5e\x49\xcd\x93\xff\x7c\xef\xcd\xfc\x67\xfd\xf0\
\xc3\xf7\x3b\x7d\xf5\xe5\xb4\xcb\x78\xea\x71\x28\xc5\x73\x9b\x1f\
\x65\xcf\xdd\xda\x6e\x2e\x43\x94\xc1\xc8\x21\xfe\xaf\x84\x18\x99\
\x5b\x30\x9f\x2f\xdb\xe4\x94\xd1\x30\xe5\xf1\x82\xe5\x03\x05\x49\
\x12\x19\xd7\x9b\xe3\x82\xaa\x2a\xb5\xf7\xdc\x76\xf3\xf3\x81\xc2\
\xe2\x76\x73\x24\xfd\xe4\x12\xa5\x49\xb7\x85\xdb\xff\xb9\xfa\xea\
\x34\xa5\x31\x81\xa6\xdc\x0b\x0e\xea\xfc\xdc\x11\x83\x5a\xc6\x37\
\x70\xc0\x6e\x7b\xf1\x9b\x53\x6b\xdd\xe0\x10\x47\x0b\x81\x85\x9c\
\x55\x38\x21\xc8\x34\xc8\x09\x20\x8a\x3c\x58\x8e\x01\x82\xe4\xcb\
\x6c\x4c\x8a\xa4\x2e\x07\x84\x0a\x00\x02\x12\xc1\x59\x10\x0d\xc9\
\x20\x3a\x4d\xe9\x71\x23\x4b\x5f\x18\xd6\xa7\xb4\x55\x30\xf3\xf9\
\x4f\x57\xec\x35\x6b\x83\x71\xb6\xcd\xd2\xcf\xd1\xf1\xec\x42\xef\
\x02\x3a\xed\xde\x51\x43\x76\x49\xa2\xb0\x68\x78\x6d\x52\x7e\x61\
\xea\x82\xc3\x37\xa7\xb9\x61\x6e\xa0\x44\x69\x62\xbd\x0b\x55\xf0\
\x1c\x0b\x02\x22\xcb\x1f\x00\x07\x5b\xb3\x89\x0a\xe8\xae\x00\x3d\
\x85\x5a\xd8\xb7\xee\x43\xe8\x06\x5b\xa0\xc7\x21\x67\xfd\xad\xe3\
\x21\x67\xd5\x32\x8b\xfa\x47\x3c\x36\xfe\xe3\xfa\xa1\xe1\x0d\xb3\
\x4e\x31\xd1\x68\xf6\x3c\x50\x30\xf5\x04\x77\x61\x8e\xb0\x08\x94\
\x07\x28\xda\xd1\x8a\xcf\x30\x6d\x7a\x9e\xeb\x1d\x7a\xc5\xcb\x1d\
\x8e\xb9\xbc\x95\x8d\x32\xf7\xfe\xb3\xcf\x29\x21\x5b\xfa\x45\x9c\
\x04\x48\x68\xdf\xb8\x7e\x16\x38\x5e\xc7\xe4\x05\x48\x49\x61\xa8\
\xf4\xa2\xf0\xe9\xd2\xea\x86\x26\xb5\xf3\xe6\x47\x5f\x9a\x32\x25\
\xff\x55\xa6\x4c\x99\xd2\x65\xe6\xcc\x6f\x2f\x45\xb7\x38\xda\x90\
\x6e\x86\xfc\x30\x9f\x60\x2f\x6b\xb7\x20\x48\x30\x4e\x85\xc4\x10\
\xcc\x25\x4d\x88\x5f\xda\x1b\xf0\x89\x0b\xf3\x3f\xd7\x96\xea\xc5\
\x54\x43\x5e\x84\x54\x32\x59\xf9\xd4\xd3\x4f\xbd\x90\x9f\xf2\xb3\
\x33\xc3\xfd\x93\x03\x05\x17\xd4\xdd\xef\x54\x9c\xbe\xb6\x2e\xbd\
\x0f\xa5\x84\x1c\xde\x5b\x7b\x7b\xdc\x71\x03\x57\xe6\x3f\xec\xc4\
\xff\x2c\x29\xff\xba\x22\x79\x4e\x4a\x0a\xf1\xe8\x75\xc4\x3a\x0a\
\x2c\x59\x71\x53\x69\x56\xba\x2b\xa8\x98\x2b\x86\x86\x31\x36\xd1\
\x44\xde\x5e\x1e\x3c\x41\x01\x10\x43\x6c\xf7\xb1\x53\xf5\xde\xc0\
\x52\xfe\xb3\x3f\x9e\x33\xb8\x55\xd4\x1a\x03\x64\xb7\xbc\xb9\xf8\
\x82\x4d\x09\xb7\x27\x63\x7e\x44\xa6\x0e\x70\xa1\x57\xc4\x9d\x7e\
\xdf\xe8\xd6\xb9\x5e\x68\x33\xed\x88\xf5\x25\xfb\xfc\x78\xef\xc9\
\x33\x2b\xba\xbe\xbf\xa4\xf1\x24\x21\xd8\xa1\xc4\x48\xa5\x21\xa8\
\x8a\xa0\x72\x04\x92\xf1\x46\x08\x15\x74\x60\x5e\x22\x84\x43\x71\
\x7c\x19\x1c\xe9\x7d\x07\xc5\xb4\x06\x0a\x86\x1e\x3f\xa1\xe7\x91\
\xe7\x55\xb5\x17\x28\x84\xd8\x5c\x7a\xe3\xf2\x80\xe7\xda\x7c\x41\
\x9f\xfd\x5a\x65\x5e\x37\xce\xf8\x67\x47\xe9\xcb\xe7\xaf\x4c\x13\
\x93\x51\xad\x22\x71\x5e\x40\xc6\xe6\x45\x14\x1c\x97\x30\x8a\x56\
\xb4\x50\xb0\x69\x29\x1e\x1e\x08\xae\xbb\x0d\xa0\xcc\x7b\xf0\xec\
\x73\x3b\x91\x2d\x7d\x83\x08\x14\x84\x9b\x8b\x10\x41\x7b\x91\x07\
\x8b\x97\xc1\x50\x62\xb0\xd1\x0d\xc1\x67\xcb\x6a\xea\xcc\x70\xd7\
\xf5\x0f\x4d\xf8\xe7\x87\xf9\xf3\xfa\xd6\xe4\x77\xba\x7e\x3b\xeb\
\xbb\x4b\x50\x65\x63\x8a\x13\xf2\xa2\x21\xa3\x26\x23\x3d\xcc\x6d\
\xf0\xe4\x7f\x12\x17\x39\x82\x23\x2b\x55\x58\x1d\x8f\x24\xb1\x9f\
\x11\x40\xf8\x7d\xee\x91\x0f\x14\x51\x96\x98\x24\x42\xd5\x0b\x3c\
\x58\xf7\xf8\x53\x4f\xbc\xbc\x2b\x52\xfb\x67\x01\xca\xa3\xef\x2f\
\x1d\xf6\x43\xad\x77\x12\xf0\x0a\x2d\x14\xd3\xf3\x1e\x1b\x3b\xf8\
\xe3\xfc\x80\x63\xca\xb4\xf9\x3b\x5f\xfb\x7e\x74\xa3\x18\xee\x6b\
\x60\xc2\x9d\x69\x41\x48\xd5\x40\x74\x5d\xb0\x0d\x1d\x04\x55\x64\
\xd9\xae\xbe\x48\x55\x41\xe4\x44\xa8\x6f\x8c\x43\xa4\x43\x19\xe3\
\x01\x0b\xd2\x54\xc5\x13\x63\x07\xbc\xd6\x56\x6c\x63\xf2\xac\x75\
\x5d\xdf\xfd\xa1\xee\x02\x90\x43\xa2\x87\x06\x29\x32\xa1\x70\x1c\
\xf4\x8a\x90\xe9\xf7\x8d\x6e\x9d\xeb\x75\xdd\x33\x53\xae\xf0\xa4\
\x68\x63\xff\x2e\xa5\x0b\xcf\x3b\xa2\xef\xaa\x48\x40\xde\xa1\x7b\
\x11\x25\xe7\x9d\x6f\xff\x70\x94\x4e\x95\xfd\x8d\xb4\x2e\x44\x54\
\x81\x4d\x56\x93\x2d\x30\xe0\x44\x9d\x46\xe8\x07\x6b\x61\x7f\x7d\
\x36\xf0\xc9\xcd\x1b\xf6\xbb\xfb\x9d\x97\x78\xb1\x65\x59\x2e\x2e\
\x8a\x9a\x59\xff\x2a\xf5\x2a\xbe\xeb\x9e\xaa\x5b\x1f\x13\xc0\x0b\
\xf1\x72\x30\x90\x4e\x25\x55\x1e\x52\x48\xa3\xa5\x18\x09\x4f\x8d\
\x46\xc3\x7c\xdc\xaa\xab\xeb\x7d\xc5\x8b\x7f\x57\x4b\x7b\xb5\xb0\
\xc5\x92\x6b\x17\x04\xab\x9f\xb9\x7c\x7c\x34\xc4\x05\x34\x99\x02\
\xb5\x7d\xe6\x48\xec\x94\x85\x6a\x0b\xe3\x4c\xc3\xe6\xa9\xac\x2f\
\x24\x0f\x0e\x27\xbb\xe4\xa0\x71\x93\x4a\x8f\xbd\xb2\x95\x17\xed\
\xbb\x07\xcf\x3c\xaf\x84\x54\xf7\x41\xa0\xf0\x98\xa5\xcd\x16\x3b\
\x7a\xcf\x44\x46\xcc\x67\x28\x45\xb0\xd9\x0a\xc1\x17\xcb\xb7\xd4\
\x8a\xa5\x7d\x57\xfe\xfe\xa9\x09\xad\xaa\x45\x5f\x79\xf5\xf5\x9e\
\x73\xbf\x5f\x70\x01\x12\xfe\xf9\xb2\x33\x43\x2b\x9b\xe9\x8f\x83\
\x3e\x02\x96\x9b\x95\xb1\x49\xf0\x1e\xa8\x3a\x31\x36\x4f\x54\xbf\
\xd1\xde\x70\x1c\xf6\x1f\xe9\x75\x91\x30\x62\x7b\x40\xc1\xc4\x5b\
\x94\x46\x8a\x16\x84\xc6\xa6\xc6\xe5\x4f\x3e\xf5\x54\x2b\x75\xf0\
\x17\x29\x51\xf0\xa1\x56\x6c\x6a\x0c\xde\xf7\xde\xda\x6b\x2d\x41\
\x15\x03\x3c\x4d\x3c\x3a\xaa\xd7\x5f\x4b\x63\x2d\x13\x16\xf1\xbc\
\x39\xab\xaa\x0b\x9e\xfe\x6c\xd5\x58\x29\x5a\x52\xa8\xeb\x06\xb3\
\x41\xc2\xaa\x2f\x31\x2c\xec\xab\x81\x2d\xa7\x45\x05\x08\x71\xc0\
\xb5\x4c\xc6\xcc\xc8\x48\xbc\x53\xf5\x9b\xaf\x3d\xae\xfc\xed\xfd\
\xfa\x14\xb7\x52\xb9\xf0\xb3\xbf\x7b\x69\xde\xd8\x94\xa7\xf5\x72\
\x3c\x6c\x66\xc3\xd8\xb2\x18\x57\x56\xef\x28\x99\x76\xef\xd9\xad\
\x55\xaf\xab\x9f\xf9\xe0\x4a\x3e\x58\x5a\x9c\xd0\x6d\x2a\x4a\xbc\
\xde\xb3\x50\x9a\x35\xfa\xa0\x3e\x0b\xcb\x3b\xc5\xb6\xcb\x62\x82\
\x92\x6b\xc2\xe7\x2b\xfa\x2f\xab\x4a\x9f\x6e\x98\x8e\x8c\x06\xbc\
\x23\x17\x80\xe4\xa6\xa1\x43\x72\x25\x44\x37\xcf\x4a\x1d\x1c\xa8\
\x0a\xf5\x1e\x76\xe0\x3f\xba\x9e\x30\x6e\x63\xfe\x4e\x97\xdc\xb0\
\x48\x4b\xbc\x79\xd7\xe5\x72\xba\x3e\x86\xd4\xa5\x58\x96\xa0\x5b\
\x2e\x88\x8a\x00\xe1\x90\x02\xf1\x86\x46\x08\x4a\x51\xec\x4d\x0e\
\x69\xa7\x1e\x94\xe3\xef\x78\xae\xe8\xe0\xb1\x2d\x2a\x0a\xd1\x4e\
\x69\x9c\x70\xd9\xc9\xe9\x0d\xf3\x87\x05\x79\x0b\x02\xc8\xc8\xe2\
\xf1\x60\x52\x89\x79\x0d\x39\xce\x62\xf5\x24\x4c\xa2\xa0\x67\x48\
\xd4\x5c\x77\xc4\x15\x93\x4a\x8f\xbe\xa2\x15\x50\xbe\x7d\xf0\x8c\
\x0b\x4b\x69\x5d\x8f\x00\x35\x80\xc7\x3e\x27\xe8\x89\x14\xfd\x06\
\x41\x26\x91\x40\x97\x0a\x61\x7d\x5a\x86\xe9\xcb\x6a\xaa\xa3\xe5\
\xfb\x2e\xbe\xf5\xa1\xc7\x5a\x95\xdc\x3e\xfe\xf8\x53\xfb\xac\xdb\
\xb4\xe1\x74\x01\x0c\xe6\x62\xf6\xa8\xdf\x83\x33\xbf\x55\x76\x96\
\xeb\x8b\x65\x0b\xb8\x3e\xb1\x46\xd6\x88\x67\xcc\x8f\x9e\xc7\x24\
\x4d\xbe\x57\x2d\x5f\xa2\x48\x8a\xcc\x28\x77\xd1\x16\x12\x44\xe1\
\xfb\x47\x1f\x7b\xac\xdd\x54\x45\x3f\x8b\x31\x8f\x37\xc5\xd4\x91\
\x9b\xdf\x5e\x7b\x4d\xbd\x29\xc5\x00\x5c\xaf\x7f\xc4\xf8\xf8\x9e\
\x33\x07\xcc\xc9\x5f\x28\x38\x11\xf3\xd6\xd6\x17\xfc\x7d\xfa\x8a\
\xe3\x3d\x21\x50\x6e\x13\x91\xa3\xae\x00\xbc\xa8\x30\x42\x0a\x49\
\x53\x59\xc1\x15\x32\xe5\x07\x04\x0a\x02\xd1\x29\xef\x24\x57\x5f\
\x79\xdc\xc0\x8f\x86\xf5\x29\x6d\x93\x61\xe4\xa9\x0f\x7e\xd8\x7b\
\x79\x1d\x9c\xd1\x90\xb2\xb9\x60\x18\xd3\xcf\xad\xcc\x24\x08\xd0\
\xa7\x80\x7e\x7e\xcf\xa8\x7d\x5a\x4d\xee\xcd\x13\xa7\x5f\xb6\x45\
\x97\x3b\x53\x24\xb7\xf3\x08\x68\x3c\xf1\x54\xab\x29\xde\xbd\xa4\
\x60\xde\xe8\x23\xfa\xcd\xed\x55\x12\x6d\x91\xa6\x91\xbb\x43\xe1\
\x3b\x7c\xf0\xed\xea\x4e\x1f\x2f\x89\x9f\xdd\x44\xe5\xa8\x23\x6a\
\x10\x22\x8d\xd0\xc3\x58\x01\x9d\xf4\x95\x7a\x5f\xb5\x49\x3f\xf4\
\xb7\x7f\xf9\x5b\x7e\x3e\x17\x5e\x63\xed\xcb\x37\xef\x07\x6b\x67\
\x9d\xa8\xd8\x69\xd0\x44\x85\x31\xee\x1b\x8e\xce\xc8\xec\x90\xb9\
\x06\x17\x85\xe4\x10\x16\x54\xe5\x55\x0a\x7a\x8f\x43\xfe\x53\x72\
\xc1\x73\x2d\x6a\x7a\xf0\xfe\x9b\xdf\xfe\x53\x7f\x69\xd9\xfb\xa3\
\x0b\x05\x93\xb1\xf8\x23\xf9\x9f\x27\x06\x41\x0a\x06\xc1\xf4\x30\
\xf7\x8b\x32\x42\x3d\xec\xb2\xec\x70\x0a\x70\x23\xc6\xbe\x54\x7c\
\xec\x95\xad\x72\xbd\xbe\x7b\xe4\x9c\x73\x8a\x49\x5d\xb9\x46\x74\
\x4e\xc6\xc8\x3c\xeb\x60\x8c\x39\x62\x3c\xe7\x12\x1e\x5c\x25\x06\
\x6b\x52\x02\x7c\xb6\xa2\xa6\x3a\x3a\xf0\xe0\x1f\x6e\xfa\xc3\xa3\
\xad\xca\x89\xef\xb9\xfb\xf7\x87\xa6\x92\x89\x23\x45\xce\x64\xde\
\x72\x2c\x2a\x43\xd6\xce\xad\x47\x46\x9a\x20\x5f\x31\xc7\x71\x86\
\x4b\xdc\xcd\x1d\x8a\x3a\x54\xc9\x8a\xea\x54\x55\x55\x76\x0f\x87\
\x42\xbd\x75\x5d\xe7\x50\xf5\x42\x49\x81\xc4\xed\xdb\x93\x28\xa8\
\x75\xe0\xb9\x02\x3a\x79\x38\x7e\xe6\x03\x7f\x7a\xa0\x15\x79\xc8\
\x2f\x56\xa2\xa0\x57\xeb\xba\x97\x7e\x38\xad\x96\x44\x07\x23\xf1\
\x41\x49\x84\x6f\x1a\x77\x60\xe4\xa5\x61\x6d\x48\x00\x7c\x09\x54\
\x63\xde\xfc\x72\x79\xf9\x92\x2a\x73\xff\x94\xc9\x75\x54\x83\x11\
\x2d\x99\x4e\x01\xc7\x3c\x61\x8c\x17\x8b\x7a\x66\xbc\xa6\x6f\x59\
\xf0\xfb\xcb\x8f\xde\x6b\x7e\x87\x88\xda\x66\x0f\xf1\x79\x15\xd5\
\x05\x7f\x9f\xb6\xe1\xf2\xb4\x23\x04\xb4\x60\x08\x12\x09\x64\x39\
\x17\x59\x2d\x39\xea\xe9\xe5\x31\xf2\xd9\xdd\xa3\xf6\xf9\x26\x7f\
\xe0\x6e\x99\xf8\xe5\x98\x5a\xa7\xa0\xdc\xe0\x03\xcc\x53\x14\x54\
\x00\x84\x64\x2d\xa8\x22\x07\x44\x50\xea\x06\x77\x51\x3f\xbb\xf2\
\x98\x01\x2b\xf2\xd5\xc7\xdc\xeb\x60\x5d\xcd\x7b\xcb\xd3\xa3\x1b\
\x2c\xa1\x20\x62\x37\xc0\x00\x7b\x31\x94\xd1\xcd\xd0\x33\x22\x4d\
\x19\x71\xe9\x5d\x8b\xf2\xef\x69\x37\x6e\x96\xaa\x9e\xbf\xf2\x12\
\xc9\xaa\xef\xa8\xf2\x04\x78\x87\x07\x62\x9b\x20\xb3\xb0\x11\x0f\
\xba\x23\x30\xd6\x7c\xce\xc6\x9d\x99\x00\xa6\xc6\xd4\x08\xb1\xcd\
\x9d\x7e\xfb\xe6\x4b\x72\xb4\xb4\xc5\xfb\x9b\xb5\x1b\xe4\xda\x67\
\xcf\xbf\x3c\xe2\xd4\x15\xb1\xe2\x6b\x41\x05\x87\x0f\x40\x02\x93\
\x19\xd5\xa0\xce\xf1\x02\xba\xe7\x6d\x6c\xce\xe0\x72\x41\x3d\x76\
\xf4\xc5\x9f\xc5\x86\x1d\x5b\x9f\xff\x4c\xc9\x0d\xcb\x34\x37\x59\
\x2b\xa3\x5f\x97\x7a\xc0\xf1\x9c\xdf\xac\x83\xf7\x1c\xae\xfe\xd3\
\x89\x83\x49\x3a\x79\x78\xa5\xce\xc1\xf4\x15\x55\xd5\x91\x7d\x0e\
\xfb\xfe\xfa\x7b\x1f\x69\x55\x9b\x7e\xd3\xf5\xb7\x9c\x00\xd4\x1d\
\xce\xf3\x0e\xf0\xd8\x8e\x03\xa9\x84\x18\xbd\x2d\xf1\x28\xa5\x06\
\x07\x50\xc5\x0b\x42\xb2\xbc\xbc\xdf\x8a\x03\xf7\xdf\xbf\xb2\x57\
\xaf\x5e\xe9\x48\x41\x01\xf3\x52\xd5\xd6\xd6\x4a\x8f\x3f\xfa\x97\
\xe3\x5c\xea\x0e\x43\x89\xc2\x7a\xc8\x63\xe7\x80\x9c\xa3\xad\xc8\
\x3c\x6e\x16\x58\x33\x5f\x52\x52\xf2\xf9\xed\x77\xde\xd1\x6e\x62\
\x89\x9f\x4d\xa2\xe0\x83\x3f\x33\x75\xe5\xde\xdf\x55\x8a\x67\x5a\
\x54\x00\x09\x4c\x28\x95\xe3\x3f\xdc\x7b\xc6\x90\x0f\x0a\x22\x6a\
\x9b\xfd\xc8\x3e\xf2\x00\x00\x18\x23\x49\x44\x41\x54\xae\x3b\xfc\
\x8c\x49\x28\xb7\x7c\x43\x43\x78\xc9\xc6\x78\x49\x5d\xdc\x08\x11\
\xea\x29\x8a\xc4\x59\xdd\x8b\x83\xb5\xfb\xf7\x2b\xab\x2e\x8d\xaa\
\x64\x5b\x86\x5a\x6d\xd2\x94\x1e\xf8\xd7\xb2\x31\x71\x13\x7a\x50\
\x5e\x66\x45\x53\x28\xb6\x91\x45\x11\x7b\x9a\x98\xba\x05\x7d\x0b\
\xdd\x4f\xee\x1d\x3d\xa4\xd5\x2e\x78\xf7\x6b\x33\xcf\xda\x90\xd4\
\x06\x9a\x62\x04\xa8\x28\x33\x12\x8b\xb0\x67\x32\x82\x70\x0c\xb9\
\xb9\x9e\x6d\x17\xaa\xdc\x82\xf1\x47\xf6\xfe\xb2\xbc\x4b\x61\x8b\
\x9c\xab\xec\x1c\xe2\xf3\xbf\xf1\xe5\xca\x6e\x53\xd7\xd2\xb3\xf9\
\x64\x95\xdc\xb7\xee\xcb\xa6\x7d\xbb\xc8\xc5\x47\x9c\x3b\xfe\x8f\
\x72\xa4\xb0\xd5\x3b\xaf\x7d\xed\xbe\x81\xe1\xf5\x33\xce\x22\x4e\
\x93\xdf\xda\x0f\x4b\x9e\x71\x77\xc4\x8e\xc0\x2c\x15\x34\xe4\xf7\
\x70\x04\x87\x19\xc4\x68\x2d\xe8\x72\x0c\xb4\xa3\xc6\xbf\x50\x72\
\xd0\x99\x2d\x52\x82\x30\xce\xb1\xe6\xa9\x0b\x0e\x2f\xa8\x5f\x3c\
\x92\x95\x9a\x89\x01\xd0\xb9\x50\xda\xed\xb4\xd7\xb4\xe2\x83\x4e\
\xab\x10\x63\xdd\x0c\x3e\x10\x74\x45\x45\xa3\x20\xaa\x14\x81\xd8\
\x5e\x83\x17\xa9\x5b\x97\x3c\x77\xe3\xc8\xb5\x1b\x2a\x0f\x99\xb5\
\xaa\xb2\xbe\x6c\xf8\x91\x73\x7f\x77\xc7\x03\x73\xf3\xc1\x76\xcd\
\x55\xbf\x3b\x85\x7a\x5e\x37\xea\xd9\x8e\xa2\xca\x86\x28\x88\xf1\
\x40\x30\xd8\x50\xd6\xa9\x53\xed\x80\x01\x03\x6b\xf6\xde\x7b\xef\
\x78\x34\x1a\x75\xb3\x34\x52\xf9\x9f\xff\xe2\xb3\xcf\x4a\x3e\x9e\
\xfa\xef\x4b\x3d\xcf\x93\x59\xc1\x19\x8a\xa5\x1d\x00\x05\xff\x8c\
\x01\xc7\x8e\xa5\x25\x1f\xdd\x78\xcb\x2d\xad\x9e\xe9\x17\x2b\x51\
\x98\xfd\xb1\xba\x36\xfa\xcc\xa7\x55\xd7\x61\x6d\xb8\xa2\x60\x25\
\x62\x1d\x74\x90\xc8\xb7\x77\x8e\x1a\xfe\xe9\xce\x18\xcb\x3b\xf3\
\x72\xd9\x73\x12\x3a\x11\x7e\x3f\x65\xc9\x09\x35\x3a\x0c\xe3\x05\
\x85\x95\xe2\xa2\x8b\x39\xd7\x40\xc4\xba\x8d\xf2\xa8\x33\xf5\xae\
\xb3\x06\xb5\xda\x05\xef\x7e\xed\xeb\x93\x36\xa5\x43\xfb\xa6\xb9\
\x30\xd8\x82\x08\x9a\x24\x82\x64\xa5\xc1\xb5\xd3\xcc\x53\x13\x08\
\x61\x0f\x10\x03\x42\xbc\x5d\x73\xea\x90\xc2\x77\x8f\xdf\xb7\x77\
\x55\x5b\x0b\x0d\xf9\x90\x6f\x98\xf4\xfd\x71\x5e\x63\xe5\xe0\xf2\
\xea\xa9\xe9\x43\xfb\x17\x27\x87\x5e\x74\xdf\x4b\xf9\xe7\x9a\x8d\
\x55\x52\xed\x84\xf1\x97\xf2\xa9\xcd\xa5\x92\x90\xa5\x97\xc5\xc8\
\x7a\xa6\x8f\x0a\x3a\x37\x20\xc8\x1a\x87\x72\x32\x07\x86\xa5\x43\
\x40\xd2\xc0\x16\x82\x50\x2d\x75\x9c\x3d\xf0\x66\xac\x86\x6c\xe9\
\x66\xae\xff\x76\x72\xb1\xfd\xfe\xfd\xe3\x03\xc1\x08\x34\x18\x1c\
\x08\xfd\x8f\x78\xa7\xcb\x98\x7b\x7f\x14\x4a\xd5\xec\x38\x6f\x9a\
\x3d\x35\xf6\xe9\xab\x13\x2e\x5f\xb2\xb9\x36\xde\x73\xc4\x31\xdf\
\x5d\x7d\xf3\xdd\xdf\xe7\xcf\xd3\xdc\xef\xe6\x46\x5c\xcf\xe5\xc3\
\xe1\xb0\xd3\xb1\x63\x47\xb3\xa0\xa0\x80\x81\x62\x67\x8f\x75\xeb\
\xd6\xa8\x8f\x3d\xfa\xe8\xc5\x92\x24\x95\xb0\xb2\xf2\x4c\x83\xa7\
\xec\xe7\xb7\x95\xeb\x85\x40\x29\xef\xd3\xfb\xed\x2b\xae\xba\x6a\
\xe9\xce\xde\xab\x25\x00\x3d\xef\xbe\x5d\xf9\xe0\x7f\xfb\x19\xd3\
\x26\xdc\xb5\x2f\xce\xbd\xc1\xf2\x02\x21\x4f\x16\x40\x4f\x37\x40\
\x59\x71\xc4\xd3\xa8\x35\xfb\xba\x13\xf7\xfe\xa2\x34\xaa\x3a\xed\
\x19\xc0\xb6\x9e\x07\x77\xf1\xea\xb8\x21\x3f\x39\x75\xf5\x31\xb5\
\xb6\xb6\x6f\x8a\xa5\x18\x62\x07\x2e\xcc\x69\x72\x59\xce\x95\x4b\
\x08\x33\xf6\x3a\x14\x16\x43\x17\x25\xf1\xc9\x7d\xa3\x06\xb5\x92\
\x28\x77\xbe\xf2\xd5\x31\x55\x7a\x78\x04\xea\xe0\x29\x24\xae\xc0\
\x89\x35\x53\x2c\xf2\x8f\x81\x37\xac\xf4\x43\x12\xe8\xa0\x26\x03\
\x58\xa9\xd4\xfe\x3d\xc2\x1f\x5e\x79\xf4\x80\x15\x08\xc6\xfc\xe3\
\x86\x67\x3f\x39\x4c\x4b\x6c\x18\x71\x30\xb7\x58\xea\x5e\x56\xfc\
\xe1\xc0\xb1\x77\x2e\xc8\x3f\x67\xf3\x9b\xf7\xef\xed\xad\x9a\x71\
\x26\xd8\x8d\x20\x33\x83\x1b\xdd\xc9\x0e\x4b\xc9\x91\xb1\x10\x11\
\xf5\x7a\x64\x92\xe7\x79\x30\xf0\x77\xb2\x08\xbc\x89\xbd\x60\x64\
\x70\x94\xa8\xae\x9e\x7c\xd3\x8b\x91\xc1\xc7\xb4\x48\xcf\xb7\x36\
\x2d\x53\xeb\x9f\x1e\x75\xb3\x12\x08\xf3\x69\x2f\x40\x8b\x2f\x79\
\xe6\x2f\x5a\xb7\x1f\x97\x52\x75\xf3\xbc\x4f\x0b\x3e\x78\xe9\xc5\
\x8b\x57\x55\xd5\x9b\x9d\xf7\x1d\x39\xf3\x86\xdb\xef\x6a\x37\x89\
\xc3\x8e\xd6\xd5\xb4\xcf\x3f\x2f\xfe\xf7\x07\xef\x5f\x82\xbd\x92\
\xda\x5a\x1f\xdb\x02\x0a\xc6\x51\xf6\xea\xdf\xef\x9f\x17\x5f\x76\
\x59\xab\x50\xc4\x8e\xee\xf9\xb3\xa9\x5e\x6c\xb9\xfe\x9f\x2a\x75\
\xdb\xc4\x59\x27\xea\x5c\x64\xbf\x84\x43\x41\xd2\x44\x48\xc4\x1b\
\xd9\x6e\x5d\xa8\x4a\x15\x27\x0c\x2e\xf9\xe4\xc8\xc1\x9d\x6b\xb6\
\xa7\xf7\x6f\xef\x05\x99\x23\xa0\x62\x4b\xec\xb5\xaf\x37\x9d\x54\
\x63\xf2\xbd\x74\xaa\x80\x16\x8a\x32\x22\x08\xec\xa6\xc5\xd2\x36\
\x28\x61\x54\x3b\xcc\x8b\x66\xbb\xd0\x51\x32\xe6\x3c\x7a\xc1\xe0\
\x7f\xe7\x4e\x00\xfe\xed\xce\x37\xe6\x5f\xb2\xa9\x81\x76\x75\xc4\
\x10\x78\x98\x8a\x82\x91\x62\x4b\x67\x80\xc3\xfe\x28\x68\xe0\xab\
\x5a\x70\xab\xab\x32\xa4\x78\x76\x57\x39\xfd\xc5\xed\xa3\xf6\x9f\
\x9d\x1b\x7f\x69\x4c\x9a\xd2\x83\x93\x3e\x3f\x31\x50\xb3\xb8\xeb\
\x48\x6e\x61\x61\xa7\xe2\xf0\xf4\xbe\x57\xfd\xed\xcb\xdc\xfb\x91\
\x54\x93\x50\xfd\xf8\xb9\x97\x72\x24\x5e\x26\x8a\x14\x38\xe2\x53\
\x8e\x52\x1e\xb3\xa7\xd1\x3b\x85\x31\x0f\xbf\x45\x06\xe6\x6a\xd9\
\xbc\xcb\x02\xae\x82\x03\x4c\x0d\x31\x1c\x07\x52\x45\x7d\xbe\xe9\
\xfe\xbb\x57\x3f\xcb\x0d\xac\xa5\x16\x4d\x8f\x3a\x93\x6f\xba\xc6\
\x76\xa8\x60\x4b\x61\x2f\x7a\xe6\x3d\x4f\x45\xf6\x39\xaa\x5d\x9d\
\x71\xb7\x3b\xde\xc4\x86\xe9\x8f\x5d\x77\xd8\xc2\xd5\x1b\x06\x6f\
\x8a\xdb\xb4\xcb\xd0\xc3\x67\x5f\x77\xdb\x1d\xbb\xa4\xe6\x6c\x6b\
\xd3\x5b\xb9\x72\x65\x70\xd2\x3f\xfe\x71\xac\x65\x99\x83\x30\xe0\
\x88\x71\x94\x1d\x79\xbd\xb2\x35\xf3\x28\x51\x06\x0d\xde\xe7\xb5\
\xb1\x63\xc7\xae\xde\x19\x60\xe4\x9f\xf3\x93\xc7\x51\xb2\x0f\x80\
\x0b\xf0\xc9\x29\xf3\xf6\x5d\xb2\xc5\x3e\x89\x06\xa2\x2c\xad\x42\
\xd6\xb0\x7d\x99\x08\x7a\xbc\x11\x62\x22\x18\x1d\xa3\xc2\xbc\x33\
\x0e\xe8\xfa\xdd\x5e\x3d\x8a\x92\xdb\x4b\x65\xcf\xbd\x26\x7e\xbf\
\xa9\x2e\xad\x4e\x9e\xb3\x6e\xd0\x92\x35\x75\x23\x41\x89\x05\x89\
\xa0\x82\xac\x15\x40\x55\x75\x2d\x44\xa2\x21\xc6\x1c\x6f\xd9\x26\
\xa3\x49\x42\xb7\x19\xb6\x9d\x03\x5e\x81\x80\x60\xa5\x2e\x1d\x51\
\x3c\xe9\x90\xbd\x3a\x6e\xed\x41\xfe\xde\xdc\xb5\x9d\x27\x7f\x53\
\x71\x61\x20\xda\x59\xc2\x3a\x73\x33\x53\xfe\x8a\xcd\x17\x30\xf7\
\x0c\x1d\x13\x18\xc7\x49\x1b\x3a\xfb\x8a\xcd\x3f\x6d\x23\x81\x3c\
\xc3\xb4\x47\x07\x6d\xc6\xa5\x47\xf6\x99\xd1\x21\xac\x3a\x95\x0d\
\x69\x75\xc2\x47\xf3\x0f\xb2\xea\x6b\x46\x14\x37\x2d\x4c\x9f\x12\
\x59\x1d\x2d\xf4\xea\x1d\x6e\xff\xf3\x26\x16\x1f\xea\x07\x1a\xa9\
\x99\xe2\xeb\x5e\x1c\x7f\x68\xa0\xbe\xe2\x70\x87\xea\xd8\xf4\x06\
\x24\x01\xb9\x87\x31\xc9\x13\x83\x7b\xd8\x92\x0e\xdd\xa9\xe8\x7c\
\xc0\xa8\x3a\x72\xa2\x19\x10\x8e\xc6\xc0\x34\x7c\x9b\x0b\x93\x2e\
\x13\x0e\xb8\xea\xb0\x53\x26\x17\x9f\x72\x8b\x4f\x39\x64\xea\x5c\
\xcd\x5f\xc7\x1c\xad\x34\x6d\x18\xc1\x49\x3e\xbf\x00\x5f\xd8\xfd\
\xeb\xe8\xa5\x13\xa7\x83\x1a\xa0\x59\xa0\xe2\x9c\xf8\x07\x6b\xd9\
\x85\xfc\x6b\x1c\x50\x6c\xfb\x80\x99\x60\x58\x72\x42\x38\x2c\x19\
\x06\x62\x73\x8e\x95\x12\x48\x5a\x17\xa8\xe7\x70\xd6\x96\xb5\xc1\
\xda\x39\x1f\x0d\x74\x39\xef\xd0\xaf\x97\xac\xaf\xaf\x74\x82\x82\
\x13\xeb\xb1\xe6\xa1\x27\x9f\xff\x60\x57\xb5\x82\xec\xb3\xa0\x9a\
\x3c\x6b\xc6\x8c\xe2\x99\xdf\x7c\xd3\xbf\xb6\xae\x76\x10\xef\x41\
\x71\x16\x1c\x78\xed\x1d\xe5\x7a\x65\x81\x82\x12\x65\xd8\xd0\x21\
\x93\x46\x8f\x19\xb3\x53\x4c\x36\xbf\x18\xa0\xe0\x83\xcc\x5f\x5d\
\x15\x79\xe9\xab\xaa\xeb\x13\x9e\x0c\x69\xdb\x60\xa5\xb5\x96\xc3\
\x81\x22\xca\x8c\x7f\x4a\xf2\x2c\x50\x79\xc3\x08\x4a\x74\x4d\x59\
\x54\x5d\x7f\xce\xe1\x83\x16\x75\x8c\x29\x16\x4e\x67\x6e\x11\x16\
\x0e\x2a\xa5\x94\xfb\xf8\xfb\xf5\x1d\xa7\x2f\xad\x19\x9a\xe4\x94\
\xbd\x74\x9d\x86\x44\x49\x65\x8d\x35\x79\x4e\x06\xdb\xa1\xa0\x85\
\x82\xac\xbd\x9b\xe3\xd9\xcc\xa5\xea\x57\x29\x08\xac\x3b\x97\xed\
\x8a\x20\xf3\x0e\x68\x76\x75\xb2\x34\x24\x2d\x2c\x8b\x45\xb6\xac\
\xaf\xd7\xcb\xaa\xd2\xd6\xbe\xa2\x16\x51\x1c\x13\x3b\x7f\x61\x46\
\x80\x9f\x0d\x2b\x60\x11\xab\x83\x79\x68\x7e\x30\x0c\x83\x76\xa8\
\x86\xe1\x24\x5a\x96\xc1\xca\xc6\x5c\xdb\x80\xe2\x90\x9a\xf2\x88\
\x5d\x67\xbb\x5c\xa9\x0a\xb6\x14\x73\xea\xc4\xbe\x64\x35\xec\x9b\
\x9e\x01\xe1\xd4\x7a\x20\x81\x02\xcf\x93\x23\xcb\x3d\x41\x4c\x7b\
\x7a\x63\x91\xac\x37\xf4\x28\x0a\xcb\x90\x4a\xc5\x19\xbb\x8c\x69\
\x23\xef\x0b\x2e\x6e\xbf\x0b\x19\x56\x05\xfa\x87\xdf\x61\x45\x16\
\x31\xf2\xec\x80\xed\xfa\xb9\x5a\x00\x3e\xdf\x30\xe1\x22\x16\x84\
\x4b\xbf\xe7\x54\x2d\x65\xd6\xae\xed\x5a\x04\xa4\x9f\x95\x6a\x02\
\x57\xe0\x40\x51\x04\x70\x4d\x1d\xf8\x58\xf7\x25\x7a\xe7\xfd\x57\
\x2a\xc5\xbd\xe2\x76\x53\x75\x30\x55\x5f\x89\xdc\xaa\x41\x91\xda\
\xb2\x90\xaa\xd3\x54\x27\x59\xa0\x79\x56\x44\xa4\x44\x45\x2f\x17\
\xda\x48\xbc\x67\x79\x1e\x36\x59\xe5\x14\xce\xe5\xb1\x5e\x40\x04\
\xd3\x05\x70\x24\x09\xd2\x72\x14\x66\x55\xd4\x35\xac\x68\xe2\x25\
\x12\xea\xe4\xec\x7f\xf8\xb1\xff\x3e\xff\xfc\xf3\x5b\x95\x0b\x6c\
\x6b\x47\xcf\x82\xe3\x9b\x6f\xbe\x2e\x9c\xf1\xe5\x57\xe5\x8d\xf1\
\x78\x2c\x95\x48\x74\x13\x78\xbe\x48\x10\x04\x09\xe3\x28\xa1\x40\
\x90\xb9\xf3\xb1\xab\x1a\x16\xff\x61\x76\x41\xee\xb1\x2d\xba\x22\
\x7c\xce\x03\x0e\xd8\x7f\xe2\x19\x67\x9d\xd5\x2a\x3e\xb4\x33\x12\
\xe6\x67\x93\x28\xd9\x87\xbb\xe4\x99\x19\xd7\x99\x4a\x2c\x8a\x81\
\x2b\x59\x51\x21\x9e\xb4\x18\x07\x55\x24\x5c\x08\x89\xa6\x3a\x10\
\xb8\x34\x44\x42\x12\x98\x71\xf4\xfe\x78\x84\x17\x64\xc2\x8b\xbc\
\xc3\x49\xbc\x29\x4a\x9c\xeb\xd9\xae\x44\x08\x55\x74\xc3\x50\x84\
\x40\x40\xe2\xd5\x28\xe8\x36\xaa\x55\x1c\x08\x1e\x07\x11\x4c\x61\
\x48\xa7\x20\x18\x0c\x43\x63\x3c\x09\x1e\xf6\x2b\xe1\x3d\x10\xb9\
\x4c\xd7\x5c\x8f\x03\xc3\xf6\x40\x50\x23\x6c\x61\x47\xc5\x14\xa3\
\x43\x32\x0d\x0e\xf8\x40\x08\xac\x8c\x57\x45\x20\xd8\x04\xd5\x6f\
\xf7\xcc\x80\x81\xcd\x7c\x94\x20\xa4\x6c\x8c\x1c\x8b\xc0\x99\x71\
\x88\x44\x83\x50\x55\xd7\x04\x6a\x28\xec\x37\x1f\x4d\x27\x81\x73\
\x6c\x50\x54\x09\x80\x13\x81\x4b\xd4\x40\x77\x6f\x0b\xf4\x77\x57\
\xc1\x3e\xfa\x1c\xe8\xec\xd5\x83\x89\x5d\xa0\x30\x07\x4b\x51\xc0\
\x74\xb1\xb4\x18\xf9\x98\xd1\x16\xb1\x59\x6e\x1b\xf6\x86\x44\xa0\
\x78\xa0\xf8\x05\xce\xac\x22\x10\x4b\x0d\xfc\xf2\x68\x4d\x08\x41\
\x32\x99\x62\x25\xc4\x8a\xc6\x43\x42\xaf\x87\x40\x20\x04\xe9\x04\
\x76\x50\x46\xf7\xb9\xc5\xc0\x44\x6c\x0f\xd4\x60\x00\x4c\xb0\xc0\
\xb2\x75\xec\x2c\x06\x49\xc3\x06\x4f\x2b\x04\x9b\x78\x3e\xad\x53\
\x20\x04\x8d\xba\x9f\x83\x15\xd3\x00\xec\x74\x23\x08\x7c\xa6\xb4\
\x1a\xb3\x70\xb1\x18\x1b\x37\x25\xe6\x7b\x53\x19\x49\x1f\x12\x88\
\x3b\xb2\xda\x98\x52\x22\x2b\x42\x83\x4e\x58\xf4\xc1\xf4\x19\xc3\
\xaa\x93\x5e\xbf\xba\x14\x95\x3d\x5e\x75\x3a\x44\xd4\x05\xfb\x1d\
\x30\x7c\xf9\x5e\x03\x06\x34\xc6\x8a\x8b\x6d\x87\x10\x2e\x15\x8f\
\x4b\x55\x55\xd5\x5a\x5d\x4d\x75\xb0\xbe\xb1\x3e\xd8\x18\x6f\x8a\
\x6c\xa9\xac\x2c\x31\x6d\xab\x24\x18\x08\x46\x65\x59\x0e\x18\x86\
\xc1\x23\x10\x90\xa7\x1a\x8d\x76\x04\x00\xcb\x28\x70\x5d\xbf\xa7\
\x66\x30\xc8\x52\x53\xb2\x3d\x3a\xb3\xeb\xa9\x2d\xa0\x30\xa9\xc6\
\x8b\x70\xd0\x41\x23\x5e\x3c\xe5\xb4\xd3\x76\xa9\x85\xc8\xcf\x0e\
\x94\xdf\x4d\x9c\x7f\x46\xb5\xad\x0c\x92\x44\x26\x15\x18\x9b\x89\
\x2c\x05\x21\x65\xba\x6c\xb1\x79\xbc\x09\x8e\x6d\x80\x86\x2d\x76\
\x51\xec\x63\x01\x83\x28\x81\x81\x41\x36\xcc\x1c\x25\xc0\xba\xdb\
\x22\x6b\x63\x4a\x4f\x03\xaf\x84\xd8\xc4\xa3\x0b\x55\x15\x05\xe0\
\x0c\x9f\xd6\x08\xc9\xc1\x19\x27\x17\x2e\x7c\xf6\xcf\x01\xdb\xc6\
\xa0\x97\x0a\xbc\xa4\x81\x8e\x34\xc6\x02\x52\x2e\xe8\xcc\x75\xcc\
\xf1\x1a\x38\x58\xa5\x21\x70\xcc\x4b\x16\x44\xb5\xc6\x25\x8c\xd5\
\x05\x17\x35\x4a\x13\xd6\x1a\x1c\x0d\x68\xcc\x64\x96\x28\xeb\x1e\
\x45\x05\x05\x90\xb5\x1f\xdb\x54\x23\x80\x98\xca\xe2\x10\xd6\xd8\
\xb3\x90\xd4\x43\xa7\xc4\x0f\x30\xc0\xad\x80\x01\xf6\x52\x88\xd9\
\x5b\x58\xb1\x14\x66\x06\xa0\x0b\x57\x90\x15\x40\x26\x78\xec\x53\
\x29\x9a\x3a\x84\x54\x15\x4c\x24\xf5\x63\x44\x10\x99\x78\x01\x87\
\xfd\xda\x7d\xe6\x12\x1e\xf3\xdb\x5c\x11\x44\xec\x88\x0c\x36\xd8\
\xc4\x00\x90\x70\x19\x63\xdf\x77\x19\x34\x51\x03\xce\xb5\xfc\x6c\
\x05\x8a\x74\xb0\x02\x58\x9c\xed\xa7\xc8\x63\xc0\x56\x16\xc0\x42\
\x02\x70\xec\x8b\x89\x24\x19\x29\x13\x04\xb5\x80\x9d\xcf\xd9\x69\
\xc0\x39\xf1\x58\x81\x1c\x0e\x3b\x6b\xd9\x0a\xae\xcb\xa3\xf4\x75\
\x2c\x29\xba\x5e\x28\xe9\xbd\x2a\x3a\xf4\xb8\xd5\xd1\x7d\x8e\x68\
\xe2\xd5\x10\xc5\xf9\x7b\xe0\x8e\xeb\x8e\xaf\x4f\x98\x03\x45\x35\
\x16\x44\xcd\x00\x6c\x03\x08\x31\x4c\x83\x3a\xb6\x85\x6d\x07\x14\
\x0d\x28\xe5\x78\x8d\xe3\x24\x59\x12\x24\x4e\xe4\x44\xfc\x1c\x4a\
\xe2\x6c\xe4\x1d\xb9\x9d\x63\x91\xa8\xdf\xcd\x17\x73\xf9\x30\xf9\
\x11\x83\xab\x99\xef\xf1\x2b\x7e\x06\x01\x80\x01\xc5\x1d\x49\x94\
\x0c\x50\xbc\xc3\x47\x1e\xfe\xc2\x71\x27\x1e\xbf\x4d\xde\xe6\xed\
\x49\x96\x9f\x1d\x28\x8f\xbc\xb7\x6c\xf0\xe2\x3a\xe1\x34\xe4\xf9\
\x12\x04\x0e\x5c\x2c\x2b\x75\x71\x50\x34\x96\x95\x8a\x9d\xa6\xd8\
\xa2\x60\x85\x47\x90\xa9\xd4\x03\x56\xb8\xc5\x5a\xa8\x63\x04\x21\
\xa7\x24\x21\x5b\xdf\xc0\x9a\x88\xa2\xf1\x9b\x37\x90\x5b\x9b\x63\
\x66\x08\x0d\xfc\x34\x6f\xbf\xbe\x9e\xa9\x54\xac\x30\xcc\x8f\x52\
\xfb\xb4\x47\xfe\x91\x55\x78\xfc\x10\x1b\x1e\x99\x4c\x25\x3c\x21\
\xa7\x94\x35\x5b\xd6\x9a\x6d\xd8\xea\x37\x4c\xf2\x8b\xa6\x4a\xec\
\x2a\xd8\xdb\x5c\x00\xfd\x9c\xe5\xd0\xdd\x5e\x83\xc4\x7c\xac\x8d\
\x9d\xaf\x52\xf9\xd7\xcd\x26\x06\xfa\x8d\x87\xb2\xdc\xbc\x4c\x94\
\xf9\x59\x51\x5b\xbb\x28\xfb\xe7\xb3\xd4\x42\xe4\xae\x62\x8b\xb9\
\x99\x58\x83\x73\x7d\x5e\x67\x4c\xad\xc7\xb3\x90\x91\x53\xd6\x64\
\xc0\x40\x2d\x4a\xd4\x50\x50\xf3\x93\x0a\xb1\x3d\x1c\x6e\x50\x98\
\x78\x88\x9d\x06\x30\x5e\x03\x1c\x68\x22\xd6\x6f\x60\x1b\x72\xac\
\x42\x14\x80\xca\x21\x2b\xcd\x2b\xeb\x8d\x48\xef\x95\x1d\x0f\x1e\
\x5d\x11\xe8\x35\x24\x29\x86\x62\x2d\x5c\xbb\xb8\xa1\xfc\xe1\xae\
\x5b\x4f\xd7\x0d\x6b\x2f\x5e\x50\x98\xaa\xe4\xb7\xac\xf5\xdf\x2b\
\x97\x46\x0a\xe7\x72\x7b\xa4\x12\xad\xea\x4a\xb6\xb1\x8a\xb3\xd7\
\xcd\xfe\xb9\xad\x36\x77\x98\xea\x12\x08\x45\xdc\x91\x23\x0f\x7b\
\xe1\xe8\x63\x8f\x6d\x45\x1a\xfe\xab\x50\xbd\xa6\x2f\xda\xd2\x61\
\xe2\xac\xc6\xf1\x0e\x47\x78\xd4\xf1\x05\x0e\xfb\x9f\xcb\x90\x4e\
\x1b\x80\x86\xa7\x23\x64\x2c\x09\x06\x12\x00\xac\xd4\xc3\x63\x2b\
\x50\x32\x0b\x95\xb1\xb4\x64\xd4\x91\x9d\xfe\x9a\x01\x00\xbb\xc4\
\x2e\x7c\x9e\xf9\x9e\x32\x0b\x1c\x83\x7f\x0c\xb8\xf8\x33\x23\xb7\
\xf0\xc1\x94\x05\x20\x92\x60\x94\x59\xeb\x60\x3f\x7d\x16\xf4\xb3\
\x57\x40\x29\xd9\x02\xaa\x9b\x02\xc2\xfb\x34\x42\x59\x47\x72\x7e\
\xcf\x77\x7c\xae\xfc\x23\xf7\x37\xac\xe6\x3c\xb3\x10\xfd\xa5\xe7\
\xe7\x4d\xb1\xc2\x5f\xd6\xfe\xd1\xaf\x44\xcc\x26\x19\x22\x85\x2b\
\xee\xc2\x8c\xc4\x5c\xd3\x98\x6b\x3c\xa0\xa1\x14\xc6\xda\x0e\xbf\
\xf2\x0f\x73\xc0\x30\x10\xcb\xcb\x9a\xe3\x48\xc1\xe5\x24\xda\x6d\
\x5d\xe1\xc1\xff\xaf\xbd\x6b\x8d\x8d\xe2\xba\xc2\x67\xde\x3b\xfb\
\xf0\xd8\x2c\x8e\x71\x1d\xc0\x18\x52\x13\xc0\xc1\x45\x06\x51\xa5\
\x31\x2d\x91\xab\x4a\xb4\xa8\x24\x95\x68\x93\x92\x56\x4d\x05\x52\
\x7f\x34\xb4\x51\x15\x55\x10\x92\x3e\x92\x54\xc1\xa1\xcd\xa3\x4a\
\x93\x28\x52\xa5\xa4\xfd\xd1\xd2\x36\x55\x2a\x55\x55\xf3\x87\x3e\
\xa4\x04\x45\x15\x38\x0e\x26\x38\xe6\x65\xc0\xb5\xf1\x73\x9f\xf3\
\x9e\xf6\x9c\x3b\x63\xaf\x17\x1b\xef\xae\x59\x30\x68\xaf\x64\xcd\
\x7a\x75\x77\xe6\xde\x3b\xe7\xdc\x73\xee\x79\x7c\x67\x67\x5f\xb4\
\xb1\x35\x25\x46\x67\xf7\x7b\xa0\x24\xf8\xc1\xde\x47\x76\x86\x23\
\x91\xd5\x41\xed\x44\x24\xd2\xab\xb5\x42\x19\x62\xa6\x7b\xe4\x33\
\x09\xad\x78\x5e\xd9\x87\x60\xde\xbc\x28\x9b\xdb\xb7\x7f\xe9\x95\
\xbb\xef\xb9\xe7\x0a\x54\x9b\x9b\x82\x51\xc6\x53\xba\xf0\xd8\xef\
\x7a\x1f\x75\xc4\x90\x3a\x96\x4c\x81\x56\x55\x45\x22\x17\xd5\x26\
\xc4\xec\x34\x30\xf6\x87\x2c\x4c\x6c\x57\x97\x7c\x46\xb1\xa6\xd1\
\x0f\x53\x43\x90\x68\x8a\xbb\xb2\x85\x65\x04\x8e\x69\xa9\xa8\x9f\
\x17\x7e\x65\xa0\x0c\xc1\xce\x1e\x00\x4e\xfb\xff\x53\x9a\x2d\x63\
\x1c\x1c\x37\xf6\x5b\x6a\x9c\x86\xcd\xe9\x23\xd0\x6c\x9e\x02\xcd\
\x19\x03\xd5\x49\xd1\xf3\x03\x40\x8c\x60\xc7\x0d\xa4\xde\xf4\x17\
\xcf\x18\x91\xfe\x28\x9d\x97\xa1\x3c\x62\xb8\x3a\x99\x8f\xfd\xb7\
\xcd\x00\x24\x58\xd8\x7a\x10\x89\x1b\x58\x9e\xf0\x00\x1c\xab\xae\
\x21\x48\x57\xcc\x6e\xa4\x0a\xc2\x9c\xcc\x02\x12\x11\xff\x0b\x55\
\x19\x4e\x4a\x26\x05\xf5\x7c\x78\x6d\x7b\xb7\xbc\x72\xd3\x60\x75\
\xcb\xd6\xb1\x7c\x24\x98\xd9\x08\x2b\x95\x4a\x71\x4f\xec\xfb\xe1\
\xd7\x5d\xd7\x6b\xca\x0f\x7f\x2f\x84\x18\x4b\xe9\x93\xbb\x56\x33\
\x31\x0a\x7e\x87\x67\x9c\x8c\x6e\xa4\xbf\xf1\xd0\x43\xaf\xae\xdf\
\xb0\xa1\xa4\x2a\x63\x37\x5c\xf5\xc2\x89\x3c\xf2\xfa\xbb\xf7\x8f\
\xbb\xea\x3a\x1d\xd1\x16\x45\x56\x0f\x1d\xd3\x4c\x11\x49\x92\x13\
\x43\x0c\xe5\x10\x31\xa0\x08\x56\xc7\x57\x51\xfc\x14\x52\xb6\x83\
\x04\x7b\x72\xb1\xd7\x52\x5e\xcd\xf4\xdf\x4c\x53\xfb\x7c\x42\xc6\
\x1e\x38\x52\x3c\xfc\x92\xef\x03\xcf\x48\xae\x03\x2b\xcc\x3e\xf8\
\x4c\xf2\x1d\x58\x65\x9d\x02\xd5\xcb\x80\xec\xe8\x94\xe3\x4f\xc9\
\xb8\x3e\x9a\x63\xb0\x21\x06\x6a\x25\x7b\x1a\xfb\x96\xa9\x59\x0c\
\x61\x06\xd9\x03\xe7\x8e\xd8\xc7\x98\x02\x4d\xaa\x9e\x1f\x9a\xce\
\xd4\x37\xc6\x30\x32\x96\xc6\xb3\x1c\xaa\x85\xa2\x55\x2f\x82\x64\
\x36\x43\xd2\x42\x54\x64\x72\x50\x7a\x78\x16\xb3\xb9\x61\x88\x54\
\xf5\x2b\x4d\x1b\x4f\x44\x5b\x3a\x06\xd4\x15\xeb\xd3\xa5\x24\x37\
\x8d\x5c\xbe\x2c\x1e\x78\x7c\xff\x37\x6b\xaa\xab\x1b\x70\x2c\x04\
\x0c\x58\x42\x7e\x7a\x31\x6f\x65\x2e\x46\xa1\x73\x8c\xe3\x60\x3a\
\xc6\xc4\xde\xef\xed\x7d\xa5\x69\xe5\xca\x92\xea\x56\x2e\x08\x46\
\xe9\x3c\x7c\xb4\xad\x67\x18\xb6\x89\xb1\xdb\x00\xa5\x0a\x1d\x66\
\x3d\xcc\x3f\x40\x40\x6b\x74\x11\x32\xc2\x40\x95\x06\xf3\xe9\x18\
\xd1\xe4\x82\x16\x14\xcb\x20\xb9\xfd\x8b\x79\x2d\x33\xf4\xf5\x58\
\x11\xd7\xa0\x0e\x23\x5a\xa8\x26\xcf\x41\x54\xb4\x15\xe3\xb4\x74\
\x08\xbb\x26\x95\xc5\x6e\x4f\xfe\x1d\x56\x98\xbd\xbe\x24\xca\x91\
\x3e\x7e\xf1\xd7\xe0\x09\xac\x12\x15\x03\xd2\x40\x1f\x0a\xb1\x0b\
\x9d\x37\x7c\x75\x8e\x95\x7d\xcf\x01\xb3\xcb\x45\x33\x61\x16\x31\
\x6c\x68\x1e\x97\x64\x34\x58\x88\x90\x46\x2b\x91\xa8\x80\x18\x0a\
\x39\x86\x63\x27\x9c\x58\xc3\x87\xc2\xb2\x8d\x67\x6b\x37\x7d\xf9\
\xa2\xfa\x89\xa6\x59\x23\xa0\x0b\x5d\xa1\xf3\xe7\xcf\x2b\xcf\xfc\
\xf4\x27\xdf\xe6\x00\x16\xa3\x55\x0a\x8d\x1e\xa8\xe2\x95\xb3\xcd\
\xc5\x28\xc1\xb3\x0d\xcb\x19\xd9\x7f\xe0\xf1\x5f\xd5\xd6\xd6\x5e\
\x5d\x17\x9c\x65\xb0\x0b\x82\x51\xfe\xf2\xee\xc7\x0d\x6f\x77\x8f\
\x3e\x3c\x92\x11\x38\x25\xa6\x51\xe6\x9c\xe4\x61\xbd\x43\x0c\x31\
\x41\x75\x00\xcd\xa3\xb8\x9b\x62\xde\x88\x8f\x5d\xe6\x21\xa6\x2e\
\xdb\x55\x8b\x57\xb9\x72\x55\xb4\xf9\xfc\x9e\x11\x2e\x13\xf9\x0c\
\xfd\x25\x97\x51\x28\x98\xd1\x73\x40\x71\x52\xa0\x39\x49\x3a\x9b\
\xdc\x9d\x7a\x07\x96\x99\x67\xc9\xc4\xca\x80\xc5\x03\xff\x08\x7b\
\x43\x93\x12\x6a\xf2\x60\x8e\x0c\x90\x5f\x66\xd1\x37\x2d\x78\xcc\
\x10\x80\x06\x03\xcc\x49\xa1\x43\xfb\xa4\x9b\x05\xd5\x33\x34\x8b\
\x4a\xe4\x4c\x4d\x60\xf1\x4c\x5e\xf9\xaf\x15\xab\x3d\x55\xd3\xda\
\xd1\x1b\xff\x54\xc7\x10\x1f\xab\x9b\x77\x98\x50\x2e\x5d\xf5\xf5\
\xf6\xaa\x87\x3a\x0f\xee\xd1\x34\x4d\x43\x75\x8e\xa0\x67\x11\xcf\
\xa0\x8c\xad\x10\x46\x41\xa9\x36\x91\x48\x0d\x1d\x3c\xf4\xdc\xcb\
\xe8\x14\x2e\xa5\x2d\x08\x46\xd1\x75\x93\x7f\xf4\xb7\x1f\x7c\x77\
\xdc\x89\x6a\x18\x22\x42\x29\xa2\x99\x51\x0a\x67\x71\x1d\x89\x88\
\x8a\x81\x1f\x30\xec\x2e\xa2\x26\x8f\x94\x0e\xf6\xb1\xd8\x43\x7c\
\x6e\x7f\x22\x54\x1f\xb2\xb5\xd8\x2b\x63\x91\x40\x29\xf2\x25\x1f\
\xa2\xc7\xb3\x00\x46\x82\xf2\xf1\x1c\x88\xda\xe3\x50\x67\x0f\x41\
\xb3\xd9\x03\x1b\x33\xff\x86\x25\xc6\x05\x40\xdc\x31\x86\x78\x19\
\x28\x8e\xbe\x6f\xc4\xcf\x21\xa7\x22\x3b\x84\x14\x80\x70\x42\x4c\
\x7a\xb0\xc6\xee\x8b\x39\xef\xd8\xd0\x44\x8d\x29\x02\x01\xa3\xb0\
\x1e\x18\x7f\x86\x28\xc3\x82\x67\x70\xea\x45\xa8\x5d\xf5\x61\xac\
\xe5\xde\x73\x75\xed\x5f\x2d\xc9\x34\x5a\x28\x61\x75\x77\x75\x45\
\x5f\xfe\xe5\x4b\xbb\x25\x49\x8a\x51\xc9\x0d\xac\x04\x3d\xe9\xed\
\x2f\xf4\x2e\xc5\xf5\x9b\x8b\x51\x30\xdc\x28\x91\x48\x80\xa4\xa8\
\x97\x3a\x0f\x3d\xf7\x5a\x7e\xc8\x4b\xa1\x4f\x5b\x10\x8c\x82\x83\
\xfd\xce\x6b\xef\x3d\x30\xce\x55\xdf\x61\x72\x21\xb0\xcd\x0c\x2c\
\x0a\x53\xed\x52\xe0\x21\x32\xc5\x28\x88\x0e\xc9\xa1\x47\x9d\x31\
\xca\xfc\x0b\xd1\xcc\x99\xd1\x5b\xe8\x3a\xfa\x26\x65\x3c\x70\x4f\
\x99\x99\x03\x66\xd1\xac\xcb\xb0\xdc\x38\x07\xcd\x56\x0f\xac\xd3\
\xbb\x60\x91\x35\x48\x65\x17\xc8\x22\x16\xa0\xb9\x13\x93\xe2\xc9\
\x9e\xca\x73\xd2\x9c\xd1\x44\x8d\xb0\x17\x78\x25\x69\x43\x33\x26\
\x6f\x06\x9d\x7b\xd8\xc1\x1e\xbd\xf6\x1c\xf9\x87\x90\x85\x2c\x4e\
\x70\x2c\x41\x39\x27\xd7\xaf\x3e\x51\xbd\x69\x47\x5f\x74\x75\xfb\
\x04\x3f\x4b\x7d\xc9\xc2\x27\x57\x58\xcf\xd3\x7d\xbd\xea\xb3\xcf\
\xfc\x6c\x77\x3c\x1e\xaf\x46\x6b\x57\x2e\xc4\x50\x61\x77\x28\xbe\
\xd7\x5c\x8c\x82\x63\x40\x89\x92\x4a\x67\xcf\x3d\xff\xd2\x8b\xbf\
\x2e\xfe\x09\x81\xa4\xbf\x41\xd1\xc3\xf9\x03\x7e\xfa\x4f\x27\xda\
\x8e\x0f\xc1\x36\x2f\x54\x45\x0e\x35\xc5\x4e\x00\x47\xa1\x21\xea\
\x34\x89\x02\x1c\xea\xbc\x1e\x70\xc8\x28\x93\xa5\xcd\xe6\x49\xf0\
\xd7\x10\xd2\x93\xfc\x26\x58\xa6\xda\x07\xe4\x73\x6d\x0b\x96\xcb\
\x29\xa8\x1f\x3e\x0a\x77\x72\x67\xa1\xd1\x3c\x03\x51\x63\x9c\x50\
\x2e\xc9\xf1\x67\xa7\xc8\xd1\x89\x55\x89\x31\xcc\x46\x96\x42\xbe\
\xaa\x29\xb0\xc0\x47\xb4\xaa\xf1\x68\xc8\xe0\xc0\x34\xb2\x50\xa5\
\xc8\xa4\xe6\xf1\xe8\xf0\x14\x38\xc0\x44\xde\x2c\x27\x58\xb6\xa2\
\xf5\x70\xf5\xab\xcf\xd4\x6f\xff\xfe\x89\x50\xbc\xa1\xbc\x07\x83\
\x59\xa8\x0d\x33\x0f\x9f\xd8\xbf\x6f\xa7\xa4\xc8\xcd\x68\x2a\x9e\
\x49\xa2\xe4\xa3\xa6\x60\x98\x3c\xaa\x67\x41\xba\x6f\x6e\x9a\x2f\
\x12\xf8\x5c\xcc\xe6\x61\xf2\x17\x0b\x61\x22\x07\x24\xaa\xeb\x41\
\xce\x7d\x70\xc5\x71\x64\x0d\xeb\xe4\x2f\x5e\x78\xbe\xa4\x7c\x79\
\xa6\x12\x2f\x10\x46\xf9\xdb\xb1\xfe\xdb\x0e\x1f\x4f\x3e\x3c\x9a\
\x32\x64\x04\x3c\x58\xac\x62\x09\x35\x07\xc0\x47\xaf\xa7\x5d\x13\
\x8b\xce\x20\xa3\x10\xa6\x94\xcf\x28\x14\x62\x31\x7b\x9b\x6b\xa1\
\x4b\x45\x52\x9f\x7c\xe1\x38\x46\xff\x9c\x11\x8c\x82\x4a\x52\x78\
\x08\x2e\x67\x01\x42\xbd\x46\x13\x1f\xc3\x27\xd3\x5d\xe9\xbb\xc2\
\xc3\x91\xb8\x3d\x04\x11\x57\x07\xd3\xc2\xb9\xd9\x20\xf1\x26\x41\
\x05\x09\xbc\x0c\x92\x1c\xa6\x6c\xbf\xd1\xd1\x31\x88\x6a\x55\x60\
\xfd\xbf\x8c\x1b\x12\x00\x86\x9e\x60\xd0\x65\x75\x4d\x1c\x46\xc7\
\x53\x84\x38\xc3\x83\x9c\xe6\xaa\x6a\x3f\xe2\x57\xb6\x9d\xac\xdd\
\xbc\xa3\x5f\x5a\xd2\x88\xb5\xe6\x8a\x4e\xb8\x2a\x75\x87\x9d\xe9\
\x77\x38\xd6\x9f\x77\x76\xb6\xf5\x5f\xec\xdf\x16\x78\xd1\x73\x55\
\x9d\x99\xde\x45\x40\xd8\x01\xa1\x93\xc9\x5a\x60\xc4\x8e\x2d\xdf\
\x0f\x93\xcf\x68\x18\x4c\x1b\x8b\xc5\xa8\x1f\x86\xb4\x50\x49\x76\
\x3f\xa7\x7e\xd2\x7b\xef\x38\xa0\xd5\x2c\xfa\xd7\x81\x27\x9f\xbc\
\xa2\xe2\x73\xa1\xf3\x5f\x30\x8c\x92\xd0\x6d\xae\xf3\x8f\xff\xd9\
\x92\xb5\xdc\xb0\x22\x09\x9c\x22\x7a\x9c\x99\xc9\x00\x2f\xe2\xe1\
\x8b\xf7\x1c\x3e\x28\xeb\x60\x71\xcc\xa2\x83\xb5\xd9\xd1\x05\xc0\
\xbe\x9f\xb5\x11\x4a\xcd\x54\x43\x27\x76\xf0\x9f\xef\x33\x9e\x83\
\xd1\x58\x7f\xd2\xa8\xf0\x79\x0c\xdd\x98\x1d\x99\x39\x0c\xec\x60\
\x9f\xf1\x10\x4f\x43\x01\x97\xe3\x3c\x87\x13\x5c\xfc\xc6\xf2\x54\
\xd0\xbd\x9a\xe4\x99\xba\x3b\x26\xde\xab\xaf\x33\x2f\x80\xa8\x8f\
\x52\xb8\x08\x32\x04\x85\xc2\xe8\x2c\xe6\x2c\x8b\x71\x5d\x94\xe5\
\xcb\x51\x59\x6d\x09\x2b\x5a\x39\x26\xbd\xf8\x64\x5a\x07\x50\x35\
\x48\x38\xd2\x90\x55\xd3\xd0\x5f\xb3\xe1\x8b\xc7\xb5\x75\xed\x43\
\x72\xcd\xed\x46\x29\xd9\x88\x85\x12\x47\x29\xfd\x06\x07\x07\xa5\
\xce\x67\x0f\x7e\xcb\x75\xdd\x25\x2c\xd4\x67\x3a\x70\xfc\x15\xcc\
\x82\xce\x59\x5f\x22\xa0\x04\x41\x49\x14\x48\x92\x80\x69\xae\x36\
\x0e\xfc\x2d\xa9\x56\xe8\x7b\x0b\x85\xa8\x34\x3b\x7e\xa6\x3c\x79\
\x1f\x38\x4f\x10\x04\xb7\xe5\xae\xf5\xbf\x79\x60\xd7\xae\xd3\xa5\
\xcc\x69\x41\x49\x94\x52\x27\x70\x13\xfc\x8e\x7b\xff\xf5\x1f\x3f\
\x18\x1e\x38\xba\x32\x6e\x0d\x42\x58\x40\xb5\xd1\x81\x54\x16\x63\
\xc1\xc2\x94\x56\xc0\x50\x48\x30\x64\x1f\x81\xdd\x54\x0a\x9d\x9f\
\x40\xe7\xa0\xa6\xb9\x36\x27\x0f\x59\xda\xed\x27\xd5\x35\xf7\x9e\
\x8e\xac\xfb\xdc\x90\x5c\xdb\x68\x94\x1a\xba\x7e\x3d\xd6\x0a\x09\
\xf7\x9f\x47\x8e\xd4\xbe\xf5\xd6\x9f\x77\x3a\x8e\x13\x9f\xc9\xea\
\x95\xcb\x2c\x18\xe7\x46\xe5\xc8\x79\x9e\x98\x04\xa3\x05\xf0\x8a\
\x2d\x20\xf4\xab\x8d\x1b\xfb\x8f\x8d\x8d\x4d\x41\x17\x39\x2e\x45\
\x15\xa3\x73\x15\x9f\x8d\x92\x86\xe3\xf8\x9e\x1f\x3d\xf5\xd4\xef\
\x4b\x01\xe7\x0e\x9e\xbd\x60\x24\xca\xf5\x78\x89\x37\xe2\x19\xe9\
\x91\x4b\xa1\x8b\x6f\xee\xdb\x2b\x8f\x9e\x52\x16\x8b\x3a\xf0\xb6\
\x4e\x61\xf1\xa0\xc4\x00\xd3\x92\x29\x1d\x59\x14\xc1\x36\x0d\xda\
\x59\x3d\x4e\xb0\x4c\x29\x72\x49\x6a\x58\xdb\x2b\xae\xff\xc2\xa9\
\x48\xd3\x86\x09\x39\xde\x60\x2e\x64\xe6\xc8\x5f\x57\x9c\x07\x26\
\x59\xbd\xf9\xc6\x1b\x5b\xb3\x99\x6c\xb3\xe7\x79\x91\x7c\x38\xa2\
\x29\xa9\xce\x22\x04\x72\xa5\x47\xae\xea\x45\xd2\x3a\x07\x77\x38\
\xff\x33\xfe\x8f\x6b\x33\x79\x7f\x84\xab\xf5\xd5\x37\x0a\xe5\x11\
\xf8\x81\xfb\x76\xdc\x7f\xb8\x6d\xf3\xe6\x92\x42\x57\x2a\x8c\x72\
\x9d\xb8\x66\xf8\xe8\xdb\x4b\xf4\x7f\xbc\xba\x47\xca\x8e\x42\x98\
\x33\x41\x1f\xbf\x0c\x92\x12\x01\x3e\xba\x18\x2e\x27\xb3\xa0\xc6\
\x34\xac\x8e\x6c\x86\x42\xd1\x7e\x77\xd1\xb2\x8f\xc2\x6b\x3a\xce\
\x69\x1b\x3e\x3f\x0c\xf2\x54\x42\xd5\x75\x1a\xea\x35\x7d\x4c\xa0\
\x4e\x75\x1d\x3b\xa6\xf5\xf4\xf4\xc4\x93\xc9\xa4\x6a\x1a\xa6\x64\
\xbb\xae\x60\x19\xba\x62\x98\xa6\x62\x59\x96\xec\x81\x27\x5b\xa6\
\x29\xbb\x9e\x2b\x65\x32\x59\x25\x16\x8d\x88\xa6\x6d\xcb\x92\x28\
\x2a\x9e\xe7\x29\xa2\x28\x8a\x9e\xe7\xeb\xda\xec\x4c\x3d\x6d\x9c\
\xe8\xd0\xcc\x51\xb1\xc0\xb3\x99\x84\x92\x24\xc9\xb2\x1d\xbb\xfb\
\x2b\x3b\xbf\x76\xa4\xb5\xb5\x75\x62\xbe\x1b\x4d\x45\xa2\x5c\x53\
\xf2\xb8\xf2\x66\x17\xfe\xf0\x74\x8b\xdd\xfd\xd7\xfb\x30\x45\x00\
\x33\x4b\x22\x9c\x0e\x52\x28\x02\x03\x59\xd1\xe0\xa2\xf1\x01\x58\
\xda\xf2\xbe\x76\xe7\xa7\x07\x6a\x5a\xb6\x8e\x16\x1a\x53\x55\xe6\
\x21\xdf\xb0\xdb\x23\x73\x99\xba\xce\x4d\x24\x93\x62\x3a\x9d\x16\
\xf5\x6c\x56\xcc\xa4\x93\x92\xae\x1b\x82\x61\x98\x82\xe5\x58\x82\
\x63\xdb\xbc\x6d\xda\xbc\x65\xdb\xa2\x61\x99\x82\x63\x5a\x52\x22\
\x95\x54\x2d\xcb\x0a\x8f\x8c\x0c\xab\x55\xb1\x98\x1b\x0e\x85\x87\
\x57\xaf\x5d\x7b\xe9\xb3\x5b\xb6\x0c\x8a\xd7\x28\x84\xa6\xc2\x28\
\x65\x26\x8b\x0f\x5e\xdc\xf3\xa0\x92\x1e\x58\x85\xde\x71\xc7\xb6\
\xf4\x68\x38\xd4\xe7\xc6\x97\xf7\x2e\x6e\xdf\xd5\xab\x2e\x5d\x93\
\x99\xef\x4e\x57\xe6\xe1\x57\x6e\xef\xaf\x40\x85\x51\xca\x4c\x0a\
\x47\x5e\x78\x6c\xb7\x16\x82\xc1\x70\x7d\x53\x77\x43\x5b\xc7\x85\
\x48\x5d\x23\x59\xaa\x2a\xed\xe6\x5a\x81\x0a\xa3\x94\xf9\x7d\xd9\
\xba\xce\xf3\xb2\x3c\x09\xe0\x50\xe6\xc7\x55\x6e\x5f\xa6\x15\xa8\
\x30\x4a\x99\x16\xb6\x72\xdb\x5b\x6b\x05\x2a\x8c\x72\x6b\xbd\xcf\
\xca\x6c\xca\xb4\x02\x15\x46\x29\xd3\xc2\x56\x6e\x7b\x6b\xad\x40\
\x85\x51\x6e\xad\xf7\x59\x99\x4d\x99\x56\xe0\x7f\xb3\x14\x1d\xe7\
\xcc\x7a\x41\x13\x00\x00\x00\x00\x49\x45\x4e\x44\xae\x42\x60\x82\
\
\x00\x00\x03\x35\
\x3c\
\x3f\x78\x6d\x6c\x20\x76\x65\x72\x73\x69\x6f\x6e\x3d\x22\x31\x2e\
\x30\x22\x20\x65\x6e\x63\x6f\x64\x69\x6e\x67\x3d\x22\x55\x54\x46\
\x2d\x38\x22\x3f\x3e\x0a\x3c\x73\x76\x67\x20\x78\x6d\x6c\x6e\x73\
\x3d\x22\x68\x74\x74\x70\x3a\x2f\x2f\x77\x77\x77\x2e\x77\x33\x2e\
\x6f\x72\x67\x2f\x32\x30\x30\x30\x2f\x73\x76\x67\x22\x20\x69\x64\
\x3d\x22\x4c\x61\x79\x65\x72\x5f\x31\x22\x20\x64\x61\x74\x61\x2d\
\x6e\x61\x6d\x65\x3d\x22\x4c\x61\x79\x65\x72\x20\x31\x22\x20\x76\
\x69\x65\x77\x42\x6f\x78\x3d\x22\x30\x20\x30\x20\x32\x34\x20\x32\
\x34\x22\x3e\x0a\x20\x20\x3c\x70\x61\x74\x68\x20\x64\x3d\x22\x4d\
\x31\x36\x2e\x38\x34\x33\x2c\x31\x31\x2e\x37\x37\x38\x63\x2d\x2e\
\x30\x35\x38\x2d\x2e\x31\x31\x36\x2d\x31\x2e\x34\x34\x36\x2d\x32\
\x2e\x38\x36\x38\x2d\x34\x2e\x32\x31\x34\x2d\x34\x2e\x31\x32\x36\
\x2d\x2e\x32\x35\x34\x2d\x2e\x31\x31\x36\x2d\x2e\x35\x34\x38\x2d\
\x2e\x30\x30\x33\x2d\x2e\x36\x36\x32\x2c\x2e\x32\x34\x38\x2d\x2e\
\x31\x31\x34\x2c\x2e\x32\x35\x31\x2d\x2e\x30\x30\x33\x2c\x2e\x35\
\x34\x38\x2c\x2e\x32\x34\x38\x2c\x2e\x36\x36\x32\x2c\x32\x2e\x30\
\x31\x2c\x2e\x39\x31\x34\x2c\x33\x2e\x32\x33\x34\x2c\x32\x2e\x37\
\x39\x33\x2c\x33\x2e\x36\x30\x39\x2c\x33\x2e\x34\x33\x38\x2d\x2e\
\x33\x37\x35\x2c\x2e\x36\x34\x35\x2d\x31\x2e\x36\x2c\x32\x2e\x35\
\x32\x33\x2d\x33\x2e\x36\x30\x39\x2c\x33\x2e\x34\x33\x38\x2d\x2e\
\x32\x35\x31\x2c\x2e\x31\x31\x34\x2d\x2e\x33\x36\x32\x2c\x2e\x34\
\x31\x31\x2d\x2e\x32\x34\x38\x2c\x2e\x36\x36\x32\x2c\x2e\x30\x38\
\x33\x2c\x2e\x31\x38\x34\x2c\x2e\x32\x36\x35\x2c\x2e\x32\x39\x33\
\x2c\x2e\x34\x35\x36\x2c\x2e\x32\x39\x33\x2c\x2e\x30\x36\x39\x2c\
\x30\x2c\x2e\x31\x33\x39\x2d\x2e\x30\x31\x34\x2c\x2e\x32\x30\x37\
\x2d\x2e\x30\x34\x35\x2c\x32\x2e\x37\x36\x38\x2d\x31\x2e\x32\x35\
\x38\x2c\x34\x2e\x31\x35\x36\x2d\x34\x2e\x30\x30\x39\x2c\x34\x2e\
\x32\x31\x34\x2d\x34\x2e\x31\x32\x35\x2c\x2e\x30\x36\x39\x2d\x2e\
\x31\x34\x2c\x2e\x30\x36\x39\x2d\x2e\x33\x30\x34\x2c\x30\x2d\x2e\
\x34\x34\x34\x5a\x22\x2f\x3e\x0a\x20\x20\x3c\x70\x61\x74\x68\x20\
\x64\x3d\x22\x4d\x31\x31\x2e\x39\x39\x38\x2c\x31\x31\x2e\x37\x32\
\x39\x63\x2d\x2e\x30\x35\x38\x2d\x2e\x30\x38\x39\x2d\x31\x2e\x34\
\x34\x36\x2d\x32\x2e\x32\x30\x31\x2d\x34\x2e\x31\x38\x36\x2d\x33\
\x2e\x34\x34\x37\x2d\x2e\x32\x35\x33\x2d\x2e\x31\x31\x35\x2d\x2e\
\x35\x34\x38\x2d\x2e\x30\x30\x33\x2d\x2e\x36\x36\x32\x2c\x2e\x32\
\x34\x38\x2d\x2e\x31\x31\x34\x2c\x2e\x32\x35\x31\x2d\x2e\x30\x30\
\x33\x2c\x2e\x35\x34\x38\x2c\x2e\x32\x34\x38\x2c\x2e\x36\x36\x32\
\x2c\x31\x2e\x39\x31\x2c\x2e\x38\x36\x38\x2c\x33\x2e\x31\x31\x32\
\x2c\x32\x2e\x32\x33\x31\x2c\x33\x2e\x35\x36\x31\x2c\x32\x2e\x38\
\x30\x38\x2d\x2e\x34\x34\x39\x2c\x2e\x35\x37\x37\x2d\x31\x2e\x36\
\x35\x2c\x31\x2e\x39\x33\x39\x2d\x33\x2e\x35\x36\x31\x2c\x32\x2e\
\x38\x30\x37\x2d\x2e\x32\x35\x31\x2c\x2e\x31\x31\x34\x2d\x2e\x33\
\x36\x32\x2c\x2e\x34\x31\x31\x2d\x2e\x32\x34\x38\x2c\x2e\x36\x36\
\x32\x2c\x2e\x30\x38\x33\x2c\x2e\x31\x38\x34\x2c\x2e\x32\x36\x35\
\x2c\x2e\x32\x39\x33\x2c\x2e\x34\x35\x36\x2c\x2e\x32\x39\x33\x2c\
\x2e\x30\x36\x39\x2c\x30\x2c\x2e\x31\x33\x39\x2d\x2e\x30\x31\x34\
\x2c\x2e\x32\x30\x37\x2d\x2e\x30\x34\x35\x2c\x32\x2e\x37\x34\x2d\
\x31\x2e\x32\x34\x36\x2c\x34\x2e\x31\x32\x38\x2d\x33\x2e\x33\x35\
\x36\x2c\x34\x2e\x31\x38\x36\x2d\x33\x2e\x34\x34\x36\x2c\x2e\x31\
\x30\x37\x2d\x2e\x31\x36\x35\x2c\x2e\x31\x30\x37\x2d\x2e\x33\x37\
\x38\x2c\x30\x2d\x2e\x35\x34\x33\x5a\x22\x2f\x3e\x0a\x3c\x2f\x73\
\x76\x67\x3e\x0a\
\x00\x00\x03\x4d\
\x3c\
\x3f\x78\x6d\x6c\x20\x76\x65\x72\x73\x69\x6f\x6e\x3d\x22\x31\x2e\
\x30\x22\x20\x65\x6e\x63\x6f\x64\x69\x6e\x67\x3d\x22\x55\x54\x46\
\x2d\x38\x22\x3f\x3e\x0a\x3c\x73\x76\x67\x20\x78\x6d\x6c\x6e\x73\
\x3d\x22\x68\x74\x74\x70\x3a\x2f\x2f\x77\x77\x77\x2e\x77\x33\x2e\
\x6f\x72\x67\x2f\x32\x30\x30\x30\x2f\x73\x76\x67\x22\x20\x69\x64\
\x3d\x22\x4c\x61\x79\x65\x72\x5f\x31\x22\x20\x64\x61\x74\x61\x2d\
\x6e\x61\x6d\x65\x3d\x22\x4c\x61\x79\x65\x72\x20\x31\x22\x20\x77\
\x69\x64\x74\x68\x3d\x22\x35\x31\x32\x22\x20\x68\x65\x69\x67\x68\
\x74\x3d\x22\x35\x31\x32\x22\x20\x76\x69\x65\x77\x42\x6f\x78\x3d\
\x22\x30\x20\x30\x20\x32\x34\x20\x32\x34\x22\x3e\x3c\x70\x61\x74\
\x68\x20\x64\x3d\x22\x4d\x32\x32\x2e\x30\x31\x37\x2c\x35\x2e\x38\
\x33\x31\x4c\x31\x34\x2e\x35\x31\x38\x2c\x2e\x37\x37\x31\x63\x2d\
\x31\x2e\x35\x32\x39\x2d\x31\x2e\x30\x33\x33\x2d\x33\x2e\x35\x30\
\x37\x2d\x31\x2e\x30\x33\x33\x2d\x35\x2e\x30\x33\x34\x2c\x30\x4c\
\x31\x2e\x39\x38\x33\x2c\x35\x2e\x38\x33\x31\x63\x2d\x31\x2e\x32\
\x34\x32\x2c\x2e\x38\x33\x38\x2d\x31\x2e\x39\x38\x33\x2c\x32\x2e\
\x32\x33\x32\x2d\x31\x2e\x39\x38\x33\x2c\x33\x2e\x37\x32\x39\x76\
\x39\x2e\x39\x33\x39\x63\x30\x2c\x32\x2e\x34\x38\x31\x2c\x32\x2e\
\x30\x31\x39\x2c\x34\x2e\x35\x2c\x34\x2e\x35\x2c\x34\x2e\x35\x68\
\x31\x35\x63\x32\x2e\x34\x38\x31\x2c\x30\x2c\x34\x2e\x35\x2d\x32\
\x2e\x30\x31\x39\x2c\x34\x2e\x35\x2d\x34\x2e\x35\x56\x39\x2e\x35\
\x36\x31\x63\x30\x2d\x31\x2e\x34\x39\x37\x2d\x2e\x37\x34\x31\x2d\
\x32\x2e\x38\x39\x32\x2d\x31\x2e\x39\x38\x33\x2d\x33\x2e\x37\x32\
\x39\x5a\x6d\x2d\x33\x2e\x30\x31\x37\x2c\x31\x37\x2e\x31\x36\x39\
\x48\x35\x56\x31\x32\x2e\x35\x63\x30\x2d\x31\x2e\x33\x37\x39\x2c\
\x31\x2e\x31\x32\x31\x2d\x32\x2e\x35\x2c\x32\x2e\x35\x2d\x32\x2e\
\x35\x68\x39\x63\x31\x2e\x33\x37\x39\x2c\x30\x2c\x32\x2e\x35\x2c\
\x31\x2e\x31\x32\x31\x2c\x32\x2e\x35\x2c\x32\x2e\x35\x76\x31\x30\
\x2e\x35\x5a\x6d\x34\x2d\x33\x2e\x35\x63\x30\x2c\x31\x2e\x37\x36\
\x2d\x31\x2e\x33\x30\x36\x2c\x33\x2e\x32\x32\x31\x2d\x33\x2c\x33\
\x2e\x34\x36\x34\x56\x31\x32\x2e\x35\x63\x30\x2d\x31\x2e\x39\x33\
\x2d\x31\x2e\x35\x37\x2d\x33\x2e\x35\x2d\x33\x2e\x35\x2d\x33\x2e\
\x35\x48\x37\x2e\x35\x63\x2d\x31\x2e\x39\x33\x2c\x30\x2d\x33\x2e\
\x35\x2c\x31\x2e\x35\x37\x2d\x33\x2e\x35\x2c\x33\x2e\x35\x76\x31\
\x30\x2e\x34\x36\x34\x63\x2d\x31\x2e\x36\x39\x34\x2d\x2e\x32\x34\
\x33\x2d\x33\x2d\x31\x2e\x37\x30\x34\x2d\x33\x2d\x33\x2e\x34\x36\
\x34\x56\x39\x2e\x35\x36\x31\x63\x30\x2d\x31\x2e\x31\x36\x35\x2c\
\x2e\x35\x37\x36\x2d\x32\x2e\x32\x34\x39\x2c\x31\x2e\x35\x34\x32\
\x2d\x32\x2e\x39\x30\x31\x4c\x31\x30\x2e\x30\x34\x33\x2c\x31\x2e\
\x35\x39\x39\x63\x2e\x35\x39\x34\x2d\x2e\x34\x30\x31\x2c\x31\x2e\
\x32\x37\x35\x2d\x2e\x36\x30\x33\x2c\x31\x2e\x39\x35\x37\x2d\x2e\
\x36\x30\x33\x73\x31\x2e\x33\x36\x33\x2c\x2e\x32\x30\x31\x2c\x31\
\x2e\x39\x35\x38\x2c\x2e\x36\x30\x33\x6c\x37\x2e\x35\x2c\x35\x2e\
\x30\x36\x31\x63\x2e\x39\x36\x36\x2c\x2e\x36\x35\x32\x2c\x31\x2e\
\x35\x34\x32\x2c\x31\x2e\x37\x33\x36\x2c\x31\x2e\x35\x34\x32\x2c\
\x32\x2e\x39\x30\x31\x76\x39\x2e\x39\x33\x39\x5a\x6d\x2d\x39\x2c\
\x30\x63\x30\x2c\x2e\x32\x37\x36\x2d\x2e\x32\x32\x34\x2c\x2e\x35\
\x2d\x2e\x35\x2c\x2e\x35\x68\x2d\x33\x63\x2d\x2e\x32\x37\x36\x2c\
\x30\x2d\x2e\x35\x2d\x2e\x32\x32\x34\x2d\x2e\x35\x2d\x2e\x35\x73\
\x2e\x32\x32\x34\x2d\x2e\x35\x2c\x2e\x35\x2d\x2e\x35\x68\x33\x63\
\x2e\x32\x37\x36\x2c\x30\x2c\x2e\x35\x2c\x2e\x32\x32\x34\x2c\x2e\
\x35\x2c\x2e\x35\x5a\x22\x20\x66\x69\x6c\x6c\x3d\x22\x77\x68\x69\
\x74\x65\x22\x2f\x3e\x3c\x2f\x73\x76\x67\x3e\x0a\
\x00\x00\x58\x81\
\x89\
\x50\x4e\x47\x0d\x0a\x1a\x0a\x00\x00\x00\x0d\x49\x48\x44\x52\x00\
\x00\x00\xca\x00\x00\x00\x66\x08\x06\x00\x00\x00\x8a\xbb\x0e\x3d\
\x00\x00\x00\x01\x73\x52\x47\x42\x00\xae\xce\x1c\xe9\x00\x00\x20\
\x00\x49\x44\x41\x54\x78\x5e\xec\x7d\x07\x98\x15\xd5\xf9\xfe\x37\
\x7d\xe6\xd6\xbd\xcb\x16\x96\xde\x16\x10\x44\x8a\xa2\x62\xc3\x12\
\x7b\x2f\x88\xa2\xd8\x0b\x62\x8c\xbd\xd7\xc4\x68\x8c\xc6\x6e\xa2\
\x62\x0c\x8a\x25\x16\x24\xd6\x48\x6c\xa0\x22\x88\x14\x91\xde\x96\
\xce\x2e\xdb\xf7\xb6\xa9\x67\xce\xfc\x7f\xdf\x99\x7b\xd9\xbb\x77\
\x97\xb2\x44\x2c\xff\x30\x0f\x3c\xdb\xe6\x4e\x39\xe7\xbc\xe7\xeb\
\xef\xc7\x79\x9e\x77\x1f\xec\x39\x7e\xb5\x23\xd0\xf8\xd4\xd9\x67\
\xda\xd5\xcb\xf7\x16\xbb\x0f\x9d\x19\x1d\xfd\x97\xe9\x62\xb4\xd8\
\xf9\xd5\xbe\xcc\x2f\xf8\xc1\xb9\x3d\x40\xf9\x05\xcf\xce\x0e\x1e\
\x8d\x12\x93\x5b\xfb\x87\xa3\x6f\x2e\x55\x89\x96\x70\x65\x30\x42\
\xa5\x8b\x3a\x8f\x79\xe8\x23\xb5\xb4\x97\xf5\xeb\x7d\xab\x5f\xe6\
\x93\xef\x01\xca\x2f\x73\x5e\x76\xea\xa9\x6a\xe7\x7f\xda\xc1\xf9\
\xe4\xf1\xdf\x4a\x46\x0d\xd8\xb6\x0d\x62\xa4\x10\x12\x5c\x74\x75\
\xa7\x51\xf7\xbd\xa7\xf5\x1c\x9c\xe2\x79\x7e\xa7\xae\xb3\xe7\xa4\
\x1d\x8f\xc0\x1e\xa0\xec\x78\x8c\x7e\x91\x67\x50\x4a\x61\xd3\x1b\
\xf7\x0f\x11\x2a\xbe\x3c\x55\x30\x6a\x41\x53\x65\xb0\x5c\x0a\xb6\
\x18\x06\x37\x54\x5a\xa5\x1d\x72\xe1\xbb\x25\xc3\x4f\xaa\xf9\x45\
\x3e\xfc\xaf\xf0\xa1\xf6\x00\xe5\x57\x38\x69\xf8\xc8\x08\x94\x8a\
\x47\xce\x3e\xab\xc0\xd8\x34\xd0\xb3\xe2\x20\x6b\x21\xb0\xa9\x07\
\xae\xeb\x02\x48\x1a\xd8\x52\x24\x1e\x3e\xe8\xbc\x77\x0a\x0e\x3d\
\x6f\xe3\x1e\xc9\xf2\xdf\x4f\xf2\x1e\xa0\xfc\xf7\x63\xf8\xb3\x5c\
\x81\xd8\x36\x57\xf7\xf8\xe9\xb7\xf2\xc9\x4a\x25\x1a\x52\xa0\x21\
\x9e\x02\x51\x56\x41\x11\x7d\x10\x59\x36\x05\x43\x8e\x9a\xf2\xb0\
\x33\xa6\x74\x3c\xf1\xea\x55\x3c\x2f\xfe\x2c\xcf\xf9\xff\xcb\x4d\
\xf7\x00\xe5\x57\x3a\x93\xe9\xf5\x0b\x82\x8d\x13\xae\xbc\x49\xf4\
\x4c\x50\x64\xdf\x16\x71\x1d\xc2\x40\xa2\x4a\x32\x70\x40\x81\x0a\
\x2a\x34\x58\x1e\x11\xfb\x1d\xfe\x71\xe7\xf3\x1e\x9c\xcf\x8b\x7b\
\xc0\xb2\xab\xd3\xbd\x07\x28\xbb\x3a\x72\x3f\xe3\xe7\x10\x0c\x9b\
\x5f\xf8\xed\x88\xc0\x86\xef\x8e\x91\x34\x09\x0c\x23\x0d\x92\xc8\
\x03\x0f\x1c\x70\xd4\x03\x45\x16\xc1\x4c\xa5\x40\x92\x15\x70\x45\
\x19\x12\xa0\x42\xba\x70\xaf\x2f\xfb\x5d\x33\x61\xfa\xcf\xf8\xd8\
\xbf\xea\x5b\xef\x01\xca\xaf\x70\xfa\x28\x25\x50\x71\xff\x29\xa7\
\x77\xa1\xd5\xfb\x18\x1e\x07\x2e\x07\x80\x32\x85\xf3\x28\x88\x1e\
\x01\xc1\xf3\x00\xd8\xef\x45\x30\x28\x80\x5a\xd0\x01\x6a\x12\x69\
\x10\x62\x5d\x16\x74\xbb\xfc\xd9\x8f\xc4\x48\x07\xf2\x2b\x7c\xed\
\x9f\xf5\x91\xf7\x00\xe5\x67\x1d\xfe\x5d\xbb\x39\xd1\x53\x7c\xf2\
\x99\xb3\x6f\xd4\x52\x55\x01\x1d\x04\x70\x39\x94\x26\x04\x78\x8f\
\x82\xe0\x51\x76\x51\x0f\x64\x20\x9c\x00\x1e\x27\x80\xe3\x12\xe0\
\xc0\x05\x4e\x51\xc1\x54\x62\x2b\xcb\x2e\xfe\xdb\x14\xb9\xb8\xdb\
\x9e\x58\x4b\x3b\x86\x7f\x0f\x50\xda\x31\x58\xbf\x94\x53\x6b\xe7\
\x4e\x2d\x72\xde\xbb\xff\x6a\xcd\x6e\x02\xaa\x04\x81\x72\x14\x14\
\x6a\x01\x0f\x14\x5c\x90\x80\x70\x32\x38\x9c\x0a\x94\x03\x90\x39\
\x0f\x88\xa3\x83\x04\x2e\xf0\x92\x0c\x09\x57\x04\x47\x2d\xd8\x5c\
\x74\xca\x4d\x93\x23\x03\x0e\x6f\xda\xe3\x11\xdb\xb9\x59\xdd\x03\
\x94\x9d\x1b\xa7\x5f\xd4\x59\x6b\x5f\xbe\x75\x68\x78\xdd\xcc\x53\
\x34\x92\x02\x8b\x13\xd0\x59\x0c\xa2\xe7\x67\xae\x10\x0e\x81\x22\
\x81\xcb\x29\xe0\x01\x80\x40\x6d\x40\x5b\x5f\xe0\x29\x38\x8e\x03\
\x16\xe5\x81\xf0\x22\x84\x62\x45\x8d\x74\xd8\xd9\x53\x0a\x0f\x1b\
\xbb\x69\x0f\x58\x76\x3c\xbd\x7b\x80\xb2\xe3\x31\xfa\x45\x9d\x41\
\x09\x81\xaa\xbf\x9d\x7f\x3a\xbf\xa5\x62\x1f\x15\x4c\x10\x04\x34\
\x47\x38\x26\x45\x28\xf0\xe0\x01\xc7\x9e\x97\xd9\x29\xa8\x82\xf1\
\x1c\x20\x10\x52\xa9\x14\x84\x42\x21\x90\x04\x0e\x2c\xcb\x00\xcb\
\xb2\x80\x04\x8a\x75\x6e\xe8\x59\xff\xea\x72\xd2\x55\xab\xf7\xb8\
\x8f\xb7\x3f\xcd\x7b\x80\xf2\x8b\x82\xc1\x8e\x1f\xc6\x6e\xdc\x2c\
\x55\x3d\x3d\xfa\x3a\x8d\xd8\x81\x20\x82\x84\x18\xe0\x72\x1c\xd8\
\x9c\x0a\x6e\x46\xba\x20\x48\x44\xcf\x66\xaa\x98\x4d\x28\xc8\x8a\
\x06\x9c\x20\x82\x61\x18\xc0\x79\xc0\xdc\xc9\x12\x2f\x40\x92\x70\
\x90\x94\x0a\x2c\xa5\xff\xa1\x1f\x75\x3e\xfd\xd6\x45\xbc\x28\xef\
\xf8\x01\xfe\x47\xcf\xd8\x03\x94\x5f\xd9\xc4\x27\x97\x7f\x13\x49\
\xbc\x79\xdd\xf5\x2a\x27\x81\xe7\x38\x20\x70\x2e\x53\xbd\x28\x27\
\x32\x89\x82\x87\x6f\xd8\x13\x34\xf3\x41\x16\x78\x06\x10\x51\x0e\
\x00\x88\x32\x0b\x44\x8a\x92\xc2\xd4\x30\x51\xe2\xc1\x75\x1d\xf0\
\xe4\x20\x49\x17\x0f\xfc\xa2\xdb\xc5\x8f\x7f\xcb\xcb\x01\x5f\x14\
\xed\x39\x5a\x8c\xc0\x1e\xa0\xfc\x8a\x16\x04\xc6\x4f\x36\x4e\xfc\
\xed\x01\xca\xfa\x6f\x8f\x13\x05\x0d\x28\x71\x41\xe0\x09\x73\x0b\
\x7b\x5c\x6e\x02\x24\x65\x40\xe1\xd1\x80\xa7\x2e\xa8\xb2\x02\xc9\
\xb4\xce\x80\x22\x6b\x51\xd0\x6d\x07\x08\x71\x21\x20\xf3\x20\x90\
\x14\x70\xa2\x04\x29\x08\x41\x3a\xdc\xf5\xdb\xae\x17\x3d\xfe\x85\
\xdc\xa1\xf3\x9e\x54\xfd\xbc\x75\xb1\x07\x28\xbf\x26\xa0\x10\x1b\
\x56\xff\xe9\xd4\xb3\xa2\x76\xed\x40\x51\x0c\xc1\xff\x95\x48\x00\
\x47\x0d\xe0\xa0\x8d\xb0\x08\x47\x99\x9a\x85\xd2\x06\x21\x94\x95\
\x36\x1e\xda\x31\x19\x50\xe1\xe7\x78\x6a\x83\x28\x08\xe0\x38\x1c\
\xb8\x72\x18\x12\x5a\xc7\x85\x65\x63\x1e\xfc\x58\xe9\x54\x6e\xee\
\x31\xf2\x9b\x17\xc7\x1e\xa0\xfc\x8a\x80\x62\xd6\x6e\x94\x2b\xff\
\x3a\x76\x5c\x99\x46\x63\xf1\x04\x61\x40\x91\x45\xb7\x6d\xa0\xec\
\xcc\x7b\x71\x19\xf3\x9f\x07\xf0\x6c\x17\x08\x27\x82\x23\x86\x21\
\x25\x47\xd7\x96\x8c\xbe\x77\x4a\xb4\xf7\xf0\xd4\xce\x5c\xe6\x7f\
\xe1\x9c\x3d\x40\xf9\x15\xcd\x72\xf5\x37\x93\x3b\xd2\x69\xcf\x5c\
\xc9\xc5\x37\x43\x20\x58\x04\xbc\x28\x80\x6d\x9b\x4c\x5e\xec\xea\
\x41\x5d\x17\x44\x45\x66\x99\xc7\xa2\xa6\x40\xbc\xb1\x09\x0a\x3a\
\x14\x43\xd2\x56\x1a\x0a\x4e\xba\xf1\xb5\xc8\xe0\x63\x1a\x76\xf5\
\xda\xff\x3f\x7d\x6e\x0f\x50\x7e\x45\xb3\xb9\xf6\xa5\x5b\xf7\xd3\
\x36\x7c\x7d\xa2\x46\xe2\x20\x70\x0a\xa4\x75\x13\x64\x4d\x65\xf1\
\x92\x5d\x3d\x44\xd1\x07\x89\xe5\xb9\xc0\xf1\x1e\x04\x64\x0e\xf4\
\x14\xaa\x73\x0a\x18\x42\x41\x4a\x39\x70\xf4\x94\xce\x27\x5c\xb9\
\x76\x57\xaf\xff\xff\xcb\xe7\xf6\x00\xe5\x57\x32\x93\x18\x3f\x59\
\xf5\xd8\x98\x33\xc2\xfa\xda\x41\x61\x4e\x07\xc7\xa4\x10\x8d\x16\
\x40\x42\xb7\x76\x19\x28\x68\xab\x60\xfa\x8b\xe3\x58\x10\x09\x6b\
\x40\x6c\x13\xe2\xf1\x38\x14\x44\x0b\x81\x52\x1e\xa8\x10\x02\x9d\
\x06\x6c\xda\x6b\xf8\x87\xdd\xce\xbb\x67\xd1\xff\xb2\xcd\xb2\x07\
\x28\xbf\x12\xa0\x24\x37\x2c\xd3\x6a\x5f\xbf\xf9\xaa\x20\xa9\x09\
\xf3\x56\x02\x04\xca\xd2\x20\x81\x13\xfc\x08\xfc\xae\x1c\x1e\x07\
\x40\x79\x01\x28\xba\x88\x1d\x93\x05\x24\x29\x05\x20\xae\x07\x9e\
\xc7\x01\x75\x01\x08\xf1\x40\x0c\x15\xbb\xe9\xc2\xbe\x9f\x76\xbb\
\xec\xe1\xef\x78\x59\xdd\xd5\xdb\xed\xca\x23\xfe\x62\x3e\xb3\x07\
\x28\xbf\x98\xa9\xd8\xfe\x83\xd4\xce\xfd\xb8\x83\xf1\xd9\xd3\xbf\
\x15\xed\x7a\x10\x5d\x13\xc2\x6a\x08\xd2\xa9\x14\xf0\x18\x9a\xdf\
\xd5\x83\xa3\x20\x63\x4a\xbe\x69\x42\x40\x0d\x42\x3c\x91\x02\x59\
\x56\x81\x82\xc7\xac\x9e\xa0\xa6\x00\xef\x01\x18\xba\x03\xbc\x18\
\xf4\xe2\xe1\xce\x33\xba\x8d\x7b\x6e\x3a\x1f\x8a\xec\xba\x51\xb4\
\xab\xcf\xfa\x33\x7f\x6e\x0f\x50\x7e\xe6\x09\xd8\x99\xdb\xb3\xb2\
\xdf\x17\xaf\x3b\x50\xae\x5a\x78\xac\xc2\x5b\xe0\x11\x1b\x44\xd7\
\x03\x49\x10\x01\x53\xee\x77\xf9\xe0\x28\xb8\x8e\x0d\xa2\x28\x02\
\xc7\x49\x40\x3d\x0e\x04\x41\x00\xcf\x73\x81\x10\x02\x3c\xe7\x01\
\xb5\x2d\x08\xa2\x1d\x44\x79\x30\x78\x0d\x1a\x95\xd2\xf9\x9d\xc7\
\xfe\xf9\x53\xad\x4b\x39\x7a\x11\xfe\x67\x8e\x3d\x40\xf9\x15\x4c\
\x35\xb1\x4d\x6e\xdd\x93\xe7\x8f\x15\x1b\xd7\xf4\x0c\x85\x02\xe0\
\x51\x17\xa8\x6e\xb1\x85\x2c\x08\x7e\x6e\xd7\xae\x1c\xf8\x49\x94\
\x18\x78\x60\x4d\x0b\x1e\x58\x19\x89\xa9\x2f\x7e\x0c\x06\x40\xc0\
\xc8\xbe\x65\x82\x1c\xd0\x20\x65\xb9\x00\xa1\x22\x48\xba\xa1\x55\
\x9d\xce\xbc\xfd\xc3\x60\xdf\x03\x12\xff\x2b\x76\xcb\x1e\xa0\xec\
\xca\x0a\xfb\x89\x3f\x93\xdc\xb4\x42\xb3\xde\xbe\xe3\x6a\x21\xb1\
\x31\xa8\xdb\x16\x70\x1c\x07\x21\x59\x65\x15\x8d\x36\xd9\xf5\xb2\
\x12\x1f\x28\x7e\x44\x1f\x53\xf5\xb3\x6e\xe6\x66\xa0\x78\xc0\x8b\
\x1c\xa4\x2c\x03\xc4\x40\x00\x2c\xe2\x01\xe5\x54\x90\xa4\x28\x18\
\x06\x54\x17\x9c\x7c\xed\x94\xe8\x7e\x27\xd4\xec\x08\x2c\x28\x11\
\x75\x5d\xe7\xe6\xcd\x99\x53\xb4\x7e\xdd\xba\x98\xeb\xba\x82\xaa\
\x69\x76\x30\x10\xb4\x55\x4d\x75\x82\xc1\x20\xfb\x5f\x50\x50\x60\
\x2b\x9a\xe6\x8a\xa2\xe8\x29\x92\x44\xf1\x2b\x8f\xff\x79\x9e\x25\
\x76\x66\x8f\xfc\xfb\xed\xe8\xfe\x3f\xc6\x74\xed\x01\xca\x8f\x31\
\x8a\xbb\xf9\x1a\x1b\x3f\x7f\xb9\x8b\x34\xf3\x1f\x97\x46\x68\x02\
\x0c\x97\x00\x66\xfa\xaa\x82\x04\xe9\xb4\x01\x82\x2c\xed\xb2\x31\
\xcf\x24\x48\x06\x28\x98\x1f\xe6\x1f\x3c\xab\x63\xf1\x0f\x02\x1e\
\xd8\xe0\xa2\x0a\x26\x6b\xe0\xf1\x2a\xa4\x92\x16\x84\x04\x15\x4a\
\x54\x05\x6a\xd2\x34\xcd\x1d\x7d\xf9\x1b\xc5\x23\xcf\xdb\x66\xaa\
\x3e\xaa\x70\xaf\xbc\x38\x61\xc0\xa2\x85\x0b\x47\xd8\x14\xca\x22\
\xb1\x22\xc1\x30\x6d\x00\xcf\x05\x49\xe0\x59\x8d\xbf\x07\x98\xaf\
\x86\xf1\x53\x8f\x72\x1c\x43\xac\xc3\x73\x9c\xcd\xf3\xbc\xe9\x71\
\x60\x0a\xbc\x68\xf1\x3c\xef\xa0\xef\x81\xe3\x39\x17\x38\xce\xe5\
\x79\x9e\xf2\xc0\xb9\x1c\x70\x24\x10\x0c\xa6\x43\xc1\x60\x3a\x52\
\x50\xa0\x47\x0b\x22\x46\x49\x51\x89\xd1\xad\x5b\xb7\xb4\x16\xd4\
\x5c\x59\x56\xa9\x2c\xcb\x2d\x80\xb6\x2b\xd3\xb5\x07\x28\xbb\x32\
\x6a\x3f\xf1\x67\x96\xbd\x70\xfd\xc1\xd1\x8d\x33\x7f\x53\x24\x58\
\xa0\x13\x02\x96\x43\x40\x93\xd4\x8c\xca\x84\xa9\xf5\xbb\x7e\x64\
\x31\xe1\xab\x60\x28\x4b\x30\xc5\xc5\x07\x09\x70\x04\x28\x67\x03\
\xf0\x22\xe8\x36\x05\x55\x8d\x82\xcc\x89\x40\xd2\x29\x88\xf2\x14\
\x08\x2f\x43\x8d\x58\x60\x7b\x83\x7e\xf3\x6e\x8f\xd3\x6f\x5d\x96\
\xff\x14\x08\x82\x3f\xdf\x7b\xdb\xe1\x89\xc6\xba\x11\x82\x12\x92\
\x5d\x5e\x84\xb4\xed\x81\xa4\x6a\xac\x1a\x93\x38\x16\x88\x39\xaa\
\x23\x66\x1a\x30\xf0\x72\xcd\xea\x64\xf6\x77\xd9\x6b\x67\x7f\xce\
\x7e\x95\x05\x9f\x30\x03\x7f\xc6\xff\x04\xaf\x8b\x89\x6c\xe0\xb9\
\x94\x7a\x44\x14\xc5\x74\xa7\xb2\x4e\xf3\xc6\x5e\x78\xd1\xfc\xb2\
\xb2\xb2\x5d\xce\x61\xdb\x03\x94\x5d\x5f\x63\x3f\xc9\x27\x19\xd1\
\xdd\x4b\x37\x5c\x2a\xac\xf9\xb6\x8b\x6a\xd7\x01\xaf\x69\x00\x1c\
\xcf\xdc\xc3\xb8\xa0\x08\x96\xc7\xef\xe2\x93\xf8\xf6\x08\xae\x1d\
\x4c\x9f\xd4\xc0\x03\xdf\x83\x86\x65\xc3\xc0\xd9\xe0\x71\x2e\x93\
\x33\x02\x92\x54\x98\x04\x38\x42\x21\x82\x86\x3d\x71\x50\x95\x02\
\x2a\x49\xc0\xab\x11\xa8\x07\x0d\x68\xe7\x21\x9f\xf4\xbd\xf8\x91\
\x59\x59\x35\x08\x9f\xfb\xc5\x67\x9e\x1c\xb2\xfc\x87\xb9\xbf\x51\
\x34\x35\xe8\xf2\x18\xd8\x04\x10\x91\x7f\xcc\x71\x41\x91\x65\x16\
\xbf\x41\x3b\x2b\x6b\x27\xb5\x05\x94\xed\xa9\x55\x78\x3e\xde\x07\
\xc7\x21\xfb\x3f\x0b\x1a\x94\x8a\x5b\xc1\x43\x08\x50\x0f\x6a\xcf\
\x3d\xf7\x9c\x37\x46\x8c\x38\xb8\x61\x57\x54\xb5\x1f\x1d\x28\x33\
\x7e\x58\x5f\x94\x26\x9e\x20\x70\x02\xe5\x44\x01\x0b\x89\x38\x94\
\xa8\x1e\x6d\x16\xe8\x59\x11\xcf\x26\x85\x6d\x88\x3f\x96\xb7\x71\
\x1b\x14\xa2\x6d\xd8\xbb\x9e\x9b\xf7\x3c\xf9\x1f\xc5\x22\x8f\xcc\
\xc1\x42\x16\xdb\x38\x3c\x0c\x3c\xb0\x23\xe7\x1d\x72\xbe\xc5\xf7\
\xc3\xe0\x1d\x1e\xe8\x50\xca\xfe\x49\xe0\x7c\x73\x59\xe4\xfd\x5d\
\x1c\xff\xb1\x67\xa2\x94\xe3\x3d\x5c\xa2\x00\x0a\x4f\x5c\xae\x7e\
\x75\x00\x66\xfc\x7d\x4c\x7f\xa1\x4e\x0a\x92\x46\x70\x78\x1e\x6c\
\xac\x81\x27\xc0\xbc\x55\xf9\x3b\x6e\x7b\x30\x93\x0b\x14\xc2\x29\
\x40\x41\xf0\x17\x2d\xbb\xbb\xaf\x8a\x51\x5e\x62\x59\xca\x68\x13\
\xb9\xb6\x0e\xae\x63\x82\x20\x49\x40\x45\x09\x14\x55\x05\xcb\x34\
\x81\x4a\x41\x68\xe2\x23\xa0\x07\x3a\xcf\x1c\x70\xc5\x13\x9f\xf1\
\x6a\xc0\x43\x97\xf3\x6d\xe3\x2e\xbe\x3c\x10\x0e\x75\xd2\x82\x51\
\x06\x68\xd3\x71\x80\x17\x24\x48\x19\x3a\x28\xb2\xc6\x16\x37\xbe\
\xfd\xb6\xde\x01\xff\x8e\x40\xc8\x3f\x72\x25\x4e\x5b\x40\x61\xcf\
\x9d\x75\x4e\x70\x9c\x7f\x7d\x04\x13\x40\xdd\x45\x17\x5f\x3a\x71\
\xc0\x80\x01\x7a\x7b\xc6\x89\xad\xd3\x1f\x9b\xa4\xfb\xe6\xe7\x3f\
\x3d\x97\x88\xa1\x5e\x06\x11\x3d\xdb\xf5\x38\x51\x92\x78\x8f\xc3\
\xec\x08\x8a\x5c\x3a\xc0\x81\xc0\x5e\x82\x0a\x82\xbf\x11\x52\x77\
\xeb\x8e\xb2\x33\x0f\xcf\xa1\x0f\x73\x07\x87\x87\xdb\x54\xe6\xc8\
\x1d\xd4\xdc\x8f\x6d\xf7\x3a\x39\xa2\x7f\x47\xf7\x42\x77\x2a\x1e\
\xb9\x93\xdd\xe2\xfb\x9c\x89\xce\x7d\x2e\x1e\x4b\x11\x71\x12\x5d\
\x3f\xe8\xe7\x0a\x02\x63\x50\x09\x10\x87\x25\x39\xda\x9c\x00\x11\
\xa7\xc6\xee\x95\xfe\x1e\xf6\x86\x0d\x72\x17\x73\x3d\x28\x66\x1d\
\x50\x1c\x36\x81\x07\x8e\x0d\xa2\x07\x02\xe7\xb1\x34\xfb\xff\xea\
\xc8\x31\xe4\x59\x10\x12\x44\x00\x4f\x04\x9c\x38\x2c\xf0\x32\xd3\
\x69\x50\x15\x01\x44\x59\x60\x20\x75\x38\x0f\x1c\x94\x64\x98\xe6\
\x4f\x1d\x50\x24\x15\xd2\x04\x80\x6a\x31\xd0\xd5\xd2\x25\xdd\x2e\
\x7a\xf8\xfd\x4f\xfe\xfd\x51\xd7\xaf\xa7\x7f\x75\xa2\x5a\xd8\x31\
\x16\x37\x6c\xd0\x14\x09\x1c\xdb\x80\x48\x28\xc0\x02\x99\x94\x01\
\x1e\xcb\x01\x70\x0d\xb4\x2d\x13\x73\xe7\x6e\x5b\xf3\xb8\x55\x15\
\xcb\xac\x8a\xec\xcf\x6e\x46\xce\x4a\x92\xc4\xe6\xc6\x76\x7c\xad\
\x2b\x16\x2d\xf8\xe6\xde\xdf\xff\xe1\xb3\xf6\x8e\xd7\x8f\x0e\x94\
\x3f\xbc\x35\xef\x37\xeb\x1a\xec\x83\x5d\x21\x00\xbc\x20\x03\x41\
\x8a\xcf\x9c\x45\xcb\x44\x22\xf3\xd7\x64\x17\x57\x66\xb0\x32\xbb\
\x00\x7a\x61\xd0\x03\xe3\x7b\x63\xda\xd8\x4d\xf2\x7e\x87\xd7\x6a\
\xf3\x60\x93\x9f\x77\x64\x0c\xd7\xd6\x5b\x14\xc5\x9a\x59\x40\x20\
\xb3\xaf\xed\x38\x68\x4e\x1d\x08\xea\xdd\xb9\x47\x4b\x99\x85\x8b\
\xbb\x79\x2c\x10\xcb\xf8\xec\xae\x27\x02\x20\x5b\x0a\xcf\x81\xe4\
\xb9\xa0\xba\x16\x5b\xf8\x26\xcf\x43\xa1\xb3\x19\x06\xa4\xbe\x85\
\x81\x74\x2d\x94\xe8\x9b\x21\x26\x98\x8c\x3e\xc2\xe5\x70\xef\xc7\
\xdd\xd8\x03\x8e\x31\xac\x64\x99\x57\xda\xf7\xec\x28\xc6\x10\x18\
\x0c\x68\x9c\xc3\xde\x1f\x9f\x89\x49\x16\xaa\xf8\x86\x3e\x71\x20\
\x80\x6a\x12\xb5\x80\xa0\x5b\x5a\xe4\x81\xf2\x1c\x78\x18\xd1\xa7\
\x04\x64\xdc\x05\xa9\xc3\xea\x5f\xa8\x20\x61\x7e\x18\x24\x03\x9d\
\x6a\x66\x27\x0b\x57\xfe\xb0\xa1\x7e\x30\x17\x2a\x09\xf3\x5a\x98\
\x9d\x23\x00\x01\xd7\x32\xfc\x8d\x05\xd7\x00\xc6\x6f\x32\xea\x5e\
\xbe\x54\xc9\x02\x63\x47\x12\x85\x5d\xab\x2d\x8d\x81\xf7\x7f\x89\
\x05\x6a\x8a\xa2\x64\x9c\x06\xec\xe7\xc4\x5d\x77\xdd\xf3\x74\x71\
\x71\x71\xbb\x02\x50\x3f\x3a\x50\x26\x7e\xb1\xbc\x7c\xc6\x66\xf7\
\x5c\xdb\x70\x38\xe4\xc1\x15\x44\x25\xc7\x8b\x82\x03\x84\xc6\x97\
\xcf\x3f\x95\x1d\xb0\xec\x62\x63\x52\xdf\xc3\xc9\x43\x3f\x7e\x66\
\xe1\x32\x17\xa6\xbf\x10\x70\x41\x70\x38\xc4\x6c\x62\x71\x51\x8b\
\xac\xfc\xd5\x07\x8b\x7f\x8e\xef\xe6\x64\x17\x6a\xb5\xdc\x71\x87\
\x44\x20\xb0\x21\xcc\x5c\x1f\xef\xe5\x6b\xf9\x0c\xba\xc0\xe5\x8d\
\xfa\xd6\x1f\xb7\x02\x28\xeb\x4e\xf5\x2f\xcf\x16\x16\xf2\x6a\xa1\
\x74\x6f\x05\xe2\xdc\x47\xc0\xfb\xe2\x06\x80\xef\xe0\xbf\x07\x2e\
\x48\x47\x90\x59\xa0\x4f\xa2\x38\x26\x2e\x48\x94\xb0\x98\x86\x2e\
\x48\xd0\xd1\x5e\x03\x87\xe8\x5f\x41\x5f\x6b\x25\xc4\xdc\x14\x04\
\x5c\x2c\xe5\x45\x3b\x15\xc7\x8e\x00\xc7\xbb\x90\x91\xcb\xfe\xbb\
\xe7\x6c\x1a\xd9\x0d\xa4\xf9\x75\xda\x06\x51\xf3\x30\x65\xc7\x34\
\x0b\x1e\xdf\x48\xce\xd6\xb4\x64\xdf\x84\x0d\x61\x66\x61\xe2\x73\
\x7a\x1c\x72\xb8\x5a\xa0\x62\xe9\x31\xe7\x82\x41\x05\x88\x6b\x9d\
\x60\x6e\xa2\xc8\x5a\xa1\x6b\x8a\x21\x86\x59\x3d\x3f\x5e\x87\x41\
\xd0\xc3\x42\x33\x14\xa7\xfe\x3c\x11\x3e\x3b\x7f\xed\xd8\x9d\xda\
\x71\x2a\x03\x20\x7a\xd7\x5c\x60\x9e\x2f\x74\xad\x1d\x71\xd4\x91\
\x2f\x9c\x78\xe2\x89\x55\xed\xb8\xcc\x8f\xaf\x7a\x6d\xac\x4f\xcb\
\xb7\x4f\x5e\x76\x2d\xcf\x4b\x01\x59\x55\xc1\xb0\x5a\x3a\x1a\x10\
\x28\x38\x48\x6c\xc0\x32\x8b\xa5\x19\x28\xdb\x98\xcc\xcc\xa0\x66\
\x17\x19\x5b\xd0\x99\xad\x04\x4b\x60\x7d\xfa\x37\x2c\x87\xcd\xec\
\xac\x5b\x17\x7f\xee\x50\x70\xfe\x64\xb1\x05\xdf\xb2\x1a\x70\x2b\
\xb8\x72\xff\xb2\x35\xbe\xd0\x7c\x8d\x6c\xcc\xc1\x07\x64\x33\x48\
\xf0\xe7\x96\x40\xc1\xe7\xc8\xf5\x46\x65\xef\xe7\x83\x84\x59\x25\
\x68\x88\x82\x00\x96\x20\x31\xd0\x2a\xd4\x05\x91\xe2\x22\x02\x20\
\x02\x80\xcd\xf3\xd0\xc9\x5a\x09\x47\xa6\x3f\x85\x3e\xd6\x2a\x08\
\x61\xa5\xa2\xeb\x80\x40\x51\xe2\xf8\xde\x28\x7f\xd7\x6d\x7e\x17\
\x5f\x3a\xf8\xcf\x95\x7b\xf8\x0b\xbb\xf9\x77\x5b\x4b\x86\xd9\xfe\
\xd0\x1c\x5c\x6c\xcf\xc2\xc1\x73\x31\xa1\x12\x8d\x74\x8f\xda\xa0\
\xd1\x14\xc8\x9c\x0b\x96\xeb\x41\x5c\xeb\x0c\x33\x53\x25\xb0\x52\
\x0f\x82\x25\x84\xc0\xe1\xa4\xad\x97\x66\x31\x1a\x36\xff\xbe\x74\
\x6d\xde\xe8\xda\x7b\x77\xff\xfc\xac\xd4\xce\x3a\x04\xda\xba\x0a\
\x8e\x93\xe3\x7a\x5b\x6d\xba\xfd\xf7\x1f\xfe\xd2\xa8\xd1\xa3\xd7\
\xb7\xe7\x8e\x3f\xba\x44\x21\x94\xc2\x35\x2f\x7f\x7f\x65\x9a\x88\
\x1d\x0d\xc7\x05\x49\x56\x33\x3b\xa9\xff\x58\xc8\x5e\xe8\x0f\x94\
\x1f\xe0\xca\xee\xc8\xfe\x5f\x71\x71\x65\x76\xec\x0c\x9b\xc8\xf6\
\x5e\x86\xa9\x1e\x39\x82\xc3\x97\x0e\x39\x52\xa5\xc5\x87\xf9\x8c\
\x2d\xe4\x5f\x9f\x2d\x28\xb6\x80\xf2\x55\xb4\x6d\xab\x2f\x6d\x08\
\x29\x5f\x75\xc9\x01\xb2\x7f\x71\x5f\x85\xf3\x27\x31\x0b\x98\xcc\
\x7d\x33\x52\x25\x3b\xc9\x48\x2d\x84\x87\x4c\x51\x52\x62\xad\x3b\
\xea\xef\x2e\x93\xaa\x5d\xac\x15\x70\x44\xfa\x13\xe8\x6d\x56\x80\
\xe6\x01\x48\xd4\x05\xc9\xb5\x01\xc0\x62\xc8\x64\x0b\x15\x64\x7f\
\xdb\xc8\xd8\x2a\x59\xc6\x48\xf6\x18\x59\x95\x2c\x03\xea\xad\xee\
\xdf\x9c\xb1\x65\x6c\x2d\x6d\xa9\xa9\x3b\xb1\x8a\x10\xe8\x78\x7f\
\xdc\xf4\x54\x37\x05\x02\xef\x82\x4d\x39\x68\x54\x4b\x61\x66\xb2\
\x04\x56\x5b\x41\x30\x05\xad\x05\x50\x9a\x8d\x47\x1f\xa0\xb9\x9b\
\xcf\x4e\xdc\xb2\xd5\x29\xed\x05\x0a\x5e\x60\xff\xfd\x87\x4f\x3c\
\xeb\xec\xb3\x37\xb4\xe7\x7e\x3f\x3a\x50\xf0\xe6\x77\xbe\x3e\xf7\
\xb0\xcd\x86\x72\x84\x23\xf8\xae\xc4\xec\x2e\xea\x2f\x4b\x5f\xa4\
\x37\xef\x00\xd9\xc5\x9d\x7d\xec\xd6\x60\xc9\x96\xae\xe6\xef\x94\
\xd9\x9d\x29\xbb\x80\xb3\x0b\x3f\x3b\x78\xd9\x1d\x36\x0b\x42\xf6\
\x35\xa3\x37\xf8\xcb\x36\xe3\x4f\xc8\xd5\x71\xb7\xe1\x2b\xc8\x2e\
\xf7\x16\x60\xd9\xba\xc0\x32\x76\x56\xde\xee\xcc\x2e\xc5\x00\x93\
\xbd\x9b\x2f\xf9\xb2\xb7\x63\x76\x6c\xe6\x6f\xa8\x7a\xf9\x63\xe2\
\xbb\x6c\x25\xcf\x80\x1e\xd6\x72\x18\xa9\x7f\x0a\x3d\xac\x0a\xe0\
\x3d\x85\x49\x1c\x24\xba\xe3\x3c\x07\xa8\x80\x14\x45\x48\x28\x21\
\xe6\x00\xc5\x87\x42\xd6\xb8\xcf\x05\x8a\xff\xb6\xcd\xd2\x14\xef\
\x82\xe7\xb2\xe7\xd9\x45\xff\x32\x6a\x07\x2e\x28\xec\x09\x24\x92\
\x06\x9e\x27\xe0\x00\x0f\x75\x72\x31\x7c\x93\xe8\x00\xeb\x9c\x08\
\x58\xbc\xc2\x18\x2b\xf1\x26\x4c\x96\x70\xfe\x06\xc2\x6c\x14\x0f\
\x40\xf4\x9a\x6d\xd4\xf6\x2c\xdc\xec\xb9\x3b\x02\x4a\xd6\xd6\xc9\
\x91\x28\xde\xe1\x23\x0f\xfb\xfb\x89\xa7\x9c\x52\xd9\x9e\xfb\xed\
\x16\xa0\xbc\xf6\xc5\xd2\xee\x53\x57\x19\x17\xda\x62\x08\xfd\x3a\
\x6c\xc7\x69\xa6\xfa\x14\xb7\x0e\x54\xf3\xae\xe7\x0f\x56\xb3\xf1\
\x9b\xbb\xb0\x9a\x97\x16\x03\x4c\x46\x25\xc2\xef\xd1\x3b\x24\xa2\
\xf2\x99\xb7\x23\xfa\xf3\xde\x6c\x3b\xb4\x35\x20\xcd\x12\xa5\xe5\
\x5f\x9b\x97\x71\x0b\x78\x31\xbd\x3a\x73\xd5\x9c\x0f\x34\x4b\x23\
\x7f\xf1\x67\x16\x5d\x66\xe5\x65\x39\xb6\x7c\xa9\xd9\x52\xb2\x34\
\x4f\xb4\xff\xee\x28\x67\xd1\xfb\x83\xef\x25\x79\x69\x88\xba\x0d\
\xd0\xdb\x5a\x0c\x07\xeb\xd3\xa1\x8b\xbd\x1e\x3c\x4f\x63\x63\x88\
\x40\x41\xf7\xad\xc3\xa1\xf7\xd0\x5f\x6c\xb9\xd8\x6e\x73\xd1\xe7\
\xd5\xcf\xb3\x71\xc7\x00\x1d\x7b\xe8\x7c\xcb\x6a\xe7\x97\x0f\x02\
\x85\x78\x01\x10\x31\xae\xe3\xa6\x99\xcd\x84\xe0\xad\x13\x8a\x61\
\x46\xbc\x00\x36\xb8\x11\x26\x4d\x08\x4b\x3f\xf1\x09\x30\x10\x34\
\x28\x09\xf1\xd9\xd9\x7b\xd3\x66\x1a\xd8\x9d\xbf\x73\xf3\x99\x3b\
\x02\x0a\x7b\xc3\x8c\xea\x85\x1e\x4a\x8c\xfc\x1f\x7f\xfc\x71\xcf\
\x1d\x71\xd4\x51\xb5\xed\xb9\xdf\x6e\x01\xca\x0f\x6b\x6b\x42\x7f\
\xfd\xb2\x6a\x7c\x82\x6a\x1a\x46\x0e\x9a\x81\x82\x9e\x1e\x7f\x82\
\xdd\x8c\xb7\x03\xbf\x6b\x6b\xaa\xb2\x12\x27\xd7\xab\xe4\xef\x88\
\xd9\x25\xe9\xef\x88\x18\x1c\x43\xdb\x25\xf7\x3c\x5f\x58\xb4\xa1\
\x42\xe5\x00\x2a\xeb\x20\xc8\xff\x5c\x5b\x5e\xb4\xad\x8b\x8f\x79\
\xe3\x32\x80\xc8\x8c\x72\x8b\xcd\x78\x3b\xfa\x7e\x33\x58\x32\x2a\
\x59\x46\xdc\xa1\x27\x0c\x3d\x60\x4c\x21\xf5\x18\xdd\x03\x84\x68\
\x12\x4a\x9d\x8d\x50\x6e\x2f\x84\x03\x8d\x59\x50\x62\x57\x02\x05\
\xdf\x0b\x85\x7c\x5d\xb8\xe8\x70\x41\x66\xd5\xbe\x16\x60\xc9\xd9\
\x48\x7c\x40\x34\x3b\x42\x7c\x69\xe3\xab\x5a\xd9\x8d\x89\xcd\x47\
\x66\x0b\xf0\xd5\xd0\xac\x63\x64\xc7\x5f\xf1\x9d\x1c\x2a\x81\x8c\
\xde\x2b\xa2\xb3\x05\x69\xf3\x12\x54\xf3\x45\x30\xa3\x21\x02\x95\
\x10\x6b\xf1\x9c\xf8\xbc\x08\x1c\x94\x82\xd9\x71\x47\x29\xe9\x4b\
\xb6\x5d\x3b\xda\x0b\x14\xcf\xf3\xc8\xe8\xd1\xe7\xfc\x75\xf8\x01\
\xc3\x9b\xda\x73\xc7\xdd\x02\x14\x74\xe9\x5d\xf4\xec\xcc\x8b\x2d\
\xb5\xb8\x9b\x2f\x51\x10\x2c\xa8\x82\xa1\xc8\xf5\x77\x14\x04\x8a\
\x2f\x15\xfc\x85\x9e\xbb\xb7\xe5\x66\xaf\xe2\xe7\xb7\x1e\x99\xad\
\x33\x97\x9a\x27\x6b\x97\x34\x03\x23\x0b\x90\x66\x03\xda\x5f\x30\
\x19\xdb\x61\xeb\xa4\x64\xaf\xbb\x35\x89\xc3\xc7\x57\xd6\x46\xca\
\x51\xc7\x72\xd5\xc4\x16\x5a\x5a\x8e\xea\x94\x7d\xc6\x2c\x90\xf2\
\xf7\x6a\x3f\x3e\xe1\xab\x95\xbe\x74\xf1\xaf\xc4\xa3\xca\xc5\xb9\
\x5b\x81\x62\x81\x0c\x51\x52\x07\xe5\xce\x32\xe8\x6f\x2e\x84\xc1\
\xf6\x02\x88\xd9\x5b\x98\x8a\x83\x9f\xcd\x4a\x66\xa4\x45\xf5\xef\
\xe1\xd3\x15\x65\x8d\xf5\x7c\x6f\x57\xae\x84\xd9\x6a\x4b\x65\x24\
\x1f\x3e\x13\xde\x79\xab\xa4\xce\xba\xc7\x77\xf6\x2b\xbe\x3f\xa5\
\x20\xc9\x02\x80\xa3\xfb\xd5\x92\x62\x10\xaa\xa0\x08\xbe\xae\x0f\
\x43\x35\xd7\x01\x68\x26\x26\xc5\x24\x7f\xc6\x78\x47\x3b\x15\xff\
\xb3\xf7\x67\x81\xcd\xdd\x07\x14\xf4\x7a\xa1\xb7\x8b\xa0\x53\x0f\
\xf5\x1b\xea\x99\x97\x5f\x71\xd9\x33\xfd\x07\x0c\x48\xff\xec\x40\
\xc1\x07\xb8\xed\xf5\xf9\x47\x6c\xb0\x42\x87\xe1\x40\x22\x10\x90\
\x1b\x37\xe3\x80\x65\x83\x84\x46\xac\xef\x94\xcd\x71\xf9\xb6\x4a\
\xf3\xce\x2e\xa7\x5c\x9b\xc6\x57\xd1\x78\x0c\x62\xb3\x0a\xbd\xac\
\x5b\xb4\x59\x82\xe4\x1b\x88\x5b\x03\x72\x6c\xc7\x47\x15\xc0\xbf\
\x6e\x8e\x53\x38\x47\x85\xc9\xb5\x5e\xfc\xa9\xf4\x8f\xec\x64\x36\
\xff\xec\x2f\x78\x5f\xae\x6d\x05\x4a\x06\xd8\x59\x57\x70\x16\x30\
\x59\xf5\xc8\xb7\x29\xb0\x04\x37\x17\x28\xbe\xb6\x4f\x3d\x01\x4c\
\x4e\x86\x0e\x4e\x35\x0c\x31\xbe\x63\x40\x29\x27\x15\x10\x26\xf5\
\xbe\x24\xde\xea\xec\xc8\x02\xce\x5f\x68\x3b\x63\x63\xb4\xe4\xfd\
\xca\x59\x22\x5b\x25\x6f\xcb\x11\xc9\xba\xcb\xb7\xfb\x95\x73\x81\
\xba\x16\x28\xb2\x00\xd4\xc1\xe4\x49\x81\xf5\x90\xdc\xcc\x95\xc0\
\xf4\xba\x30\xd4\x73\x45\xcd\x2a\x16\x9b\x7f\x74\xde\xa0\x03\xc0\
\x07\x27\xb3\x55\x72\x82\x9d\xed\x59\xb8\xd9\x73\x77\x24\x51\xf2\
\x81\x42\x29\x4d\xdf\x78\xe3\x4d\x4f\x75\xee\xda\x19\x45\xf3\x4e\
\x1f\xbb\x45\xa2\xe0\xdd\x9f\x9d\xba\xac\xdf\xcc\x4a\xf7\x1c\x9c\
\x7c\xb6\xdc\x70\xa0\xd0\x7f\x8e\x25\xa6\x9c\xc8\x44\xb4\x1f\x78\
\xf4\xdd\xc4\xcd\x52\xc5\x5f\x94\xd9\x5d\x9c\x67\x29\x08\x2e\xa6\
\x77\xb0\xa2\x22\x26\xde\x89\x03\xaa\xac\xb1\xaf\x18\xd5\xc6\x08\
\x37\x21\x7e\xce\x0f\x1e\x02\xc6\x56\x32\x3b\x09\x02\x55\xe4\x31\
\x15\x82\xb0\x6a\x3e\x4c\xb9\xc0\x08\x33\xb1\x1d\x90\x55\x85\xa1\
\xce\x30\xb1\x6b\x95\x9f\x61\xca\xb2\x59\x33\x9f\x45\x7e\x5e\xbc\
\xb6\xa6\x69\x60\xd8\xbe\x9b\x1b\xbd\x78\x98\x11\x9b\x55\x01\x91\
\xf7\x97\xd5\x9e\xbb\x98\xd4\xca\x81\xaa\x69\xa0\xa7\xd3\x80\xb9\
\x7e\x98\x1d\xcb\xa1\x97\x2a\xa3\x92\xb5\x90\x2a\x19\xd5\x93\x3d\
\xaf\x87\xcb\x07\xcf\x43\xa0\xa8\x50\x62\xad\x87\x83\xd2\x5f\xc1\
\x00\x67\x09\x94\xd1\x6a\x50\xed\x46\xf6\xfe\x9e\x20\x80\xcb\x2b\
\x40\x33\xb1\x20\x7c\x5e\x8c\x38\x0b\x18\x04\xc4\x3c\x40\xa0\x10\
\x50\x55\x56\x8c\x45\x5c\xbf\x20\x0b\x13\x22\x80\x17\x18\xb5\x2a\
\x36\x16\xc2\xf7\x40\xa6\x48\x8c\x58\x1b\x7a\x0a\x54\x96\xda\x81\
\x9f\x6d\x5b\xd5\xe2\x32\x34\xad\xb9\x7f\xc7\xf9\xf0\x73\x6e\x1c\
\x90\x05\x02\x8e\x95\x86\x70\x30\x08\x49\x07\x9b\xad\x16\xc0\x26\
\xa1\x14\x3e\xad\x0c\x41\x5c\xed\xc4\x14\x6b\xb6\x51\xba\x16\x10\
\xdb\x02\x45\x0b\x80\x6d\x13\x10\x90\xbe\x95\xc7\x5c\x35\xd2\x66\
\xc0\x70\x67\x57\xf0\x8e\x80\xb2\x75\x03\x43\x96\x4c\xe4\x5b\x26\
\x24\xfe\xe7\x47\x1e\x7e\x32\x10\x68\x1f\x23\xe6\x6e\x03\xca\x0f\
\xeb\x6b\xc2\x7f\x9d\x5e\x3d\x4e\x27\x7c\x80\xa9\x03\x1e\x06\xc7\
\x7c\x63\x17\x77\x62\x9b\xf7\x6b\xbd\x71\x10\x51\x11\x6b\x79\x34\
\x4b\x07\x8c\xac\x46\x23\x21\x48\xa7\xd3\x60\x1b\x26\x14\x14\x14\
\xb0\xef\x55\xcc\x33\x42\xa0\xb0\x45\x2d\xb2\x89\xc7\x05\x8c\x29\
\xd5\x96\x61\x66\x16\x3d\x66\x9a\x71\x20\x8a\x18\x45\xa6\x7e\x23\
\x50\x8e\x6e\x3d\x17\x17\x99\xa6\x04\x58\xf4\x56\x0b\x28\x3e\xf5\
\x28\x87\xf1\x29\x9f\x6a\x34\x10\x08\xb0\x6b\xe2\x67\xb1\x8e\x1c\
\x53\x2e\x70\x91\xe1\xc2\xcb\xde\x0b\x73\x9a\xf0\x59\x5c\x0f\xc0\
\x21\x14\x1c\xea\x82\x22\x62\x6c\xc4\x65\x60\xf1\x19\x1b\xb3\xbb\
\x3e\x1a\xd0\xbe\x0f\x10\x65\x88\x2f\x89\xd0\xd6\x72\x7d\xdb\x03\
\x03\xe1\x9e\x0c\x9d\xac\x35\x70\x58\xf2\x33\x18\xe0\xac\x80\x10\
\x69\x02\x99\xa6\x30\x34\xc9\x80\x64\x0b\x01\x66\xc7\x08\xb8\x01\
\x20\x70\x25\x09\x6c\xc7\xf4\xc1\x6c\x18\x6c\x43\xc0\x31\xc6\x67\
\x4a\x26\x93\x2c\x2a\x8d\xcf\x86\x19\xc0\x82\xe8\x8f\x11\x4b\xa4\
\xa4\x1c\x28\x92\x00\x02\x3b\x7f\xdb\xaa\x4f\x36\x32\xde\x56\x0a\
\x09\xbe\x97\x84\xaa\x13\xdb\x04\x29\x18\x1e\x0f\x49\x4f\x83\xc6\
\x48\x1f\xf8\xb4\x2a\x04\x9b\xdd\x28\x88\x6a\x00\x74\x3d\x0d\x45\
\x21\x3f\x4c\x80\x6d\xbe\x15\x0d\x73\xc4\x1c\x36\x56\x48\xb9\xf4\
\xdf\x1c\x3b\x02\x0a\x6e\x16\x48\x50\x2e\x29\x1a\xdb\x68\x9b\x9a\
\x9a\x1a\x9e\x9b\xf0\xfc\xd3\xed\x4d\x8c\xdc\x6d\x40\x31\x09\xe1\
\x6e\x9c\x34\xef\x8a\xa4\x17\xe8\xe8\x60\x64\x96\x66\x80\x92\x89\
\x9d\xa0\x51\x87\x3b\x2c\xee\xa6\xcd\x29\x18\xbe\xaa\xc3\x94\xb1\
\xdc\xd4\x90\xcc\x4e\x2f\x62\x14\xd7\x73\xfd\xdd\xdb\xc3\x7a\x6f\
\x99\x2d\x48\xcc\x64\xc5\x05\x83\xe4\x08\x95\x95\x95\x10\x8b\xc5\
\xd8\x6e\xea\xd8\x2e\x70\x82\x0f\x3a\x92\xc9\x27\x42\xb2\x6a\x9c\
\x2c\x3c\x9f\x71\xf0\x5a\x36\x03\x0a\xb6\x76\x93\x30\xd0\x67\x19\
\x10\x09\x28\x40\x1c\x1b\x1c\xd3\x02\x74\xd8\xe0\xdf\x83\x91\x28\
\xb8\xd4\xf3\xf9\xaf\x24\x05\x4c\x07\xb9\x7d\x39\xf6\x39\xfc\x3b\
\x08\x32\x38\x2e\x05\x2d\x10\x62\xf9\x50\x28\x11\x1d\x5b\xf7\x5b\
\x2e\xec\x10\x28\xa8\x9a\x9a\xcc\x56\x41\x52\x87\xee\xc6\x6a\x38\
\x3c\xf5\x09\xf4\xb5\x2b\x40\xa2\x26\x88\x9e\x01\x12\xa6\xbb\x73\
\x1c\x18\x7c\x08\x88\xc7\xb3\x08\x3e\x46\x50\x5c\x3b\x09\xb2\xc8\
\x33\x89\x81\xc9\x8a\xd8\x38\xc8\xa5\xbe\xed\x10\x08\x85\xd9\xb3\
\xe1\x78\xe1\xc2\x70\xb0\x52\x51\x96\x59\xeb\x3a\x62\xd9\x6c\xe1\
\x38\x4e\xfe\x26\xd5\x72\xd9\x66\x01\x92\xff\x95\xa9\x94\x08\x38\
\x4c\x92\x64\x73\x48\x40\x0c\x84\x20\x09\x0a\xac\x77\x0b\xe1\x8b\
\x86\x42\x58\xef\x44\x40\x89\x44\xf1\x59\x3c\x89\xa7\x1c\xb1\x75\
\x26\xad\x31\x0f\x0b\x9f\x47\x92\x14\x96\x2f\xf6\xdf\x1c\x3b\x03\
\x14\x94\x24\xb8\x39\xe1\xc6\x67\x18\x46\xf5\x63\x4f\x3c\xfe\x5c\
\x7b\xef\xb9\xdb\x80\x82\x13\x75\xe7\x6b\xb3\x8f\xab\xb2\xb4\x03\
\x2c\x9e\x39\xbf\xfc\x7d\x94\x79\x6d\xb0\x8f\x07\xb6\x29\xc0\x4c\
\x9f\xac\x31\x9f\xad\x85\xf0\x61\x83\x40\x61\x71\x06\xe2\x31\x35\
\x22\x12\x0a\x82\x65\xe8\xcc\x43\x14\xd2\x54\x30\x8d\x34\x6e\x8b\
\x20\xf3\x1e\x48\x3c\xc7\x16\x03\xee\xee\x91\x58\x21\xdb\x49\x51\
\xb4\x3b\xb8\xb0\x1d\x02\xa1\x70\x14\xb0\x8a\xd5\x26\x2e\x48\x8a\
\xca\x16\x12\xaa\x6a\xd9\x96\x08\x98\xf8\x87\xd1\x65\x5c\xd4\x1c\
\xb2\xc3\x3b\xa6\x17\x0b\x29\x4d\x40\x5d\xca\x7b\x98\xca\xc8\x49\
\x94\x07\x59\x77\x6c\xc9\x75\x39\x8e\xc7\x9d\x19\x63\x8a\x4c\x95\
\x74\x7d\xf5\x46\xd2\x58\xa6\x6d\xca\xb4\x21\x10\x0c\xb3\x5d\x2c\
\x80\xe4\x0c\xd4\xf6\x25\xa9\xff\x56\x39\x12\xc5\xcf\xa9\xf2\x25\
\x0a\x7e\x67\x32\x50\xc8\x9e\x05\xbd\xac\x0a\x38\x2c\xf1\x05\xf4\
\x72\xd6\xf8\xed\xe6\x38\x02\x22\x20\x6b\x3d\xcf\x54\x33\x54\xbd\
\x64\x17\x5b\x06\xb9\x10\x50\x78\x20\xc4\x66\x91\x67\xc3\xb2\xa0\
\xb0\xa8\x04\x52\x69\xc3\x97\x22\x2c\x63\x59\x60\xe3\xa2\x29\x32\
\x03\x35\x10\x1b\xf4\x54\x82\x25\xa3\x22\x90\x6c\x66\x33\xed\x7c\
\x13\xd4\x96\xc9\x9f\x98\xed\xc0\x41\x40\x51\x81\x5a\x49\xd0\x31\
\x6d\x5e\x8d\xc0\x5a\x37\x0a\x33\x12\x45\xb0\x34\x2e\x35\x10\x41\
\xc4\xfa\x93\x46\x01\x77\x4a\xcf\x2d\x0c\x17\x44\x8b\x50\x45\xc4\
\xc5\xcb\x54\x69\x8a\xaa\x59\x7b\x97\x6d\xf3\xf9\x3b\x02\x0a\xdb\
\x7a\x31\x75\x05\xa5\xb1\x8d\x2a\xa9\xbb\xe1\xe9\x67\x9e\x9e\xd8\
\xde\x3b\xee\x36\xa0\xe0\x83\xfc\x73\xfa\xb2\x1e\x9f\xad\x4a\x5f\
\xa8\x0b\x61\x5f\xaf\xf6\x28\x48\x19\xa3\x0e\x0d\xfa\x66\x2f\x8e\
\xef\xb5\xf1\x8b\x86\x5a\x3a\x8b\x15\x09\xf5\x6c\x9b\x91\x4d\x33\
\xf5\x03\xfb\x46\x7b\x4e\x63\x87\x90\x56\x59\xa0\x08\xf5\x32\x4f\
\xcd\x80\x26\x13\xcb\xb2\x38\xe0\x05\x31\x65\xb8\xc1\xba\x64\xba\
\x50\x56\x83\x1d\x75\xcb\x89\x7a\xbc\xa4\x24\x4d\x1b\x28\xaa\x7a\
\x08\x1e\x4c\x4f\x57\x03\xbe\x2b\x36\xa3\x2a\xa1\xd3\x06\x3b\x53\
\x79\x76\x1a\xa2\x8a\x90\xdc\xaf\x77\xf8\xa3\xd3\x86\x76\xaa\xd0\
\x54\xd9\x35\x4d\x9b\xaf\xd7\x2d\x79\x4b\x5d\x52\xab\x49\xda\x81\
\x26\xdd\x0a\x56\x37\x24\xc3\x09\x93\x96\x18\x2e\xd7\x8b\x58\x76\
\x01\x2f\xaa\x82\x41\x00\x74\xf4\x2c\x88\x2a\x78\xbc\xe4\xab\x67\
\xb6\xc5\xec\x14\x3f\x5d\x67\x7b\x40\xc1\x77\xb3\x41\xa5\x29\x88\
\x90\x06\x28\xb7\x56\xc3\x81\xa9\x6f\xa0\xab\xb3\x09\x8b\x14\x98\
\x0d\x21\x80\xc5\x76\x62\x0c\xe0\xe1\x58\xc9\x68\xb3\xa1\xba\xe3\
\x10\x90\x35\xc5\xf1\xc0\x13\x29\xa1\x38\x9f\x19\x82\x08\x7f\xf5\
\xa1\x7d\x86\x52\x17\xc1\x84\x5b\x8f\xc0\xf1\x2c\x93\x17\x7f\x9f\
\xb6\x08\x50\x49\x33\x5d\x5e\x60\x3a\x29\x07\x82\x4d\x79\xcf\xe5\
\xfd\x2c\x7f\x54\x6b\x05\xcc\xd5\xc4\xa4\x3a\xcf\x63\xc6\x26\xcf\
\x79\x9e\xc8\xe2\x84\x4c\x32\x48\xe0\x78\xb8\x81\x99\x10\x12\x51\
\x8d\xe5\x98\xc4\xdd\xec\x86\xe1\x93\x2d\x0a\x59\x52\xef\x55\x1d\
\x70\xc4\x31\xdf\x9c\x7f\xe1\x85\xab\x54\x55\xa5\x0b\x16\x2c\x88\
\xbc\x39\xf9\xcd\xc3\x93\xe9\xd4\x50\x94\x6c\xb8\x41\x61\x73\xd6\
\xdd\x09\x14\xdc\xb0\x11\x90\x2c\x8c\xeb\x38\xb8\x55\xad\x7a\xf2\
\xa9\xa7\x5e\xff\x45\x01\x65\xce\xb2\x4d\x05\x13\x66\x54\x8e\x4b\
\x09\x51\xc5\xcd\x18\xa0\x32\x46\x96\x31\x07\x36\xeb\x1e\xdc\xba\
\x9b\x34\x7b\xd3\xb3\x11\x75\x5f\xb7\xc7\x8c\xd3\x14\xa8\x82\x17\
\xef\x5e\xa4\x7e\x37\xa2\xbc\x63\xc5\xc8\x41\x9d\xab\x51\xdd\xd8\
\xde\x61\x13\xc2\xcd\x5e\x51\x53\x38\x7f\x6d\x6d\x97\xc5\x1b\xea\
\x47\x84\xa2\x25\x25\x49\x8b\x70\xb6\x87\x99\xba\x2a\xe8\xa6\x6f\
\xcc\x33\x03\xde\xb5\x41\xf2\x6c\x90\xa8\x45\x0f\xe9\x1d\x7e\xe3\
\xe2\x23\xfb\xad\xda\x99\x81\x4c\xa4\x6c\x61\xfa\xe2\x4d\x65\xb3\
\x96\x57\x0e\x89\x5b\x30\x88\x08\x8a\xec\x8a\x21\x16\x3b\x68\x4a\
\xa4\x21\x12\x89\xb0\xfa\x8d\xe6\x94\x9d\xe6\x38\x52\xd6\x5b\x96\
\x8d\x95\x7b\x60\x41\x90\x36\x41\x47\xbb\x0a\xfa\xd8\x2b\x61\xdf\
\xf4\x7c\x28\xb3\x2b\x99\xa3\x83\x79\xdc\x38\x9b\x29\xad\x2e\x2f\
\xa1\x85\x02\x32\xa5\x80\xef\x92\x96\x0b\x57\x84\x86\x9f\x3c\x8b\
\xa6\xeb\x35\x6b\xc5\x8c\xc3\x3c\x33\x55\x26\xa3\x1a\x84\x0e\x04\
\xea\x00\x25\x36\xb3\x57\x1c\xd7\xcd\xf8\x17\x45\xd6\x8f\x3e\x9e\
\x48\x5a\x81\x7d\x8e\xfd\x50\xdb\xf7\xc4\x8d\x62\x49\xb9\x21\x47\
\x4b\x1d\xac\x4f\xcf\x7f\x6f\xdc\x97\x80\x98\x3c\x4d\xd4\x48\x56\
\x53\xad\x6c\x37\x6e\xd4\x9c\x78\xbd\xe6\xe8\x4d\x0a\x49\x25\x02\
\x66\x7d\x7d\x09\x4d\xd5\x77\x0b\x0b\x66\xb1\x44\x75\xc9\x31\xd2\
\x10\x57\x8a\xe0\x5f\xcb\x8c\x14\xd7\x6d\xf0\x9c\x3b\xff\xf4\xd8\
\x57\xb9\xf6\xc0\xfc\xf9\xf3\x23\xaf\xbf\xf9\xe6\x45\xb6\x63\xc7\
\x54\x59\x66\xde\xb2\xdd\x09\x14\x04\x34\xaa\xe1\xba\x69\x33\x3b\
\x8e\x03\x6f\xe9\x9f\x1e\x7e\xf8\xed\x9d\x99\xdf\xdc\x73\x76\xab\
\x44\x31\x6d\x02\xd7\xbf\xb2\xe0\xf2\x26\x2e\xdc\xc9\x01\xac\x6f\
\xf0\x23\xcb\xbe\x9b\x30\x37\x39\x31\x9b\xdf\xe5\x3f\x9a\x6f\xa5\
\x60\x34\xdf\x05\xc1\x35\xed\xce\x31\x71\xf6\x15\xc7\x0e\x9c\xd1\
\x39\x16\x68\x97\x4b\x2f\xfb\xa2\xa6\x49\xf8\x17\xbf\x58\x3e\x60\
\xf1\xc6\xc4\xd1\x06\xe1\x22\x44\x50\x20\x18\x8a\x42\x32\xa5\x33\
\x83\x32\xa0\x8a\x20\x7b\x36\xc8\xae\xb1\xe5\xf1\x4b\x0e\x98\x20\
\xb7\xb1\x60\xb6\x37\xb0\xb8\x6b\x4d\x5f\xbc\xb9\xe4\xbd\xf9\x5b\
\x8e\xaa\x89\x5b\xe5\x9e\xac\x71\x81\x70\x0c\x92\xc9\x34\xc8\x68\
\xf8\x6c\xcd\x6d\xf3\x81\x92\x8d\x4c\xa3\x91\xc6\xe3\x8e\x2a\x60\
\x19\xab\x03\x61\x52\x07\xdd\x9c\x35\xd0\xcf\xaa\x80\xbd\xcd\x25\
\x50\x62\x55\x03\x8f\xc6\x36\xf6\x61\x14\x28\x4b\xb1\x47\xa3\x9c\
\x45\xf1\x6d\x02\x49\xae\x60\x63\xd1\xd5\x93\x5e\xd3\xca\x7a\x30\
\x86\x89\xa6\x85\x9f\xc7\xea\xdf\xff\xcb\x85\x9a\x9b\x8a\xaa\x6e\
\x9a\x19\xda\x8a\x00\x60\xda\x8e\xaf\x62\xa9\x61\x48\xb9\x32\x24\
\x89\x00\x85\x03\x0f\x7b\xa7\xd3\xe8\xbb\x17\xb7\xd7\xa8\x6d\x6b\
\x1c\xc8\xff\xd9\xa3\xc9\x45\xd3\x63\x89\x4f\x1f\x1f\x45\xd2\x0d\
\x1d\xe3\x10\x84\xa9\x6b\x68\x7d\x8f\x91\xa3\x3e\x1a\x73\xd9\x55\
\x2d\xe8\x58\x71\xac\x6e\xbf\xe5\xf6\xf3\x78\x41\xe8\x83\xce\x07\
\x7f\xc3\xdb\xfd\x71\x14\xd7\xcb\x14\x70\x79\xf4\xfb\x47\x9f\x78\
\xe2\xfd\x5f\x14\x50\xf0\x61\xee\xf8\xe7\xf7\xc7\xac\xd7\xd5\x11\
\x08\x14\xe6\x71\xc2\xda\x05\x1c\x98\x4c\x16\x6f\x36\xaa\x9c\x55\
\xbb\xd0\x85\x8c\x2a\x85\xe8\x59\x20\x73\x66\xd3\x09\x43\x4a\xdf\
\x39\x65\xff\x5e\x9b\xda\xfb\x62\x6d\x9d\xbf\x74\x63\x5d\x78\xc2\
\x27\x2b\x4e\x37\xa8\xdc\x33\x61\x71\xa0\x06\x23\xcc\x3d\x89\x5e\
\x27\x57\x4f\x41\xe7\xa8\x38\xff\xcf\x63\x87\x7f\xb0\xab\xf7\xc2\
\x45\xf0\xf7\x4f\x97\xf6\x9f\xbb\x2e\x79\x72\x82\x88\x01\x39\x18\
\xcb\x18\xf6\xbe\x9a\x94\xab\x7e\x61\x2c\x81\xa5\x71\xb8\xbe\x7a\
\xe4\x82\x03\x31\xa7\x12\x06\xe8\x8b\xa1\x9f\xb3\x12\x7a\xd9\x15\
\x50\x40\xea\x41\x60\x5a\x29\x07\x0e\xc6\x2c\xd0\xf9\xc1\xae\x22\
\x83\xee\xf0\x46\xc1\xd8\x47\x9f\x8d\xf4\x3f\x28\x99\xfb\xbc\x15\
\x7f\xbd\xec\x30\xa5\x6e\xc5\x11\x41\xaa\x83\x40\x4c\xbf\x30\x0e\
\x4b\x79\x05\x11\x12\x36\x05\x4f\x29\x00\x22\xc7\xa0\x78\xf4\x03\
\x0f\x87\x7b\xec\xe5\x17\x87\xfc\x48\x47\xd5\x07\x4f\xf4\xb2\x16\
\x7f\x34\xb6\xde\x00\x78\xeb\x87\x9a\x9a\x43\xc7\xde\xfa\xfe\x49\
\x67\x8d\xd9\x9c\x7f\xf9\x9b\x6e\xb8\x69\xb4\xe3\xd0\xfe\x8a\x22\
\xa1\x11\xba\x5b\x81\x82\xf7\x46\x95\x2b\x10\x8a\x30\xaf\x60\x30\
\xa0\xcd\xbe\xff\xc1\x07\xa7\xb6\xf7\x95\x77\xab\x44\xc1\x87\x79\
\xfe\x3f\xcb\xf6\x9a\xb1\xde\x3e\x9b\x88\x19\x77\x28\x75\xc1\xb5\
\x5d\x08\x6b\x01\xe6\x71\x42\xd7\xa2\x20\xc9\x4c\x8d\xc0\x9d\x16\
\xab\xe5\x3c\x23\x05\x1d\x24\xa7\xea\xe2\x91\x65\x6f\x0c\xe9\x53\
\x92\x68\xef\x4b\x6d\xef\xfc\xda\x78\x5a\xfe\xc3\x9b\xdf\x8f\x4e\
\x4b\xb1\x5e\x69\x8a\x04\x72\x2e\x23\x38\xc0\x9d\xbd\x8b\x62\xce\
\xfa\xf3\xd8\x61\x9f\xfc\xb7\xf7\x5b\x57\x13\x57\x1f\x7c\x77\xd9\
\x99\xba\x58\xd8\xc7\x11\x44\xe6\x3d\x93\x3d\x0a\x11\x99\x07\xd3\
\x6c\x02\x41\x12\xc1\x66\xcd\x48\xb1\x4e\xc3\x2f\xbf\xc5\x54\xff\
\x32\x6b\x3d\x1c\x90\xfe\x06\xfa\x39\x8b\xa1\x84\x6e\x02\xcd\x4d\
\x00\xa1\xaa\xef\xd8\xc0\x8c\x62\x4c\x3f\x71\x79\xb0\xc4\x22\x0a\
\xfb\x9d\xf6\x4a\xd7\x93\xae\x5e\x97\xff\xac\x95\xef\xfe\xb9\x5c\
\x5a\xf4\xde\x18\xce\x4c\x83\x2a\xa1\x27\xce\xa7\x1c\x72\x88\x0e\
\x82\xc8\x81\x4b\x3c\xd0\x3d\x0d\x0a\xce\x7b\xfc\xf1\xc8\x5e\x87\
\xfe\xa8\x63\xdb\xb4\x70\x7a\x41\xd3\xd4\x27\xaf\xad\x6c\x4c\xc0\
\x87\xcb\xb7\xd4\x8c\x3c\xff\x8e\xf7\x8e\x3d\xf3\xbc\x56\xc9\x87\
\x37\x5d\x7f\xcb\x39\x1e\xc7\xf5\xf3\xe3\x4b\x7e\xd9\xc1\x8f\x75\
\xe4\x07\x5f\x99\xee\x92\x29\xb7\xc6\xf1\x0b\x04\x03\xdf\xfc\xe1\
\xfe\xfb\x7f\xfe\x0a\xc7\xfc\x17\xfe\x76\x45\x6d\x0c\xed\x14\xcb\
\xe3\x64\x4f\x10\x99\x9b\x56\x53\x54\x70\x52\x26\xf3\x56\xa1\x21\
\x9d\xb6\x4d\x10\x82\x51\x30\x2d\x1b\x44\xe2\x42\x71\x50\xac\x1f\
\x7b\x40\xec\xd5\x7d\xcb\x8b\x77\xd8\xde\x99\xc5\x38\x28\xe5\x44\
\x3e\xc3\x23\x92\xc3\xff\xb4\xad\xc1\x9f\xbf\xba\x36\xfa\xfc\xd7\
\x9b\x2f\x6f\x70\x84\x60\x96\x33\x8a\xa3\x3c\x74\x55\xf4\x99\x7f\
\x1e\x3b\xf4\xd3\xfc\xcf\xa1\xeb\xd5\x26\x84\x47\x9e\x29\x19\xd7\
\xec\x4e\xdc\xa3\x3a\x6e\x4a\x77\xbf\xb5\xe4\xa4\x7a\x57\xdc\x47\
\x0d\x86\x41\xc4\xe0\x85\x63\x80\xc4\x5b\x8c\x8b\xcb\x93\x23\x60\
\x3b\x1e\xc8\x68\xf8\xb3\x20\x2c\x0f\xdd\xcc\x0a\x38\x3c\x31\x95\
\x01\x25\xc8\xd7\x82\x40\x4d\xa0\x54\x05\xe0\x65\xb6\xd8\xd1\x75\
\xec\x11\x09\x1a\x42\x58\x1e\x3a\x4f\x00\x00\x20\x00\x49\x44\x41\
\x54\x5d\xbf\xee\x73\xe3\x6b\x5f\xb4\xf5\x1c\xe9\xa5\xd3\x0b\xe2\
\x6f\xdf\x3e\x2e\xe4\x51\xc5\x36\x75\x10\x30\x4e\xe4\xda\xc0\x0b\
\x0e\xb3\x5b\xd0\x85\xe2\x09\x11\xd8\x22\x75\x9d\xde\xfb\x86\xd7\
\xbf\xe2\x65\xf9\xbf\xf0\x39\xb5\x1c\xa9\xba\x69\x6f\x94\x6d\xf9\
\xe2\xa5\x2b\xd2\x1e\xc0\xd4\x15\x5b\x6a\x0e\x38\xef\x96\x77\x8f\
\x3b\x6d\x4c\xab\x02\xa9\x1b\x6f\xb8\xe9\x5c\xe0\xb8\xbe\xf8\xe9\
\x9f\x1a\x28\xe1\x68\x64\xfa\xbd\xf7\xde\xfb\x65\x7b\x81\xb9\xdb\
\x25\x4a\x4a\x27\xfc\xed\x6f\x2d\xbd\x34\xcd\x49\x9d\x92\x16\x01\
\x6c\x33\x80\x3e\x7c\x45\xf0\x1b\x6e\xa2\xdd\x82\x76\x42\x8a\x3a\
\x80\xea\x6a\xa1\xc0\xa7\xcf\x1a\x5e\xfc\xca\x91\x83\xca\xaa\xb7\
\xb5\x20\x37\x54\xc7\x95\xe9\x4b\x37\x77\x9b\xb7\xa6\x76\x2f\x0b\
\x82\x5d\x09\xa5\xb2\x8a\x13\xee\x1a\x46\x90\x23\x95\xfd\x3a\x17\
\xae\xed\xd7\x29\x5c\x39\x62\x40\x97\x36\x19\x37\x10\x5c\x8f\xbc\
\xb3\x60\xd8\x1a\x5d\x3a\x19\x03\x5f\x80\x04\x0a\x94\x87\x2e\x9a\
\xfd\xcd\x83\x17\x0c\x6d\xb5\xdb\xfc\xfe\xe5\xaf\x7f\x53\x47\xb4\
\x81\x44\x94\x3c\xd3\x48\xeb\x45\x21\x65\xcd\xbe\x3d\x63\x2b\x4f\
\x1a\xde\x6d\x73\x48\x6e\x6d\x00\x67\x27\xa1\x3e\x65\x8a\xbf\x9f\
\xb2\xec\xcc\x5a\x9d\xf6\x27\xae\x0c\x41\x8c\x5e\xa7\xea\x20\x14\
\x0e\x82\x6e\x51\x50\x65\x91\xb9\x6b\x59\x22\x8f\xa7\x41\x4f\x63\
\x35\x1c\x17\x7f\x17\xfa\x90\xa5\x00\xa2\x09\xe0\x59\x20\xba\x14\
\x5c\x82\x58\x09\x42\xda\x74\x41\x09\x14\x6e\xea\x30\x7e\xe2\xa4\
\x6d\xb5\x8f\x23\x66\x8a\xaf\xfc\xcb\x69\x97\x85\x48\xbc\x4c\xa2\
\x98\x56\xc2\x83\x45\x5c\x10\x55\xbf\x95\x1d\xb8\x98\x6d\x20\x81\
\xa0\x15\x7a\xf5\x54\x9d\xa3\xf5\x3d\x78\x95\x18\x89\x39\x2e\xb1\
\x39\x8f\xb8\xbc\xc0\xf3\x9c\xd8\x75\x60\x63\xf1\xd0\xdf\xb4\xea\
\x8b\x62\xd6\xae\x93\x2d\x3d\x25\x85\x4b\xfb\x18\xbc\xaa\xb6\x10\
\x03\xc6\xa6\x15\x6a\xc3\x9b\xf7\x9f\xd6\x58\x57\xd9\x2f\xe1\x49\
\xf0\x71\x45\x4d\xf5\xc1\x63\x6e\x79\xf7\xb8\xd3\xcf\xdd\xd2\x86\
\xea\x35\x06\xc0\x2b\xc7\xdf\xff\x98\xd2\xc4\x07\x5e\xcb\xbb\x65\
\x25\x0a\xda\x28\x78\xc4\x3a\x14\x7e\x7e\xe7\x9d\x77\xce\xf8\xc5\
\x01\x05\x17\xe5\x8d\x93\xe6\x9e\x5a\x6b\xc9\x43\x1c\xc1\xaf\x5d\
\xd6\x64\x85\xd5\x7a\xa3\xea\x85\x2a\x8f\xa4\x2a\xe0\x29\x18\xd9\
\x4b\xd2\xfd\xcb\xd4\x77\xc6\x1d\xbb\xd7\xd2\xb6\x40\x82\xee\xdc\
\x67\x3f\x5a\x3a\x78\xf6\xea\xea\x43\x22\x1d\x8b\x8a\x1a\xd2\x16\
\x80\x88\x92\x88\x40\x38\xa8\x02\xb5\xd3\xa0\x60\xa4\x18\x77\x6c\
\xea\x98\xc5\x11\x75\xd1\xf5\x27\x0e\xf8\xb4\x2c\x16\x6a\xc5\xe7\
\xb4\xb9\x31\x25\xfd\x71\xca\xf2\x71\x0e\xf1\x0a\x81\x57\xd9\x62\
\xec\x1c\x74\x66\xfc\xf1\x82\x61\x9f\xe7\x0f\xe2\x5d\x2f\xcf\x3b\
\x79\x65\xbd\x3d\x54\x2e\x2c\xe1\x08\x25\x2c\x2e\x11\x0d\x46\x6d\
\xde\x4e\x6e\xd9\xbb\xc4\xfb\xee\xea\x13\x07\x2c\x55\xb7\xe1\x00\
\x98\xbb\xba\x36\x3a\x71\xc6\x86\x8b\x1b\x4d\x39\x2a\x06\x0a\xc0\
\xb4\x31\x17\xcf\xa7\xd9\x91\x44\x8c\xdc\x63\xc0\x8e\x82\x40\x65\
\xe8\xab\xaf\x86\xa3\x13\xef\x42\x4f\xb2\x12\x6c\x11\x55\x51\x02\
\x11\xac\xf1\xc0\x71\x92\xa2\x00\x6a\x91\x6d\x0e\x3b\xe3\xa5\xb2\
\xa3\x2e\xdc\x66\x19\x2b\x5e\x77\xfd\x63\x67\x9f\x1b\x88\xaf\xeb\
\xab\x71\x06\x4b\xf1\x41\xab\x10\x23\xfe\x28\x91\x82\x8a\x0c\x26\
\xb6\xd2\x0e\x47\x98\xfd\x14\xb7\x2c\x08\x06\x03\x9e\x6b\xd9\x9e\
\x20\xc8\x1c\xc7\x69\x5c\x5d\x61\xdf\x4f\xfa\x8f\x7f\x7a\x56\xfe\
\x38\xac\x99\x78\xe3\x41\xc2\xe6\x45\x87\x2a\x40\x0c\x4f\x0e\x34\
\x34\x82\x52\x4f\xa3\x65\xba\x99\x4e\x49\x1d\x8c\xc6\x3e\x56\x53\
\x7d\x69\xb4\x43\x11\x54\x34\xe9\x30\xf9\x87\x4d\x5b\x4e\xbc\xfa\
\xfe\x77\x8f\x3e\xe9\xcc\xea\xfc\xeb\xdc\x76\xe3\xf5\xe7\x51\x0f\
\xfa\xb4\x77\xb1\xee\xcc\xf9\xf9\x40\x61\x1e\x54\x8e\x83\xac\x31\
\x5f\x5a\x5a\x32\xf5\x96\xdb\x6e\x9b\xbd\x33\xd7\xca\x3d\x67\xb7\
\x4b\x14\xbc\xd9\xc4\xcf\x97\xf5\xfe\x72\xad\x73\xbe\x18\xea\x00\
\xa9\x44\x02\xb0\xd7\x07\x7a\x3b\x30\xd2\x8e\x38\xb7\x6c\x1b\x40\
\xe2\xa0\x34\x48\xe6\xff\xe9\xec\xc1\x1f\xa8\x6d\xb8\x7e\xeb\xe3\
\xa6\xf8\xe7\x0f\x2a\x7e\x93\x72\xc5\xe1\x69\xc7\xe6\xe3\x8e\x0d\
\x52\x30\x0c\xc4\x95\x40\x55\x03\x60\xeb\x49\x26\x9d\x54\xd9\xcf\
\xf3\xc2\xe0\x92\x26\xb8\xa0\x91\xe4\xe2\x27\x2e\x39\xf0\x9d\xb6\
\xae\x79\xcb\x1b\x3f\x9c\x50\x9f\x74\x87\x03\xc8\xe0\xba\x1c\x74\
\x0e\x9a\x5f\x3f\x30\x76\xdf\x2f\xf2\x07\xf1\x8f\x6f\x7c\x7f\xda\
\xfa\xb8\x30\x38\x85\xa9\x8b\x18\x2a\x11\x45\xe0\x5d\x1e\x88\xa9\
\x83\x2a\x38\x4e\x90\x37\x56\x8c\x3b\xa6\xef\x27\x83\x7a\x96\xb4\
\x30\xac\xb3\xd7\x79\xec\xfd\x79\x43\x96\xd7\x6b\xa7\x6e\x49\x51\
\x50\xc3\x41\x9f\xa6\x87\x3a\xe0\x12\x8b\xa9\x44\x32\xd5\x21\x66\
\xdb\xd0\xcf\x5c\x09\x87\xa6\x3e\x83\x4e\x64\x03\x18\x82\xcc\x08\
\xe8\x24\xbb\x89\xa9\xaa\x89\xb4\x07\x5e\xd7\xe1\xd3\xbb\x5e\xfd\
\xc2\xf6\xd5\x06\x4a\x61\xf5\xf3\xbf\x1d\x19\xaa\x5d\x70\xb8\x62\
\x37\x02\xc1\x14\x7e\x25\x04\x8e\x17\x00\xcb\x22\x10\x42\x66\x49\
\x62\x80\x67\x27\x99\xef\x51\x0e\x16\x30\xd0\x3a\x7a\x13\x08\x02\
\x66\xf5\x06\x40\xef\x7b\xcc\xbb\x3d\x2e\x7c\xf0\x87\xfc\x71\x58\
\xf2\xf8\xb9\xbf\x29\x4e\x6f\x3c\x58\xb4\x75\x48\x11\x0e\xc4\x70\
\x21\x34\x10\x0f\x42\xaa\x02\x5a\x3a\x05\xd4\x21\x60\x08\x0a\xac\
\x4b\x79\xde\x27\xeb\xf5\xca\x23\x2f\xb9\xfd\xfd\x63\x4e\x3c\xad\
\x26\xff\x3a\xb7\xdf\x74\xfd\x58\x4a\x69\x2f\xfc\xfd\x36\xc9\x41\
\xda\xbb\x92\x33\xe7\xef\x08\x28\x9d\xbb\x74\xfe\xf0\x86\x1b\x6f\
\x9c\xd7\xde\xcb\xff\x24\x40\x99\xbb\xaa\x3a\xfa\xec\xd7\xd5\xe3\
\x1b\x52\x20\xc7\x0a\x22\x60\xa4\x53\x20\x49\x99\x74\x14\x07\x00\
\xbd\x1f\xbc\xe8\x24\xaf\x3a\xb8\xe8\x85\xfd\xfa\x74\x6c\xb5\xd8\
\x52\x26\xe1\x1f\x7c\x77\xd5\xb1\x6b\x1a\xdc\xe1\x3c\xc7\x73\xd8\
\x42\xcd\xa4\x0e\x63\x05\x44\x96\x75\x41\x90\xc0\xb5\x2d\x16\x2f\
\xc0\x5c\x26\x46\x83\x23\x2b\x20\xa1\x97\xcd\x6a\xa4\x87\x74\x91\
\xdf\xba\xf2\xf8\xbd\x57\xe4\x4b\xa9\x57\xbe\xae\xe8\x3e\x7d\x65\
\xe2\x22\x0c\x9c\x11\x07\xa0\x7b\xc8\xfe\xea\x81\xf3\x87\x4d\xcb\
\x1f\xc4\x5b\x9f\x9f\x7e\x5a\x8d\x1b\x1a\x0c\xa1\x02\x96\x40\x89\
\x0c\x24\x22\xa6\x91\x60\x7a\x8c\x6b\x43\x48\xe6\xc1\x4a\x35\x6c\
\xbc\xea\xf8\xf2\xc9\xc3\x7a\xb5\x76\x3e\xd4\x26\x74\xf1\xbe\xc9\
\x2b\xaf\x48\x08\x05\xc5\x49\xdb\x27\xd5\x90\x3d\x07\x02\xaa\x04\
\x26\x49\x83\xe6\x36\x41\x27\xb3\x0e\xfa\xd9\xab\x60\x5f\x63\x16\
\x8b\xa5\x60\x2e\x1c\x4b\x0b\x71\x13\xc0\x49\x1a\xb8\x81\x2e\x5b\
\x82\x63\xfe\xf2\x52\xb0\x53\x9f\x1d\x92\x0d\x6f\xfc\xf8\xef\x3d\
\xb9\xb9\x93\x2e\x08\x38\x75\xec\x59\x89\x27\x82\x20\x47\xc1\xb1\
\x5c\xe0\x70\x9c\x64\x0f\x24\x30\x58\x3a\x4b\xc2\xf4\x93\x49\x35\
\xd9\xcf\x8b\x4b\x9a\x1e\xd8\x83\x47\xbd\xd9\x79\xd4\x9d\xcb\xf3\
\xc7\x61\xc5\x93\xa3\x8f\x09\x37\xae\x19\xa1\x10\x4c\x6e\x2c\x80\
\x06\x4c\xfe\xd4\xb0\xc2\x91\x82\xa8\x9b\xa0\x68\x21\x68\xf4\x54\
\xf8\x66\x6d\xad\xf7\x5d\x93\x5a\x79\xf2\x55\xf7\xbe\x7b\xc4\xb1\
\x27\xd4\xe5\x5e\x07\x41\x79\xd7\x6d\x37\x5e\xe4\x12\xda\x1d\x3d\
\x9f\xdb\x28\x28\x6d\xef\x3a\xde\x7a\xfe\xf6\x80\x82\xf7\xee\xde\
\xb3\xc7\xbb\xd7\x5e\x7b\x6d\xab\x4d\x60\x47\x37\xfc\x49\x80\xd2\
\x90\x32\x85\xdb\xdf\x58\x7a\x71\xda\x0d\x74\xc6\xc9\x71\x29\x01\
\xcb\x4a\x03\x2f\x89\x40\x5d\x1e\x02\x0a\x07\x3d\x63\xe4\x3f\x77\
\x9e\xb2\xf7\xb7\xf9\x8b\x19\x6b\xf0\x1f\x78\x6b\xde\x21\x8b\x6b\
\xe8\x51\x81\x48\x19\x8b\x02\xe3\x4e\xab\xa8\x98\x84\x68\x82\x26\
\xc9\x60\xe8\x16\x9b\x74\x9b\x10\xf0\x78\x19\x28\x2f\x02\x27\x07\
\xc1\x32\x75\x08\x8b\x2e\xa8\xe9\xaa\x55\xcf\x8d\x3f\xfc\xf5\xfc\
\x6b\xcf\x5b\x53\x17\x7e\x66\xfa\x86\xf1\x16\xa7\x22\x89\x08\xf4\
\x0c\x5a\x5f\x3e\x78\xfe\xd0\xe9\xf9\x83\x76\xf7\x2b\x33\x4f\xab\
\x73\x02\x83\x1b\x88\xef\xe0\x55\x14\x0d\x8c\x94\x01\x41\x05\x4b\
\x9d\x2d\xac\xac\xf1\xd3\x59\x48\x7c\xe3\x23\x17\x0c\x9f\x54\x1c\
\x0d\xb4\xa2\xc2\xb9\xf9\xe5\xd9\xc7\x54\x9a\xc1\x11\x34\x10\x61\
\xd2\x2e\x2c\x70\x60\xa4\xe3\x20\x2a\x22\x84\x48\x03\xf4\xb4\xd6\
\x41\xb9\xb3\x02\xf6\xb2\x17\x42\xb1\x5d\x05\x02\x15\x99\xa1\x2b\
\x48\x04\xe2\x5c\xd8\x73\x07\x9f\xfb\x4a\x8f\x53\xc6\xef\x54\x8b\
\xb8\xfa\x1f\xbe\x28\x24\x9f\x3e\x3c\x8e\x6f\xda\x20\xc9\x98\x7f\
\x95\xc2\x3c\x32\x85\xb5\x89\x50\x05\xa4\x17\x32\xc1\x71\x4c\xcc\
\xed\x00\x10\x82\x2c\x03\x59\x14\x1d\x70\x71\xe3\x41\xd6\xc7\x7d\
\x47\xbd\x5e\x76\xda\xad\xad\x82\xae\x4b\x9e\x18\x73\x7c\x24\xbd\
\x71\x7f\x48\x60\x57\xae\x0e\x90\xd6\x31\xcf\x0c\xf3\xee\x6c\x90\
\xb1\xab\xb0\xa8\x41\x03\x1f\x81\x79\xd5\x86\x37\xbb\x5e\xaa\x3c\
\xf1\xaa\xbb\xa7\x8c\x3c\xa2\xa5\xad\x83\x1b\xd9\x3d\x77\xdc\x7c\
\x19\x21\xb4\x73\x4b\x92\x8f\x1d\x2d\xd5\x9d\xfb\xfb\x8e\x80\xd2\
\xb7\x6f\xf9\xe4\x71\xe3\xc7\x2f\xd9\xb9\xab\x35\x9f\xf5\x93\x00\
\x85\xd9\x29\x2f\xcd\x39\xa6\x91\xc6\x46\x20\x2d\x2c\x86\xce\x94\
\x80\x04\x96\x63\x83\x80\x29\x19\x4e\x3c\x75\xfb\x09\xbd\x9f\x1b\
\xd0\x25\xd6\xaa\x98\xe6\xdf\x73\xd7\x75\x7c\x77\x61\xc3\xc5\x3a\
\xa7\xca\x58\xbc\x84\xcc\x6b\xa8\xb6\x48\x22\xd6\x8e\x5b\xe0\x62\
\x2e\x57\x28\x02\x69\xc3\x04\x0e\x19\x4d\x04\x09\x1c\xca\x83\x4e\
\x31\x6b\x58\x04\x91\x58\x10\x20\x8d\xc9\x17\xae\x3c\xe8\xb1\x7c\
\xa0\x54\xc5\x75\xf1\x8e\x29\xcb\xaf\x36\xb9\x40\x01\xba\xac\x7b\
\x85\xed\xe9\x0f\x9d\x3b\xb4\x95\x6a\x73\xef\xab\x33\x4f\x5d\x9f\
\xe2\x86\x10\x25\xcc\xd2\x48\x30\xb7\x8b\x47\x82\x38\x4c\x8a\x04\
\x8f\xf9\xe9\x05\x4c\x8b\xb1\x13\xb4\x47\x44\xff\xe4\xf7\xa3\x47\
\xcc\xce\xbf\xd7\xeb\x5f\x57\x74\xff\xbc\xc2\xbe\x08\x83\x7d\x2e\
\xa5\x10\xc6\x00\x09\xf2\x64\x01\x07\x05\x76\x0d\x94\x5b\x4b\xa1\
\x0f\x59\x06\xbd\xc8\x0a\x28\xb4\x6b\x40\x41\x1d\xcf\xe3\x41\x07\
\x0f\x52\x45\x7b\xcd\xee\xf5\xbb\x49\x53\x31\x4b\x3a\xf7\x20\xa9\
\x06\x9e\x57\x23\x94\x17\x5b\xfe\xde\xa8\xde\xa0\x6c\x7a\xfe\xa2\
\x2b\x4b\xb9\xa6\x98\x61\x12\x50\x03\x11\x70\x1c\x02\xc4\x34\x21\
\x16\x52\x40\xd7\x53\x4c\xe5\xe1\x25\x4c\xab\x14\x59\x9e\x9c\x24\
\x7b\x4c\x05\x16\xa4\x30\xd8\x83\xcf\x7a\xb5\xec\xb4\x1b\x2a\xf2\
\x17\xd3\x9c\x3f\x9d\x71\x6a\x29\x6d\x18\x12\x70\x0c\xf0\x08\x05\
\x4c\xfc\xe5\x3d\x1d\x38\xcc\x93\x43\xea\x28\x39\x0a\x9b\x6c\x19\
\xe6\x54\x19\x74\x5e\x42\xad\x1c\xf5\xbb\x3f\x4e\x39\xe8\xb0\x91\
\x8d\xb9\xd7\xc1\x4d\xe2\x9e\xbb\x6f\xb9\xca\x23\x62\x49\x73\xde\
\xd8\xee\x73\x0f\x67\x6d\x94\x4c\x6e\x9e\x37\x64\xc8\xe0\x7f\x5e\
\x70\xd1\x45\x3b\x95\x79\xf1\x93\xdb\x28\x78\xc3\x09\xff\x59\x5e\
\xfe\xed\x5a\x32\x86\xe5\xdc\x4a\xa8\x0e\x60\x5a\xb9\x07\xae\xeb\
\x41\x57\xcd\x99\xf1\xe7\x31\x43\x3f\xcf\x5f\x5c\x09\xdd\xe6\xef\
\x78\x73\xfe\x98\x38\x95\x7a\x33\xca\x1b\x4f\x06\x9e\xa2\xda\x83\
\xe1\xba\x34\xcb\xa1\xf2\x6b\x3c\x50\xb7\xf6\x8b\x99\xb2\x69\xec\
\xd9\x14\x19\x4c\x9a\x14\xf4\x7a\xfa\xd0\xf9\xc3\x1e\x2a\x8d\x06\
\x5a\x18\xf5\x29\xdd\xe6\x6e\x7e\x67\xd1\xf8\x46\x12\x28\x42\xa0\
\xf4\x8e\x90\xe9\x0f\x9d\x3b\xa4\x15\x50\xee\x7c\xf9\xab\x53\x6b\
\x6c\x75\x48\x9a\x93\xc1\xf1\x3c\x90\x44\x85\xc5\x82\x24\x41\x06\
\x8e\xa5\xde\xcb\x8c\xd9\xd1\xb3\xe2\x10\xf2\xea\xd7\xfd\xed\xca\
\xc3\x5f\x46\xaa\xd4\xdc\x63\xfa\xa2\xca\x0e\xaf\xcd\x8f\x8f\x4f\
\xbb\x22\x4f\x3d\x17\x34\xd7\x02\x11\xdd\xc2\x20\x41\x21\xa9\x82\
\xfe\xe9\x6f\x61\x00\xbf\x1a\x4a\x8d\xe5\x10\xa3\x4d\x20\x98\x14\
\x44\x2d\x0a\x75\x42\x24\x1e\x3b\xe7\xcf\x2f\x84\x7b\x0f\x6b\xb1\
\x89\xe0\xe6\xb3\xf4\xf9\x9b\x0e\x2b\x1e\x7c\xd8\xaa\xd2\x83\x4e\
\x6b\x61\xdc\x33\xbe\xe2\xc7\xce\x1c\x15\x8a\xaf\x19\xc0\xc8\xf5\
\x32\x5c\x03\x4c\x95\xf3\xfc\x21\x40\x0a\x55\x3c\xb6\x16\x98\x61\
\x8d\x09\x87\x79\xce\xaa\xe7\x1c\x70\xde\x2b\x1d\x4f\xba\xa6\x95\
\xf4\x5a\xf0\xd0\xd9\xa7\x17\x59\x5b\xf6\x09\x38\x69\x10\x79\x0a\
\x14\xb9\x10\xd0\x2b\xef\x52\x36\x16\x69\x57\x86\x7a\x31\x02\xdf\
\xac\x6b\xa4\x0b\x12\x6a\xe5\xf9\x37\x3f\x3c\x79\xf8\x88\x83\xe3\
\xb9\xe3\x90\x4a\xa5\xf8\x87\x1f\xfe\xe3\xd5\x7a\xca\x2d\x44\xe7\
\x82\xc0\xd2\xca\x76\x1f\x50\x30\x58\xcb\x38\x88\x31\xab\xda\x75\
\xdd\x11\x07\x1f\xf4\xca\xa8\x51\xa3\xda\x45\x55\xc4\xc6\xe9\xc7\
\xa6\x54\xdd\x96\x48\x9b\xb9\xa2\xba\x60\xd2\xd7\xd5\xbf\x35\x89\
\x20\x78\x12\xe6\xbd\x3a\x60\xda\x06\xa8\x9a\xe8\x5e\x3d\xa2\xf4\
\xe9\x11\xfd\xca\x5a\x0c\x28\x5e\xe7\x95\x69\x15\xbd\xbe\x58\x5d\
\x37\xd6\x42\x92\x38\x56\xd3\xe2\x33\x18\xa2\x97\x48\xc2\xb4\x74\
\x40\x7e\x2b\xdf\x20\xcc\xe5\x87\xca\xfe\x0e\xaf\x81\xfd\x09\x03\
\x9c\x09\x57\x1c\xd2\xf5\xa9\x03\x07\x74\x6a\xb9\xbb\x11\x0a\xd7\
\xbf\x36\xef\xaa\x06\x37\x50\x82\xeb\xa7\x57\xc4\x99\xfe\x60\x1b\
\x40\xb9\xef\xf5\x59\xa7\x56\x1b\xf2\x90\x34\x26\xb6\x0b\x7e\x59\
\x29\xef\x0a\x8c\x37\x18\xa5\x09\xa6\xee\xbb\x94\x67\xe0\x8d\x09\
\x8d\x6b\x1e\xbf\x64\xe4\x2b\xf9\x40\x99\xb9\xb4\xb6\x70\xc2\xcc\
\x2d\xe3\x53\x84\x17\x24\x59\x84\xa0\x6b\x82\x8b\x01\x57\x50\xa1\
\x93\xbb\x19\xf6\x33\x67\x40\x2f\x67\x31\x14\xb8\x9b\x21\xca\x5b\
\x10\x12\x35\xd8\xd8\x64\x01\x3f\xfc\xac\x37\xba\x9f\x75\xd7\x8a\
\xfc\x71\x4d\xae\xfe\x3e\x54\xff\xe6\xbd\xd7\x41\x49\xcf\x2f\x7a\
\x5c\xfe\xe4\xcc\xfc\xbf\x6f\x9e\x74\xe3\xbe\xc1\x95\x9f\x9d\x84\
\x85\x57\xac\x12\x94\x95\x2d\xf8\x95\xa6\x78\xf8\xa4\xdc\x7e\x85\
\x24\xfb\x8f\x05\x6b\xd8\x67\x1e\x34\xea\x1c\x70\xfe\x2b\x1d\xdb\
\x08\x66\x2e\x78\xe8\xec\x33\x4b\xcc\x2d\x7b\x07\x9d\x24\xf0\x02\
\x05\xd7\x73\xfd\x74\xfe\x40\x10\xd2\x49\x1d\x1c\x21\x08\x09\xad\
\x18\x66\x56\xd4\xb9\xdf\x37\x89\x55\x63\x6f\xfd\xcb\xdb\xfb\x1d\
\x38\xa2\x45\x50\xb3\xb1\xb1\x5e\x7c\xec\xf1\xbf\x5c\xa3\xa7\x68\
\x04\xe3\xa7\x98\x19\xbd\xbb\x81\xc2\x6a\x6a\x78\x11\xed\x57\xeb\
\xd8\x63\x8f\x79\xe9\xb8\x13\x4e\x68\xe5\xb2\xde\x91\x2a\xf6\x93\
\x01\x05\xed\x94\x3b\x5f\xfd\xfe\x02\x8b\x0f\x75\xd3\x09\x80\xac\
\x89\xc0\x61\xeb\x00\x2b\x51\xfb\xc2\x45\xc3\x9f\x0d\xe4\xc5\x23\
\x74\x9b\x70\x37\x4e\x5c\x7c\x7e\x5a\xb4\x7a\x11\xb6\x23\xca\x98\
\x34\x0e\xd4\xf3\x77\x42\x04\x8b\x5f\x79\x8e\x3d\x3c\x7c\xbe\xb0\
\xec\x0e\x99\x7d\x69\xb6\x10\x38\x64\x61\xd4\xe1\xfc\xfd\x4b\xfe\
\x7a\xd4\xe0\xae\x2d\x0c\x4b\x0c\x24\xde\x32\x69\xce\xb8\x46\x1a\
\x28\x75\x11\x28\x05\xee\xf4\x3f\xb4\x01\x94\x7b\x26\xcd\x3c\x6d\
\x5d\x83\x3b\x18\x55\x2f\xd6\x79\x2a\x95\x02\x85\x57\x59\xc5\x20\
\x12\x91\x63\x21\x99\x2c\x72\x10\x80\x74\x72\xcc\x88\xa2\x49\x87\
\x0f\xea\xd5\xe2\x3e\xf8\x3c\xef\x7c\xbb\xb6\xd3\x47\xcb\xc9\xe5\
\x26\xbe\x03\x75\x40\x75\xd2\x20\xb1\x3a\x0e\x15\xba\x39\x6b\x61\
\x64\xea\x3f\xd0\xd5\x58\x08\x22\xa4\x40\x96\x38\xb0\x2c\x07\x48\
\xac\xe7\xf7\x5d\xaf\x79\xe3\x03\x31\xaf\xc1\x28\x7a\x0d\x57\x3e\
\x70\xe2\x19\x25\x6e\xe3\x20\x27\xd6\x79\x6e\xf1\xb5\xef\x7c\x94\
\x2f\x8d\x6b\x3f\x7e\xb6\x87\x30\x73\xc2\x85\x0a\x63\x76\x01\xb0\
\xb0\x8d\x1d\x1b\x41\xdb\x67\xe3\x04\xac\xe5\x41\xdf\xa9\x4f\xee\
\x81\xe5\x00\x1c\x96\x68\x83\xea\xda\x07\x5f\xf4\x4a\xc7\xe3\xc6\
\xb5\xda\x75\xe7\xff\x69\xd4\xa8\x12\xbb\x7a\x40\x08\x81\xc2\x8a\
\xcc\x28\x70\xac\x18\x2c\xc3\xd1\x15\x2c\x84\x0d\x06\xc0\x8c\x95\
\x35\xfa\x1a\x3b\x5a\x7f\xd9\xbd\x4f\xbd\x35\x60\xf0\xd0\x54\xee\
\x22\xdc\xb4\x69\x83\xf2\xec\xf3\x7f\xbb\xc6\x4c\x43\x90\xcd\x23\
\x63\xd3\xdf\xbd\x12\x85\x55\xad\xa2\xb4\x24\x24\x75\xce\x98\x73\
\xff\x71\xe0\x81\x07\xb6\xd8\x30\x77\x04\x92\x9f\x54\xa2\xe0\xc3\
\xde\xfc\x8f\x99\x27\x27\x20\x32\x0c\x02\x11\x56\x60\x55\x52\x14\
\x86\x10\x6f\xcd\x7b\xfc\xfc\x61\x1f\xb6\x52\x55\x7e\xa8\x2c\x7a\
\xe5\xdb\xba\xcb\x6d\xc1\x95\x5d\xde\xa7\x58\x45\x5f\x0d\x02\x25\
\x5b\x3f\xe1\xd7\x0a\x66\xb5\xa9\x6c\x45\xbe\xcf\x55\x95\x35\x14\
\x39\x9e\x07\xce\x49\x7a\xf7\x9d\xde\xf7\x91\xde\x25\xd1\x16\xb9\
\x4d\x08\xc6\x3b\x5e\x99\x7b\x55\xc2\x0d\x16\x63\x1c\xa5\x47\x94\
\x4e\xfb\xfd\x79\x83\xbf\xca\x1f\xb8\xfb\x26\x7d\x77\x7a\x83\x17\
\xda\x27\xee\x20\xe9\x1c\x32\x9a\x7a\x2c\xd5\x06\xe3\x1b\x9c\x48\
\x41\xe1\xb1\x74\xd9\x5c\x7b\xc1\x41\xdd\x3e\x1c\xd1\xbf\xa4\xcd\
\x20\xe7\x5d\x6f\x2d\x3a\x62\x7d\x5a\x3b\x2c\x61\x60\xd9\xb1\x00\
\x61\x81\x80\x48\x6c\x10\x5c\x0f\xba\xa5\x56\xc0\xd1\xd6\x27\xd0\
\xd5\x5a\x06\x72\x50\x85\xb8\x6e\x02\x1f\x8c\x5a\x81\xa3\x6e\x98\
\xd0\x61\xdf\xe3\x5b\x05\xfe\x36\xfc\xfb\x85\xee\xca\xdc\xd7\xcf\
\xe7\x53\x5b\x44\x29\x5c\xd0\x10\xb9\xf6\xc3\xbf\xf1\x91\x0e\x2d\
\x2a\xa0\x92\xcb\x66\x45\xec\xb7\x6f\x1a\xa7\xd8\x69\x0d\x0d\x5c\
\x53\x90\x99\x6b\xdb\xa7\x34\xc5\x37\xcc\x24\xa5\x66\xc0\x82\x59\
\x00\x2c\xde\x80\x7c\x94\x23\x2e\x7d\xa5\xe4\x84\xd6\x40\x99\xf3\
\xd0\x19\xa3\xcb\xac\xda\xfe\x21\x27\xe1\x13\x36\x20\xab\x25\x96\
\x41\x7b\xd8\x18\x35\x00\x0d\x06\x61\xac\xf6\xb3\xd7\x37\xa4\x16\
\xd5\xf3\x8d\x37\x3c\x36\xe9\xf5\x5e\xe5\xfd\x5a\xf4\x7a\x5c\xb3\
\xa6\x42\x7b\x71\xe2\xdf\xaf\x31\xd3\x54\xc3\x5a\x16\x1e\x39\x8f\
\x7f\x02\xa0\xe0\x4a\x21\x84\x24\xae\xbc\x6a\xdc\x84\x01\xed\x24\
\x96\xf8\xc9\x81\x32\x61\xea\xc2\xbe\xdf\x6d\x72\xce\xb5\xf8\x20\
\xab\x46\x4c\x37\xd5\xc0\xa0\x32\xe9\xdd\x9b\x4f\x1e\xf4\x43\xfe\
\x8e\xf8\xc8\xe4\xef\x87\x2e\xa9\xe7\x4e\x41\x6e\x5e\x24\xa5\xc6\
\x3a\x16\x46\xe6\x40\x43\x4c\x7a\xf8\xa4\x04\xa8\x73\x67\x28\x78\
\xb6\x66\x1d\xe3\xee\x81\xee\x82\x0c\x01\x83\xeb\x40\x54\x03\xf7\
\xe9\x31\x03\x1f\xc8\xcf\x0a\xae\x8d\x9b\xe2\xef\xdf\x5e\x30\xde\
\xa0\x81\x18\xe6\xe6\x75\x2b\xf0\xa6\xfd\x7e\x4c\x6b\xa0\xdc\xf6\
\xc2\x8c\xd3\xaa\x1d\x75\xb0\x29\x6b\xcc\xa1\x89\x0b\x4a\x02\x11\
\x04\x6a\x37\x84\x45\x6b\x5d\xbf\x52\x65\xc5\x05\xbf\xd9\x6b\x55\
\xbe\x54\xcc\x02\x0e\xd3\x59\xee\x99\xbc\xea\xf2\x26\xaa\x15\x0b\
\x18\xe7\x41\x06\x78\xe4\xe7\xd2\x1b\x21\xea\x99\x50\xee\xac\x82\
\x23\xec\xaf\xa0\xcc\x5a\x0d\x28\x6d\x6d\x39\x04\x66\x51\xff\xa9\
\xfd\xc7\xfd\x75\x76\x2b\x03\x3e\x51\x2f\x6c\x79\xea\xac\xb1\x12\
\xb8\xdd\x31\x8d\xde\x30\x74\x5a\x34\xee\xe5\x47\x83\xdd\x87\xb4\
\x68\x65\x80\x52\x67\xe3\xc3\x27\x9d\x1b\x31\xea\xfa\x4a\x1e\xb2\
\xe3\x2b\xcc\x8e\x43\x09\x92\x4b\x92\x07\x9e\xc4\x52\xf9\x39\x40\
\xa6\x47\xac\x41\x91\x5c\x32\x62\xdc\xa4\x0e\xc7\x5f\xd5\x8a\x49\
\x71\xee\x43\x27\x9f\x53\xea\xd4\xf5\x0b\xda\x29\x90\x30\xf6\xc4\
\x52\xcf\x04\xf0\x30\xee\x45\x3d\x06\x14\xe8\xd0\x05\x3e\x9e\xbf\
\x36\xb9\x3a\xad\x35\xde\x35\x61\xca\xab\xa5\x65\x9d\x5b\xd8\x85\
\x4b\x97\x2e\x0e\xbd\xfa\xfa\x2b\xbf\x25\x69\x50\x18\x1b\xf3\x6e\
\x06\xca\x56\x9e\x64\xac\x3f\x72\x9c\xc6\x3b\xee\xbe\xeb\xd9\xd2\
\xd2\xd2\x76\x37\x14\xfa\xc9\x54\x2f\x5c\x34\x4b\x37\xd6\x04\x1f\
\xfb\x6c\xfd\xef\xe2\x96\x28\x63\x4d\x85\xc6\x11\x38\x75\x50\xf4\
\x85\xd3\x0f\xea\xdd\x2a\x71\xee\xd6\x97\xe7\x9c\x5c\x65\x2b\xc3\
\x58\xf2\x20\x87\x95\x42\x16\x23\xa4\x46\x22\x38\x9f\xf3\xd6\xf7\
\xc0\xe2\xee\x88\xbf\xcf\xf2\x83\xf9\x2c\x2b\x3e\x2f\x2e\xab\xa9\
\x74\x2d\x50\x5d\xa3\xfe\xef\xe3\x0e\x7c\x26\x1f\x8c\x2b\x36\x35\
\x06\x1e\x9f\x5a\x71\x95\xee\xc9\x21\xdc\x6e\x7b\x47\xdc\x69\xf7\
\xb6\x01\x94\xcf\xe7\xaf\xeb\xb8\x70\x53\xb2\x24\x10\x08\x98\xb2\
\x04\x4e\x58\xe2\xed\x58\x50\xb4\xca\x3b\x15\x24\x3b\x75\x08\x5a\
\xec\x4e\xdb\xc8\xff\x42\xf7\xf6\x1f\xfe\x39\xe7\xb0\xf5\xe9\xe0\
\x11\xba\x27\x83\xa4\x60\x29\xb2\x01\x0a\xef\x42\x0c\x4c\xe8\x60\
\xd7\x42\xf7\xf4\x42\x18\x94\x9c\x06\x3d\xa5\x3a\xc0\x2c\x81\x38\
\x84\x37\x77\xbc\xec\xf9\x49\xc1\xd2\x1e\x2d\xca\x0a\x50\x2a\x6f\
\xf9\xe7\x8d\x43\xc4\xa5\x53\x4f\xd5\x39\x15\xc4\x40\xd4\x27\x6e\
\x38\xe2\x9a\x67\x4b\x0e\x1a\xd5\x22\xb0\x87\xe7\xae\x7e\xf2\xfc\
\xe3\x0a\x9a\xd6\x1e\x80\xa0\xc4\x58\x91\x5f\x5e\x8d\xb5\x2d\xa8\
\x6e\x65\x48\xd2\x99\x2a\x8b\x19\xdb\x3a\x53\xa7\x3c\x4f\x70\xc9\
\xc1\x57\x4c\xea\x70\xec\xd5\xad\x80\x32\xe7\xa1\x93\xc7\x94\x38\
\x0d\xe5\x21\x07\x81\x82\x79\x7b\x98\x5a\x23\x82\xe5\x38\x7e\x43\
\x9f\x60\x14\x9a\x84\x28\x4c\x9e\xb1\x24\x51\xcb\x97\x35\xdd\xff\
\xf2\xfb\x2f\x47\x0a\x0a\x5b\xe8\x55\xf3\xe7\xce\x8d\x4e\xfe\xd7\
\x5b\xe3\x49\x9a\xca\x2c\x13\x1a\x19\xf4\x77\x91\xd2\xb5\x2d\x95\
\xa9\x2d\xf7\x30\xb3\x55\xfd\xc2\xad\xfa\x07\xfe\xf4\xe0\xdf\x42\
\xa1\x50\xbb\x75\xbd\x9f\x14\x28\xf5\x09\x53\xb8\xf9\xad\xf9\x57\
\x38\x72\x87\x12\xa4\x1b\x12\xcd\x14\x5c\x7a\x58\xc7\xa7\x0e\xca\
\x33\xb2\xf1\xc5\xae\x9a\x30\x7b\x4c\x52\x8c\x95\xa3\x4e\x8f\x87\
\xe2\xa2\xf4\xc8\x92\xdd\x51\xa0\x8c\x7b\xb7\xd9\x66\xc1\x96\x09\
\x1c\xea\xdf\x19\xba\x20\xa4\x43\x62\x91\x7a\xc1\x03\xcd\x69\x58\
\xf4\xc4\xe5\x87\x4e\xc9\x5f\xcc\x9f\x2d\xdc\x58\xfc\xfa\x9c\x9a\
\x2b\xd2\x9c\x26\x62\xa4\xbd\x3c\x64\x4f\xfb\xc3\xb9\xfb\xb4\x52\
\xbd\x76\x46\x87\xdd\xd6\x39\x4f\x7f\xb4\x70\xd0\xd2\x2a\xeb\x14\
\xdd\x0b\x89\x48\x68\x6d\xb9\x26\x0b\xb6\xe2\xae\x1e\xb2\x1b\xa0\
\x2c\xb9\x1a\xf6\x16\x37\xc0\x00\x77\x3e\x84\x53\xab\x41\xc5\x5e\
\x23\x7d\x4e\x7e\xb5\xeb\x59\x77\x57\xe4\x3f\x6f\x7c\xed\x82\x60\
\xcd\x1b\xbf\xbd\xa2\x88\x37\x23\xa6\x2b\x1b\x54\x08\xd8\x9e\x28\
\x5b\xe2\xd0\x51\x1f\x75\x3c\xf2\xe2\x56\x0b\x7b\xed\x94\x87\xfa\
\xf3\x8b\xa7\x8e\x0e\x93\x14\xeb\xd0\xc5\x7c\x5c\x2c\xe5\xc9\x05\
\x8f\xf7\xf3\xc0\xbc\xad\x36\x9f\xc9\xaa\x1f\x29\x15\x5d\xf7\xd0\
\xcb\x5f\x2e\x3e\xe6\x8a\x8d\xf9\xef\x34\xfb\xc1\x33\xc7\x94\x92\
\xc6\x72\xb4\x51\x98\xf4\xa1\x3e\xf1\x06\xf2\x12\x60\x15\x21\x56\
\x5f\x56\x53\x0d\xa6\xad\xa8\x4d\x2e\x4f\x04\x1a\x9f\x9a\x3c\x6d\
\x22\x12\xb5\xe7\x1e\xdf\xce\xfe\x36\xf6\xde\x7b\xef\x5c\x05\x29\
\x57\x42\xfb\x91\xf0\xfe\xc6\xf6\x63\x1d\x6d\xe5\x7a\xb1\x86\x44\
\x08\x14\xe2\xd4\xfe\xe9\xa1\x87\x9e\x6d\x2f\x03\xcb\x4f\xaa\x7a\
\xe1\xcd\x70\x77\xbd\xf5\x8d\x05\x27\x6e\x4c\x88\xfb\x29\x18\xfc\
\xa2\x3a\xfd\xdd\x31\xdd\x9e\xc8\x4f\xfd\x40\x23\xfb\x9a\x17\xe7\
\x5e\xac\x8b\x05\xdd\xb0\xcc\x0b\x25\x03\x72\xf3\xb2\x42\x2e\x6c\
\x79\x80\x2d\xd3\x30\x28\xce\x74\x6a\xbf\x34\x16\x09\xd6\xd0\xb9\
\x89\xec\x24\xbe\x97\x07\x0b\xc5\x30\xb2\x6d\xc0\xb0\x2e\xea\x3b\
\x57\x9d\x38\xa8\x55\x91\xd2\xd3\x1f\x2d\x1a\xf8\x5d\x0d\x3d\xcb\
\xf2\x14\x56\x92\xda\x2f\x88\x40\x69\xad\x7a\xed\xca\x24\x26\x4c\
\x9b\x7f\xea\xdd\x85\xc3\xd7\xc6\x9d\xa3\xa8\x18\x92\x6c\xa4\xa8\
\x67\xd4\x4a\x98\x84\xe9\x61\xdd\x15\x94\x7a\x8d\xd0\x3b\xbd\x10\
\x06\x0a\xeb\xa1\x54\x5f\x04\x8a\xb1\x05\x02\xd1\x4e\x8b\xba\x5c\
\xf5\xc6\xbb\x7c\x20\xd2\x6a\xd7\x4b\x57\xae\x50\x1b\x17\x7e\xdc\
\x45\x0d\x15\xa5\xd5\x82\x32\x93\x2b\x28\xb3\xb4\x92\x1e\x06\x88\
\x6a\x9b\x19\xcd\x4d\xcb\xbf\x8d\xd4\x4f\xbe\xfb\xea\x88\x13\x97\
\x45\xea\x3b\x40\x98\x94\xe5\xb0\xff\x22\xb6\x97\x40\xf0\x60\xd3\
\x20\x9f\xbb\x00\x0b\xc4\x3c\x2a\xba\xf4\x90\x4b\xdb\x06\xca\x03\
\xe7\x8c\x29\x71\xeb\xcb\x03\x24\xee\xbb\x85\xb1\xa8\x0c\x8b\xd2\
\x32\xcd\x94\xe2\x04\x20\xa9\x76\x84\x7f\x2f\xdc\x54\xbf\x3a\x15\
\x4a\xfd\xed\xbd\xaf\x5e\xc2\x58\x56\xee\x31\x7d\xfa\xb4\xa2\x4f\
\xfe\xf3\xd1\x95\x9e\x4e\x44\x5f\xf5\x62\x95\x03\x3f\xda\xb1\x2d\
\xa0\xa0\x31\xef\x58\x56\xcd\xc3\x8f\x3d\xfa\x2c\x23\x25\x69\xe7\
\xf1\x93\x4a\x14\x7c\xb6\x09\x9f\x54\xf4\x9f\xb6\xca\x18\x8d\x91\
\x75\xce\x6a\x70\xef\x38\x79\xc0\xe3\xe5\x5d\x8b\x5a\xc4\x08\x9a\
\x74\x9b\xbf\xe7\xd5\x05\x97\xa5\x41\x2b\x73\xb3\x64\x10\xb6\xcf\
\x0b\xc6\x26\x55\xc6\xc8\xbb\x08\x29\x33\x05\x9a\x1a\x04\x53\x37\
\x58\x84\x1e\xeb\xea\xd1\x93\xc4\x58\x51\x00\x20\xc0\xb2\x73\xe3\
\xe6\x1d\x67\x0e\x7c\xa2\x5b\x71\xb4\x55\xea\xc7\x4d\xaf\xcc\x3e\
\xa3\xd2\xd6\x06\x11\x4f\x02\xc5\x73\xa1\x4f\xc4\x9e\x76\xef\xe8\
\x61\xff\x95\x44\xc1\xcd\xe0\xe3\x39\x15\x65\x9f\x2e\x6d\x3c\xb2\
\xc9\x16\x7b\xb9\xa2\xc6\x23\x63\x4b\x50\x56\x59\xcc\x00\x4b\x83\
\x91\x62\xc9\x95\x02\x50\x42\x36\xc1\xe0\xe4\x4c\xe8\x65\xaf\x80\
\xce\x42\xd2\x34\x5d\xee\xfb\x6e\x67\xde\x39\x33\xda\x77\x78\x0b\
\x4f\x51\x3b\xe7\x74\xeb\xe9\xe9\xea\x0d\x72\xf5\x4b\x57\x5f\xa2\
\x25\x36\x97\x22\x35\x11\x12\xa6\x2b\x19\xd2\x70\x22\x23\x41\x06\
\x8e\x17\x6e\x44\x58\x9a\xed\x2f\x58\x8e\x77\x5d\xef\xc0\x71\x2f\
\x97\xfe\xa6\xb5\x44\x99\xf3\xc0\xb9\x63\x8a\xdc\xba\x72\x8d\x26\
\x00\x7b\x8c\x62\x62\x2b\x72\x07\xa3\x64\xf1\x04\x0e\x4c\x29\x08\
\x35\x5e\x21\x4c\x5d\x52\xd7\xb0\xd9\x2a\x6c\x7c\x66\xca\xc7\xaf\
\xe6\x3f\xfb\xd4\xa9\xff\xee\xf8\xc5\xe7\x9f\x5c\x2e\x62\x6d\x38\
\xd6\xef\x65\x38\xa2\xb7\xd7\xe0\x94\x31\x3c\x66\xb8\x9f\xd9\xee\
\x9e\xf9\xd9\x97\x14\x2d\xd3\x85\x5b\x91\x01\xf2\x7e\x7f\x47\xac\
\xcb\x71\x6c\xbb\xe6\xe1\x47\x1e\x7e\x4e\x6d\x27\xa7\xd7\x4f\x2e\
\x51\xf0\x86\x58\x9f\xf2\xfc\xb4\xfa\xdf\xf1\xaa\x07\xae\x5e\xe3\
\xde\x78\xdc\x5e\x4f\x0e\xea\xd5\x32\x99\x10\x17\xdb\xf5\xcf\x7d\
\x73\x81\x21\x84\x7a\xc6\x6d\xbf\x42\x0f\xe9\x85\xd0\xf3\x25\xf1\
\x22\x98\x8e\x0d\x06\xb1\x20\x18\x0e\xb0\xbc\x31\xe4\xae\xc2\x2a\
\x59\x62\xbb\xa0\x49\xc8\xd1\x8b\x6a\x01\xe6\x35\x25\xa0\x40\xd6\
\xbf\x7d\xfc\x8a\x91\xff\xc9\x57\x63\x36\xd6\xa6\xe5\xfb\x3f\x5c\
\x3e\x2e\x45\x95\x98\xeb\x09\xa0\x78\x0e\xf4\x89\x92\x69\xf7\x9c\
\xbd\x6b\x40\x41\x15\x64\xd1\x9a\x9a\xd0\xab\x5f\x2c\x3e\x2c\x4e\
\x95\xc1\x26\x17\x90\x1d\x29\x04\x9c\x20\x83\x9e\x4e\x42\x50\xe6\
\x81\x23\x36\x68\x12\x0f\x16\x92\xd9\x49\x41\x88\xe9\x15\x70\x88\
\x3d\x03\xba\x3b\x15\xd0\xa1\xb4\xe7\x5b\xbd\xc6\x3e\xb8\x6c\x67\
\x6a\x5d\x76\x16\x38\x68\xd0\xaf\x79\x6c\xf4\x69\xa1\xc4\xba\xc1\
\x58\xcf\x22\x71\x00\x1a\xc5\xb4\x7b\x07\x1c\x8c\x2b\x20\x8b\x0d\
\xe6\x17\x60\xa9\x31\x63\x2a\x41\x35\x8a\xba\x30\x62\xdc\xcb\xc5\
\x6d\x00\x65\xee\x03\xe7\x9c\x5b\xe4\xd6\xf5\x0d\x62\xfe\x19\x92\
\x5e\x60\x44\x3e\x43\xab\x8a\x12\x3e\x25\x45\xa0\x1a\x0a\xe0\xb3\
\x65\x0d\x0d\xd5\x5e\x49\xcd\x93\xff\x7c\xef\xcd\xfc\x67\xfd\xf0\
\xc3\xf7\x3b\x7d\xf5\xe5\xb4\xcb\x78\xea\x71\x28\xc5\x73\x9b\x1f\
\x65\xcf\xdd\xda\x6e\x2e\x43\x94\xc1\xc8\x21\xfe\xaf\x84\x18\x99\
\x5b\x30\x9f\x2f\xdb\xe4\x94\xd1\x30\xe5\xf1\x82\xe5\x03\x05\x49\
\x12\x19\xd7\x9b\xe3\x82\xaa\x2a\xb5\xf7\xdc\x76\xf3\xf3\x81\xc2\
\xe2\x76\x73\x24\xfd\xe4\x12\xa5\x49\xb7\x85\xdb\xff\xb9\xfa\xea\
\x34\xa5\x31\x81\xa6\xdc\x0b\x0e\xea\xfc\xdc\x11\x83\x5a\xc6\x37\
\x70\xc0\x6e\x7b\xf1\x9b\x53\x6b\xdd\xe0\x10\x47\x0b\x81\x85\x9c\
\x55\x38\x21\xc8\x34\xc8\x09\x20\x8a\x3c\x58\x8e\x01\x82\xe4\xcb\
\x6c\x4c\x8a\xa4\x2e\x07\x84\x0a\x00\x02\x12\xc1\x59\x10\x0d\xc9\
\x20\x3a\x4d\xe9\x71\x23\x4b\x5f\x18\xd6\xa7\xb4\x55\x30\xf3\xf9\
\x4f\x57\xec\x35\x6b\x83\x71\xb6\xcd\xd2\xcf\xd1\xf1\xec\x42\xef\
\x02\x3a\xed\xde\x51\x43\x76\x49\xa2\xb0\x68\x78\x6d\x52\x7e\x61\
\xea\x82\xc3\x37\xa7\xb9\x61\x6e\xa0\x44\x69\x62\xbd\x0b\x55\xf0\
\x1c\x0b\x02\x22\xcb\x1f\x00\x07\x5b\xb3\x89\x0a\xe8\xae\x00\x3d\
\x85\x5a\xd8\xb7\xee\x43\xe8\x06\x5b\xa0\xc7\x21\x67\xfd\xad\xe3\
\x21\x67\xd5\x32\x8b\xfa\x47\x3c\x36\xfe\xe3\xfa\xa1\xe1\x0d\xb3\
\x4e\x31\xd1\x68\xf6\x3c\x50\x30\xf5\x04\x77\x61\x8e\xb0\x08\x94\
\x07\x28\xda\xd1\x8a\xcf\x30\x6d\x7a\x9e\xeb\x1d\x7a\xc5\xcb\x1d\
\x8e\xb9\xbc\x95\x8d\x32\xf7\xfe\xb3\xcf\x29\x21\x5b\xfa\x45\x9c\
\x04\x48\x68\xdf\xb8\x7e\x16\x38\x5e\xc7\xe4\x05\x48\x49\x61\xa8\
\xf4\xa2\xf0\xe9\xd2\xea\x86\x26\xb5\xf3\xe6\x47\x5f\x9a\x32\x25\
\xff\x55\xa6\x4c\x99\xd2\x65\xe6\xcc\x6f\x2f\x45\xb7\x38\xda\x90\
\x6e\x86\xfc\x30\x9f\x60\x2f\x6b\xb7\x20\x48\x30\x4e\x85\xc4\x10\
\xcc\x25\x4d\x88\x5f\xda\x1b\xf0\x89\x0b\xf3\x3f\xd7\x96\xea\xc5\
\x54\x43\x5e\x84\x54\x32\x59\xf9\xd4\xd3\x4f\xbd\x90\x9f\xf2\xb3\
\x33\xc3\xfd\x93\x03\x05\x17\xd4\xdd\xef\x54\x9c\xbe\xb6\x2e\xbd\
\x0f\xa5\x84\x1c\xde\x5b\x7b\x7b\xdc\x71\x03\x57\xe6\x3f\xec\xc4\
\xff\x2c\x29\xff\xba\x22\x79\x4e\x4a\x0a\xf1\xe8\x75\xc4\x3a\x0a\
\x2c\x59\x71\x53\x69\x56\xba\x2b\xa8\x98\x2b\x86\x86\x31\x36\xd1\
\x44\xde\x5e\x1e\x3c\x41\x01\x10\x43\x6c\xf7\xb1\x53\xf5\xde\xc0\
\x52\xfe\xb3\x3f\x9e\x33\xb8\x55\xd4\x1a\x03\x64\xb7\xbc\xb9\xf8\
\x82\x4d\x09\xb7\x27\x63\x7e\x44\xa6\x0e\x70\xa1\x57\xc4\x9d\x7e\
\xdf\xe8\xd6\xb9\x5e\x68\x33\xed\x88\xf5\x25\xfb\xfc\x78\xef\xc9\
\x33\x2b\xba\xbe\xbf\xa4\xf1\x24\x21\xd8\xa1\xc4\x48\xa5\x21\xa8\
\x8a\xa0\x72\x04\x92\xf1\x46\x08\x15\x74\x60\x5e\x22\x84\x43\x71\
\x7c\x19\x1c\xe9\x7d\x07\xc5\xb4\x06\x0a\x86\x1e\x3f\xa1\xe7\x91\
\xe7\x55\xb5\x17\x28\x84\xd8\x5c\x7a\xe3\xf2\x80\xe7\xda\x7c\x41\
\x9f\xfd\x5a\x65\x5e\x37\xce\xf8\x67\x47\xe9\xcb\xe7\xaf\x4c\x13\
\x93\x51\xad\x22\x71\x5e\x40\xc6\xe6\x45\x14\x1c\x97\x30\x8a\x56\
\xb4\x50\xb0\x69\x29\x1e\x1e\x08\xae\xbb\x0d\xa0\xcc\x7b\xf0\xec\
\x73\x3b\x91\x2d\x7d\x83\x08\x14\x84\x9b\x8b\x10\x41\x7b\x91\x07\
\x8b\x97\xc1\x50\x62\xb0\xd1\x0d\xc1\x67\xcb\x6a\xea\xcc\x70\xd7\
\xf5\x0f\x4d\xf8\xe7\x87\xf9\xf3\xfa\xd6\xe4\x77\xba\x7e\x3b\xeb\
\xbb\x4b\x50\x65\x63\x8a\x13\xf2\xa2\x21\xa3\x26\x23\x3d\xcc\x6d\
\xf0\xe4\x7f\x12\x17\x39\x82\x23\x2b\x55\x58\x1d\x8f\x24\xb1\x9f\
\x11\x40\xf8\x7d\xee\x91\x0f\x14\x51\x96\x98\x24\x42\xd5\x0b\x3c\
\x58\xf7\xf8\x53\x4f\xbc\xbc\x2b\x52\xfb\x67\x01\xca\xa3\xef\x2f\
\x1d\xf6\x43\xad\x77\x12\xf0\x0a\x2d\x14\xd3\xf3\x1e\x1b\x3b\xf8\
\xe3\xfc\x80\x63\xca\xb4\xf9\x3b\x5f\xfb\x7e\x74\xa3\x18\xee\x6b\
\x60\xc2\x9d\x69\x41\x48\xd5\x40\x74\x5d\xb0\x0d\x1d\x04\x55\x64\
\xd9\xae\xbe\x48\x55\x41\xe4\x44\xa8\x6f\x8c\x43\xa4\x43\x19\xe3\
\x01\x0b\xd2\x54\xc5\x13\x63\x07\xbc\xd6\x56\x6c\x63\xf2\xac\x75\
\x5d\xdf\xfd\xa1\xee\x02\x90\x43\xa2\x87\x06\x29\x32\xa1\x70\x1c\
\xf4\x8a\x90\xe9\xf7\x8d\x6e\x9d\xeb\x75\xdd\x33\x53\xae\xf0\xa4\
\x68\x63\xff\x2e\xa5\x0b\xcf\x3b\xa2\xef\xaa\x48\x40\xde\xa1\x7b\
\x11\x25\xe7\x9d\x6f\xff\x70\x94\x4e\x95\xfd\x8d\xb4\x2e\x44\x54\
\x81\x4d\x56\x93\x2d\x30\xe0\x44\x9d\x46\xe8\x07\x6b\x61\x7f\x7d\
\x36\xf0\xc9\xcd\x1b\xf6\xbb\xfb\x9d\x97\x78\xb1\x65\x59\x2e\x2e\
\x8a\x9a\x59\xff\x2a\xf5\x2a\xbe\xeb\x9e\xaa\x5b\x1f\x13\xc0\x0b\
\xf1\x72\x30\x90\x4e\x25\x55\x1e\x52\x48\xa3\xa5\x18\x09\x4f\x8d\
\x46\xc3\x7c\xdc\xaa\xab\xeb\x7d\xc5\x8b\x7f\x57\x4b\x7b\xb5\xb0\
\xc5\x92\x6b\x17\x04\xab\x9f\xb9\x7c\x7c\x34\xc4\x05\x34\x99\x02\
\xb5\x7d\xe6\x48\xec\x94\x85\x6a\x0b\xe3\x4c\xc3\xe6\xa9\xac\x2f\
\x24\x0f\x0e\x27\xbb\xe4\xa0\x71\x93\x4a\x8f\xbd\xb2\x95\x17\xed\
\xbb\x07\xcf\x3c\xaf\x84\x54\xf7\x41\xa0\xf0\x98\xa5\xcd\x16\x3b\
\x7a\xcf\x44\x46\xcc\x67\x28\x45\xb0\xd9\x0a\xc1\x17\xcb\xb7\xd4\
\x8a\xa5\x7d\x57\xfe\xfe\xa9\x09\xad\xaa\x45\x5f\x79\xf5\xf5\x9e\
\x73\xbf\x5f\x70\x01\x12\xfe\xf9\xb2\x33\x43\x2b\x9b\xe9\x8f\x83\
\x3e\x02\x96\x9b\x95\xb1\x49\xf0\x1e\xa8\x3a\x31\x36\x4f\x54\xbf\
\xd1\xde\x70\x1c\xf6\x1f\xe9\x75\x91\x30\x62\x7b\x40\xc1\xc4\x5b\
\x94\x46\x8a\x16\x84\xc6\xa6\xc6\xe5\x4f\x3e\xf5\x54\x2b\x75\xf0\
\x17\x29\x51\xf0\xa1\x56\x6c\x6a\x0c\xde\xf7\xde\xda\x6b\x2d\x41\
\x15\x03\x3c\x4d\x3c\x3a\xaa\xd7\x5f\x4b\x63\x2d\x13\x16\xf1\xbc\
\x39\xab\xaa\x0b\x9e\xfe\x6c\xd5\x58\x29\x5a\x52\xa8\xeb\x06\xb3\
\x41\xc2\xaa\x2f\x31\x2c\xec\xab\x81\x2d\xa7\x45\x05\x08\x71\xc0\
\xb5\x4c\xc6\xcc\xc8\x48\xbc\x53\xf5\x9b\xaf\x3d\xae\xfc\xed\xfd\
\xfa\x14\xb7\x52\xb9\xf0\xb3\xbf\x7b\x69\xde\xd8\x94\xa7\xf5\x72\
\x3c\x6c\x66\xc3\xd8\xb2\x18\x57\x56\xef\x28\x99\x76\xef\xd9\xad\
\x55\xaf\xab\x9f\xf9\xe0\x4a\x3e\x58\x5a\x9c\xd0\x6d\x2a\x4a\xbc\
\xde\xb3\x50\x9a\x35\xfa\xa0\x3e\x0b\xcb\x3b\xc5\xb6\xcb\x62\x82\
\x92\x6b\xc2\xe7\x2b\xfa\x2f\xab\x4a\x9f\x6e\x98\x8e\x8c\x06\xbc\
\x23\x17\x80\xe4\xa6\xa1\x43\x72\x25\x44\x37\xcf\x4a\x1d\x1c\xa8\
\x0a\xf5\x1e\x76\xe0\x3f\xba\x9e\x30\x6e\x63\xfe\x4e\x97\xdc\xb0\
\x48\x4b\xbc\x79\xd7\xe5\x72\xba\x3e\x86\xd4\xa5\x58\x96\xa0\x5b\
\x2e\x88\x8a\x00\xe1\x90\x02\xf1\x86\x46\x08\x4a\x51\xec\x4d\x0e\
\x69\xa7\x1e\x94\xe3\xef\x78\xae\xe8\xe0\xb1\x2d\x2a\x0a\xd1\x4e\
\x69\x9c\x70\xd9\xc9\xe9\x0d\xf3\x87\x05\x79\x0b\x02\xc8\xc8\xe2\
\xf1\x60\x52\x89\x79\x0d\x39\xce\x62\xf5\x24\x4c\xa2\xa0\x67\x48\
\xd4\x5c\x77\xc4\x15\x93\x4a\x8f\xbe\xa2\x15\x50\xbe\x7d\xf0\x8c\
\x0b\x4b\x69\x5d\x8f\x00\x35\x80\xc7\x3e\x27\xe8\x89\x14\xfd\x06\
\x41\x26\x91\x40\x97\x0a\x61\x7d\x5a\x86\xe9\xcb\x6a\xaa\xa3\xe5\
\xfb\x2e\xbe\xf5\xa1\xc7\x5a\x95\xdc\x3e\xfe\xf8\x53\xfb\xac\xdb\
\xb4\xe1\x74\x01\x0c\xe6\x62\xf6\xa8\xdf\x83\x33\xbf\x55\x76\x96\
\xeb\x8b\x65\x0b\xb8\x3e\xb1\x46\xd6\x88\x67\xcc\x8f\x9e\xc7\x24\
\x4d\xbe\x57\x2d\x5f\xa2\x48\x8a\xcc\x28\x77\xd1\x16\x12\x44\xe1\
\xfb\x47\x1f\x7b\xac\xdd\x54\x45\x3f\x8b\x31\x8f\x37\xc5\xd4\x91\
\x9b\xdf\x5e\x7b\x4d\xbd\x29\xc5\x00\x5c\xaf\x7f\xc4\xf8\xf8\x9e\
\x33\x07\xcc\xc9\x5f\x28\x38\x11\xf3\xd6\xd6\x17\xfc\x7d\xfa\x8a\
\xe3\x3d\x21\x50\x6e\x13\x91\xa3\xae\x00\xbc\xa8\x30\x42\x0a\x49\
\x53\x59\xc1\x15\x32\xe5\x07\x04\x0a\x02\xd1\x29\xef\x24\x57\x5f\
\x79\xdc\xc0\x8f\x86\xf5\x29\x6d\x93\x61\xe4\xa9\x0f\x7e\xd8\x7b\
\x79\x1d\x9c\xd1\x90\xb2\xb9\x60\x18\xd3\xcf\xad\xcc\x24\x08\xd0\
\xa7\x80\x7e\x7e\xcf\xa8\x7d\x5a\x4d\xee\xcd\x13\xa7\x5f\xb6\x45\
\x97\x3b\x53\x24\xb7\xf3\x08\x68\x3c\xf1\x54\xab\x29\xde\xbd\xa4\
\x60\xde\xe8\x23\xfa\xcd\xed\x55\x12\x6d\x91\xa6\x91\xbb\x43\xe1\
\x3b\x7c\xf0\xed\xea\x4e\x1f\x2f\x89\x9f\xdd\x44\xe5\xa8\x23\x6a\
\x10\x22\x8d\xd0\xc3\x58\x01\x9d\xf4\x95\x7a\x5f\xb5\x49\x3f\xf4\
\xb7\x7f\xf9\x5b\x7e\x3e\x17\x5e\x63\xed\xcb\x37\xef\x07\x6b\x67\
\x9d\xa8\xd8\x69\xd0\x44\x85\x31\xee\x1b\x8e\xce\xc8\xec\x90\xb9\
\x06\x17\x85\xe4\x10\x16\x54\xe5\x55\x0a\x7a\x8f\x43\xfe\x53\x72\
\xc1\x73\x2d\x6a\x7a\xf0\xfe\x9b\xdf\xfe\x53\x7f\x69\xd9\xfb\xa3\
\x0b\x05\x93\xb1\xf8\x23\xf9\x9f\x27\x06\x41\x0a\x06\xc1\xf4\x30\
\xf7\x8b\x32\x42\x3d\xec\xb2\xec\x70\x0a\x70\x23\xc6\xbe\x54\x7c\
\xec\x95\xad\x72\xbd\xbe\x7b\xe4\x9c\x73\x8a\x49\x5d\xb9\x46\x74\
\x4e\xc6\xc8\x3c\xeb\x60\x8c\x39\x62\x3c\xe7\x12\x1e\x5c\x25\x06\
\x6b\x52\x02\x7c\xb6\xa2\xa6\x3a\x3a\xf0\xe0\x1f\x6e\xfa\xc3\xa3\
\xad\xca\x89\xef\xb9\xfb\xf7\x87\xa6\x92\x89\x23\x45\xce\x64\xde\
\x72\x2c\x2a\x43\xd6\xce\xad\x47\x46\x9a\x20\x5f\x31\xc7\x71\x86\
\x4b\xdc\xcd\x1d\x8a\x3a\x54\xc9\x8a\xea\x54\x55\x55\x76\x0f\x87\
\x42\xbd\x75\x5d\xe7\x50\xf5\x42\x49\x81\xc4\xed\xdb\x93\x28\xa8\
\x75\xe0\xb9\x02\x3a\x79\x38\x7e\xe6\x03\x7f\x7a\xa0\x15\x79\xc8\
\x2f\x56\xa2\xa0\x57\xeb\xba\x97\x7e\x38\xad\x96\x44\x07\x23\xf1\
\x41\x49\x84\x6f\x1a\x77\x60\xe4\xa5\x61\x6d\x48\x00\x7c\x09\x54\
\x63\xde\xfc\x72\x79\xf9\x92\x2a\x73\xff\x94\xc9\x75\x54\x83\x11\
\x2d\x99\x4e\x01\xc7\x3c\x61\x8c\x17\x8b\x7a\x66\xbc\xa6\x6f\x59\
\xf0\xfb\xcb\x8f\xde\x6b\x7e\x87\x88\xda\x66\x0f\xf1\x79\x15\xd5\
\x05\x7f\x9f\xb6\xe1\xf2\xb4\x23\x04\xb4\x60\x08\x12\x09\x64\x39\
\x17\x59\x2d\x39\xea\xe9\xe5\x31\xf2\xd9\xdd\xa3\xf6\xf9\x26\x7f\
\xe0\x6e\x99\xf8\xe5\x98\x5a\xa7\xa0\xdc\xe0\x03\xcc\x53\x14\x54\
\x00\x84\x64\x2d\xa8\x22\x07\x44\x50\xea\x06\x77\x51\x3f\xbb\xf2\
\x98\x01\x2b\xf2\xd5\xc7\xdc\xeb\x60\x5d\xcd\x7b\xcb\xd3\xa3\x1b\
\x2c\xa1\x20\x62\x37\xc0\x00\x7b\x31\x94\xd1\xcd\xd0\x33\x22\x4d\
\x19\x71\xe9\x5d\x8b\xf2\xef\x69\x37\x6e\x96\xaa\x9e\xbf\xf2\x12\
\xc9\xaa\xef\xa8\xf2\x04\x78\x87\x07\x62\x9b\x20\xb3\xb0\x11\x0f\
\xba\x23\x30\xd6\x7c\xce\xc6\x9d\x99\x00\xa6\xc6\xd4\x08\xb1\xcd\
\x9d\x7e\xfb\xe6\x4b\x72\xb4\xb4\xc5\xfb\x9b\xb5\x1b\xe4\xda\x67\
\xcf\xbf\x3c\xe2\xd4\x15\xb1\xe2\x6b\x41\x05\x87\x0f\x40\x02\x93\
\x19\xd5\xa0\xce\xf1\x02\xba\xe7\x6d\x6c\xce\xe0\x72\x41\x3d\x76\
\xf4\xc5\x9f\xc5\x86\x1d\x5b\x9f\xff\x4c\xc9\x0d\xcb\x34\x37\x59\
\x2b\xa3\x5f\x97\x7a\xc0\xf1\x9c\xdf\xac\x83\xf7\x1c\xae\xfe\xd3\
\x89\x83\x49\x3a\x79\x78\xa5\xce\xc1\xf4\x15\x55\xd5\x91\x7d\x0e\
\xfb\xfe\xfa\x7b\x1f\x69\x55\x9b\x7e\xd3\xf5\xb7\x9c\x00\xd4\x1d\
\xce\xf3\x0e\xf0\xd8\x8e\x03\xa9\x84\x18\xbd\x2d\xf1\x28\xa5\x06\
\x07\x50\xc5\x0b\x42\xb2\xbc\xbc\xdf\x8a\x03\xf7\xdf\xbf\xb2\x57\
\xaf\x5e\xe9\x48\x41\x01\xf3\x52\xd5\xd6\xd6\x4a\x8f\x3f\xfa\x97\
\xe3\x5c\xea\x0e\x43\x89\xc2\x7a\xc8\x63\xe7\x80\x9c\xa3\xad\xc8\
\x3c\x6e\x16\x58\x33\x5f\x52\x52\xf2\xf9\xed\x77\xde\xd1\x6e\x62\
\x89\x9f\x4d\xa2\xe0\x83\x3f\x33\x75\xe5\xde\xdf\x55\x8a\x67\x5a\
\x54\x00\x09\x4c\x28\x95\xe3\x3f\xdc\x7b\xc6\x90\x0f\x0a\x22\x6a\
\x9b\xfd\xc8\x3e\xf2\x00\x00\x18\x23\x49\x44\x41\x54\xae\x3b\xfc\
\x8c\x49\x28\xb7\x7c\x43\x43\x78\xc9\xc6\x78\x49\x5d\xdc\x08\x11\
\xea\x29\x8a\xc4\x59\xdd\x8b\x83\xb5\xfb\xf7\x2b\xab\x2e\x8d\xaa\
\x64\x5b\x86\x5a\x6d\xd2\x94\x1e\xf8\xd7\xb2\x31\x71\x13\x7a\x50\
\x5e\x66\x45\x53\x28\xb6\x91\x45\x11\x7b\x9a\x98\xba\x05\x7d\x0b\
\xdd\x4f\xee\x1d\x3d\xa4\xd5\x2e\x78\xf7\x6b\x33\xcf\xda\x90\xd4\
\x06\x9a\x62\x04\xa8\x28\x33\x12\x8b\xb0\x67\x32\x82\x70\x0c\xb9\
\xb9\x9e\x6d\x17\xaa\xdc\x82\xf1\x47\xf6\xfe\xb2\xbc\x4b\x61\x8b\
\x9c\xab\xec\x1c\xe2\xf3\xbf\xf1\xe5\xca\x6e\x53\xd7\xd2\xb3\xf9\
\x64\x95\xdc\xb7\xee\xcb\xa6\x7d\xbb\xc8\xc5\x47\x9c\x3b\xfe\x8f\
\x72\xa4\xb0\xd5\x3b\xaf\x7d\xed\xbe\x81\xe1\xf5\x33\xce\x22\x4e\
\x93\xdf\xda\x0f\x4b\x9e\x71\x77\xc4\x8e\xc0\x2c\x15\x34\xe4\xf7\
\x70\x04\x87\x19\xc4\x68\x2d\xe8\x72\x0c\xb4\xa3\xc6\xbf\x50\x72\
\xd0\x99\x2d\x52\x82\x30\xce\xb1\xe6\xa9\x0b\x0e\x2f\xa8\x5f\x3c\
\x92\x95\x9a\x89\x01\xd0\xb9\x50\xda\xed\xb4\xd7\xb4\xe2\x83\x4e\
\xab\x10\x63\xdd\x0c\x3e\x10\x74\x45\x45\xa3\x20\xaa\x14\x81\xd8\
\x5e\x83\x17\xa9\x5b\x97\x3c\x77\xe3\xc8\xb5\x1b\x2a\x0f\x99\xb5\
\xaa\xb2\xbe\x6c\xf8\x91\x73\x7f\x77\xc7\x03\x73\xf3\xc1\x76\xcd\
\x55\xbf\x3b\x85\x7a\x5e\x37\xea\xd9\x8e\xa2\xca\x86\x28\x88\xf1\
\x40\x30\xd8\x50\xd6\xa9\x53\xed\x80\x01\x03\x6b\xf6\xde\x7b\xef\
\x78\x34\x1a\x75\xb3\x34\x52\xf9\x9f\xff\xe2\xb3\xcf\x4a\x3e\x9e\
\xfa\xef\x4b\x3d\xcf\x93\x59\xc1\x19\x8a\xa5\x1d\x00\x05\xff\x8c\
\x01\xc7\x8e\xa5\x25\x1f\xdd\x78\xcb\x2d\xad\x9e\xe9\x17\x2b\x51\
\x98\xfd\xb1\xba\x36\xfa\xcc\xa7\x55\xd7\x61\x6d\xb8\xa2\x60\x25\
\x62\x1d\x74\x90\xc8\xb7\x77\x8e\x1a\xfe\xe9\xce\x18\xcb\x3b\xf3\
\x72\xd9\x73\x12\x3a\x11\x7e\x3f\x65\xc9\x09\x35\x3a\x0c\xe3\x05\
\x85\x95\xe2\xa2\x8b\x39\xd7\x40\xc4\xba\x8d\xf2\xa8\x33\xf5\xae\
\xb3\x06\xb5\xda\x05\xef\x7e\xed\xeb\x93\x36\xa5\x43\xfb\xa6\xb9\
\x30\xd8\x82\x08\x9a\x24\x82\x64\xa5\xc1\xb5\xd3\xcc\x53\x13\x08\
\x61\x0f\x10\x03\x42\xbc\x5d\x73\xea\x90\xc2\x77\x8f\xdf\xb7\x77\
\x55\x5b\x0b\x0d\xf9\x90\x6f\x98\xf4\xfd\x71\x5e\x63\xe5\xe0\xf2\
\xea\xa9\xe9\x43\xfb\x17\x27\x87\x5e\x74\xdf\x4b\xf9\xe7\x9a\x8d\
\x55\x52\xed\x84\xf1\x97\xf2\xa9\xcd\xa5\x92\x90\xa5\x97\xc5\xc8\
\x7a\xa6\x8f\x0a\x3a\x37\x20\xc8\x1a\x87\x72\x32\x07\x86\xa5\x43\
\x40\xd2\xc0\x16\x82\x50\x2d\x75\x9c\x3d\xf0\x66\xac\x86\x6c\xe9\
\x66\xae\xff\x76\x72\xb1\xfd\xfe\xfd\xe3\x03\xc1\x08\x34\x18\x1c\
\x08\xfd\x8f\x78\xa7\xcb\x98\x7b\x7f\x14\x4a\xd5\xec\x38\x6f\x9a\
\x3d\x35\xf6\xe9\xab\x13\x2e\x5f\xb2\xb9\x36\xde\x73\xc4\x31\xdf\
\x5d\x7d\xf3\xdd\xdf\xe7\xcf\xd3\xdc\xef\xe6\x46\x5c\xcf\xe5\xc3\
\xe1\xb0\xd3\xb1\x63\x47\xb3\xa0\xa0\x80\x81\x62\x67\x8f\x75\xeb\
\xd6\xa8\x8f\x3d\xfa\xe8\xc5\x92\x24\x95\xb0\xb2\xf2\x4c\x83\xa7\
\xec\xe7\xb7\x95\xeb\x85\x40\x29\xef\xd3\xfb\xed\x2b\xae\xba\x6a\
\xe9\xce\xde\xab\x25\x00\x3d\xef\xbe\x5d\xf9\xe0\x7f\xfb\x19\xd3\
\x26\xdc\xb5\x2f\xce\xbd\xc1\xf2\x02\x21\x4f\x16\x40\x4f\x37\x40\
\x59\x71\xc4\xd3\xa8\x35\xfb\xba\x13\xf7\xfe\xa2\x34\xaa\x3a\xed\
\x19\xc0\xb6\x9e\x07\x77\xf1\xea\xb8\x21\x3f\x39\x75\xf5\x31\xb5\
\xb6\xb6\x6f\x8a\xa5\x18\x62\x07\x2e\xcc\x69\x72\x59\xce\x95\x4b\
\x08\x33\xf6\x3a\x14\x16\x43\x17\x25\xf1\xc9\x7d\xa3\x06\xb5\x92\
\x28\x77\xbe\xf2\xd5\x31\x55\x7a\x78\x04\xea\xe0\x29\x24\xae\xc0\
\x89\x35\x53\x2c\xf2\x8f\x81\x37\xac\xf4\x43\x12\xe8\xa0\x26\x03\
\x58\xa9\xd4\xfe\x3d\xc2\x1f\x5e\x79\xf4\x80\x15\x08\xc6\xfc\xe3\
\x86\x67\x3f\x39\x4c\x4b\x6c\x18\x71\x30\xb7\x58\xea\x5e\x56\xfc\
\xe1\xc0\xb1\x77\x2e\xc8\x3f\x67\xf3\x9b\xf7\xef\xed\xad\x9a\x71\
\x26\xd8\x8d\x20\x33\x83\x1b\xdd\xc9\x0e\x4b\xc9\x91\xb1\x10\x11\
\xf5\x7a\x64\x92\xe7\x79\x30\xf0\x77\xb2\x08\xbc\x89\xbd\x60\x64\
\x70\x94\xa8\xae\x9e\x7c\xd3\x8b\x91\xc1\xc7\xb4\x48\xcf\xb7\x36\
\x2d\x53\xeb\x9f\x1e\x75\xb3\x12\x08\xf3\x69\x2f\x40\x8b\x2f\x79\
\xe6\x2f\x5a\xb7\x1f\x97\x52\x75\xf3\xbc\x4f\x0b\x3e\x78\xe9\xc5\
\x8b\x57\x55\xd5\x9b\x9d\xf7\x1d\x39\xf3\x86\xdb\xef\x6a\x37\x89\
\xc3\x8e\xd6\xd5\xb4\xcf\x3f\x2f\xfe\xf7\x07\xef\x5f\x82\xbd\x92\
\xda\x5a\x1f\xdb\x02\x0a\xc6\x51\xf6\xea\xdf\xef\x9f\x17\x5f\x76\
\x59\xab\x50\xc4\x8e\xee\xf9\xb3\xa9\x5e\x6c\xb9\xfe\x9f\x2a\x75\
\xdb\xc4\x59\x27\xea\x5c\x64\xbf\x84\x43\x41\xd2\x44\x48\xc4\x1b\
\xd9\x6e\x5d\xa8\x4a\x15\x27\x0c\x2e\xf9\xe4\xc8\xc1\x9d\x6b\xb6\
\xa7\xf7\x6f\xef\x05\x99\x23\xa0\x62\x4b\xec\xb5\xaf\x37\x9d\x54\
\x63\xf2\xbd\x74\xaa\x80\x16\x8a\x32\x22\x08\xec\xa6\xc5\xd2\x36\
\x28\x61\x54\x3b\xcc\x8b\x66\xbb\xd0\x51\x32\xe6\x3c\x7a\xc1\xe0\
\x7f\xe7\x4e\x00\xfe\xed\xce\x37\xe6\x5f\xb2\xa9\x81\x76\x75\xc4\
\x10\x78\x98\x8a\x82\x91\x62\x4b\x67\x80\xc3\xfe\x28\x68\xe0\xab\
\x5a\x70\xab\xab\x32\xa4\x78\x76\x57\x39\xfd\xc5\xed\xa3\xf6\x9f\
\x9d\x1b\x7f\x69\x4c\x9a\xd2\x83\x93\x3e\x3f\x31\x50\xb3\xb8\xeb\
\x48\x6e\x61\x61\xa7\xe2\xf0\xf4\xbe\x57\xfd\xed\xcb\xdc\xfb\x91\
\x54\x93\x50\xfd\xf8\xb9\x97\x72\x24\x5e\x26\x8a\x14\x38\xe2\x53\
\x8e\x52\x1e\xb3\xa7\xd1\x3b\x85\x31\x0f\xbf\x45\x06\xe6\x6a\xd9\
\xbc\xcb\x02\xae\x82\x03\x4c\x0d\x31\x1c\x07\x52\x45\x7d\xbe\xe9\
\xfe\xbb\x57\x3f\xcb\x0d\xac\xa5\x16\x4d\x8f\x3a\x93\x6f\xba\xc6\
\x76\xa8\x60\x4b\x61\x2f\x7a\xe6\x3d\x4f\x45\xf6\x39\xaa\x5d\x9d\
\x71\xb7\x3b\xde\xc4\x86\xe9\x8f\x5d\x77\xd8\xc2\xd5\x1b\x06\x6f\
\x8a\xdb\xb4\xcb\xd0\xc3\x67\x5f\x77\xdb\x1d\xbb\xa4\xe6\x6c\x6b\
\xd3\x5b\xb9\x72\x65\x70\xd2\x3f\xfe\x71\xac\x65\x99\x83\x30\xe0\
\x88\x71\x94\x1d\x79\xbd\xb2\x35\xf3\x28\x51\x06\x0d\xde\xe7\xb5\
\xb1\x63\xc7\xae\xde\x19\x60\xe4\x9f\xf3\x93\xc7\x51\xb2\x0f\x80\
\x0b\xf0\xc9\x29\xf3\xf6\x5d\xb2\xc5\x3e\x89\x06\xa2\x2c\xad\x42\
\xd6\xb0\x7d\x99\x08\x7a\xbc\x11\x62\x22\x18\x1d\xa3\xc2\xbc\x33\
\x0e\xe8\xfa\xdd\x5e\x3d\x8a\x92\xdb\x4b\x65\xcf\xbd\x26\x7e\xbf\
\xa9\x2e\xad\x4e\x9e\xb3\x6e\xd0\x92\x35\x75\x23\x41\x89\x05\x89\
\xa0\x82\xac\x15\x40\x55\x75\x2d\x44\xa2\x21\xc6\x1c\x6f\xd9\x26\
\xa3\x49\x42\xb7\x19\xb6\x9d\x03\x5e\x81\x80\x60\xa5\x2e\x1d\x51\
\x3c\xe9\x90\xbd\x3a\x6e\xed\x41\xfe\xde\xdc\xb5\x9d\x27\x7f\x53\
\x71\x61\x20\xda\x59\xc2\x3a\x73\x33\x53\xfe\x8a\xcd\x17\x30\xf7\
\x0c\x1d\x13\x18\xc7\x49\x1b\x3a\xfb\x8a\xcd\x3f\x6d\x23\x81\x3c\
\xc3\xb4\x47\x07\x6d\xc6\xa5\x47\xf6\x99\xd1\x21\xac\x3a\x95\x0d\
\x69\x75\xc2\x47\xf3\x0f\xb2\xea\x6b\x46\x14\x37\x2d\x4c\x9f\x12\
\x59\x1d\x2d\xf4\xea\x1d\x6e\xff\xf3\x26\x16\x1f\xea\x07\x1a\xa9\
\x99\xe2\xeb\x5e\x1c\x7f\x68\xa0\xbe\xe2\x70\x87\xea\xd8\xf4\x06\
\x24\x01\xb9\x87\x31\xc9\x13\x83\x7b\xd8\x92\x0e\xdd\xa9\xe8\x7c\
\xc0\xa8\x3a\x72\xa2\x19\x10\x8e\xc6\xc0\x34\x7c\x9b\x0b\x93\x2e\
\x13\x0e\xb8\xea\xb0\x53\x26\x17\x9f\x72\x8b\x4f\x39\x64\xea\x5c\
\xcd\x5f\xc7\x1c\xad\x34\x6d\x18\xc1\x49\x3e\xbf\x00\x5f\xd8\xfd\
\xeb\xe8\xa5\x13\xa7\x83\x1a\xa0\x59\xa0\xe2\x9c\xf8\x07\x6b\xd9\
\x85\xfc\x6b\x1c\x50\x6c\xfb\x80\x99\x60\x58\x72\x42\x38\x2c\x19\
\x06\x62\x73\x8e\x95\x12\x48\x5a\x17\xa8\xe7\x70\xd6\x96\xb5\xc1\
\xda\x39\x1f\x0d\x74\x39\xef\xd0\xaf\x97\xac\xaf\xaf\x74\x82\x82\
\x13\xeb\xb1\xe6\xa1\x27\x9f\xff\x60\x57\xb5\x82\xec\xb3\xa0\x9a\
\x3c\x6b\xc6\x8c\xe2\x99\xdf\x7c\xd3\xbf\xb6\xae\x76\x10\xef\x41\
\x71\x16\x1c\x78\xed\x1d\xe5\x7a\x65\x81\x82\x12\x65\xd8\xd0\x21\
\x93\x46\x8f\x19\xb3\x53\x4c\x36\xbf\x18\xa0\xe0\x83\xcc\x5f\x5d\
\x15\x79\xe9\xab\xaa\xeb\x13\x9e\x0c\x69\xdb\x60\xa5\xb5\x96\xc3\
\x81\x22\xca\x8c\x7f\x4a\xf2\x2c\x50\x79\xc3\x08\x4a\x74\x4d\x59\
\x54\x5d\x7f\xce\xe1\x83\x16\x75\x8c\x29\x16\x4e\x67\x6e\x11\x16\
\x0e\x2a\xa5\x94\xfb\xf8\xfb\xf5\x1d\xa7\x2f\xad\x19\x9a\xe4\x94\
\xbd\x74\x9d\x86\x44\x49\x65\x8d\x35\x79\x4e\x06\xdb\xa1\xa0\x85\
\x82\xac\xbd\x9b\xe3\xd9\xcc\xa5\xea\x57\x29\x08\xac\x3b\x97\xed\
\x8a\x20\xf3\x0e\x68\x76\x75\xb2\x34\x24\x2d\x2c\x8b\x45\xb6\xac\
\xaf\xd7\xcb\xaa\xd2\xd6\xbe\xa2\x16\x51\x1c\x13\x3b\x7f\x61\x46\
\x80\x9f\x0d\x2b\x60\x11\xab\x83\x79\x68\x7e\x30\x0c\x83\x76\xa8\
\x86\xe1\x24\x5a\x96\xc1\xca\xc6\x5c\xdb\x80\xe2\x90\x9a\xf2\x88\
\x5d\x67\xbb\x5c\xa9\x0a\xb6\x14\x73\xea\xc4\xbe\x64\x35\xec\x9b\
\x9e\x01\xe1\xd4\x7a\x20\x81\x02\xcf\x93\x23\xcb\x3d\x41\x4c\x7b\
\x7a\x63\x91\xac\x37\xf4\x28\x0a\xcb\x90\x4a\xc5\x19\xbb\x8c\x69\
\x23\xef\x0b\x2e\x6e\xbf\x0b\x19\x56\x05\xfa\x87\xdf\x61\x45\x16\
\x31\xf2\xec\x80\xed\xfa\xb9\x5a\x00\x3e\xdf\x30\xe1\x22\x16\x84\
\x4b\xbf\xe7\x54\x2d\x65\xd6\xae\xed\x5a\x04\xa4\x9f\x95\x6a\x02\
\x57\xe0\x40\x51\x04\x70\x4d\x1d\xf8\x58\xf7\x25\x7a\xe7\xfd\x57\
\x2a\xc5\xbd\xe2\x76\x53\x75\x30\x55\x5f\x89\xdc\xaa\x41\x91\xda\
\xb2\x90\xaa\xd3\x54\x27\x59\xa0\x79\x56\x44\xa4\x44\x45\x2f\x17\
\xda\x48\xbc\x67\x79\x1e\x36\x59\xe5\x14\xce\xe5\xb1\x5e\x40\x04\
\xd3\x05\x70\x24\x09\xd2\x72\x14\x66\x55\xd4\x35\xac\x68\xe2\x25\
\x12\xea\xe4\xec\x7f\xf8\xb1\xff\x3e\xff\xfc\xf3\x5b\x95\x0b\x6c\
\x6b\x47\xcf\x82\xe3\x9b\x6f\xbe\x2e\x9c\xf1\xe5\x57\xe5\x8d\xf1\
\x78\x2c\x95\x48\x74\x13\x78\xbe\x48\x10\x04\x09\xe3\x28\xa1\x40\
\x90\xb9\xf3\xb1\xab\x1a\x16\xff\x61\x76\x41\xee\xb1\x2d\xba\x22\
\x7c\xce\x03\x0e\xd8\x7f\xe2\x19\x67\x9d\xd5\x2a\x3e\xb4\x33\x12\
\xe6\x67\x93\x28\xd9\x87\xbb\xe4\x99\x19\xd7\x99\x4a\x2c\x8a\x81\
\x2b\x59\x51\x21\x9e\xb4\x18\x07\x55\x24\x5c\x08\x89\xa6\x3a\x10\
\xb8\x34\x44\x42\x12\x98\x71\xf4\xfe\x78\x84\x17\x64\xc2\x8b\xbc\
\xc3\x49\xbc\x29\x4a\x9c\xeb\xd9\xae\x44\x08\x55\x74\xc3\x50\x84\
\x40\x40\xe2\xd5\x28\xe8\x36\xaa\x55\x1c\x08\x1e\x07\x11\x4c\x61\
\x48\xa7\x20\x18\x0c\x43\x63\x3c\x09\x1e\xf6\x2b\xe1\x3d\x10\xb9\
\x4c\xd7\x5c\x8f\x03\xc3\xf6\x40\x50\x23\x6c\x61\x47\xc5\x14\xa3\
\x43\x32\x0d\x0e\xf8\x40\x08\xac\x8c\x57\x45\x20\xd8\x04\xd5\x6f\
\xf7\xcc\x80\x81\xcd\x7c\x94\x20\xa4\x6c\x8c\x1c\x8b\xc0\x99\x71\
\x88\x44\x83\x50\x55\xd7\x04\x6a\x28\xec\x37\x1f\x4d\x27\x81\x73\
\x6c\x50\x54\x09\x80\x13\x81\x4b\xd4\x40\x77\x6f\x0b\xf4\x77\x57\
\xc1\x3e\xfa\x1c\xe8\xec\xd5\x83\x89\x5d\xa0\x30\x07\x4b\x51\xc0\
\x74\xb1\xb4\x18\xf9\x98\xd1\x16\xb1\x59\x6e\x1b\xf6\x86\x44\xa0\
\x78\xa0\xf8\x05\xce\xac\x22\x10\x4b\x0d\xfc\xf2\x68\x4d\x08\x41\
\x32\x99\x62\x25\xc4\x8a\xc6\x43\x42\xaf\x87\x40\x20\x04\xe9\x04\
\x76\x50\x46\xf7\xb9\xc5\xc0\x44\x6c\x0f\xd4\x60\x00\x4c\xb0\xc0\
\xb2\x75\xec\x2c\x06\x49\xc3\x06\x4f\x2b\x04\x9b\x78\x3e\xad\x53\
\x20\x04\x8d\xba\x9f\x83\x15\xd3\x00\xec\x74\x23\x08\x7c\xa6\xb4\
\x1a\xb3\x70\xb1\x18\x1b\x37\x25\xe6\x7b\x53\x19\x49\x1f\x12\x88\
\x3b\xb2\xda\x98\x52\x22\x2b\x42\x83\x4e\x58\xf4\xc1\xf4\x19\xc3\
\xaa\x93\x5e\xbf\xba\x14\x95\x3d\x5e\x75\x3a\x44\xd4\x05\xfb\x1d\
\x30\x7c\xf9\x5e\x03\x06\x34\xc6\x8a\x8b\x6d\x87\x10\x2e\x15\x8f\
\x4b\x55\x55\xd5\x5a\x5d\x4d\x75\xb0\xbe\xb1\x3e\xd8\x18\x6f\x8a\
\x6c\xa9\xac\x2c\x31\x6d\xab\x24\x18\x08\x46\x65\x59\x0e\x18\x86\
\xc1\x23\x10\x90\xa7\x1a\x8d\x76\x04\x00\xcb\x28\x70\x5d\xbf\xa7\
\x66\x30\xc8\x52\x53\xb2\x3d\x3a\xb3\xeb\xa9\x2d\xa0\x30\xa9\xc6\
\x8b\x70\xd0\x41\x23\x5e\x3c\xe5\xb4\xd3\x76\xa9\x85\xc8\xcf\x0e\
\x94\xdf\x4d\x9c\x7f\x46\xb5\xad\x0c\x92\x44\x26\x15\x18\x9b\x89\
\x2c\x05\x21\x65\xba\x6c\xb1\x79\xbc\x09\x8e\x6d\x80\x86\x2d\x76\
\x51\xec\x63\x01\x83\x28\x81\x81\x41\x36\xcc\x1c\x25\xc0\xba\xdb\
\x22\x6b\x63\x4a\x4f\x03\xaf\x84\xd8\xc4\xa3\x0b\x55\x15\x05\xe0\
\x0c\x9f\xd6\x08\xc9\xc1\x19\x27\x17\x2e\x7c\xf6\xcf\x01\xdb\xc6\
\xa0\x97\x0a\xbc\xa4\x81\x8e\x34\xc6\x02\x52\x2e\xe8\xcc\x75\xcc\
\xf1\x1a\x38\x58\xa5\x21\x70\xcc\x4b\x16\x44\xb5\xc6\x25\x8c\xd5\
\x05\x17\x35\x4a\x13\xd6\x1a\x1c\x0d\x68\xcc\x64\x96\x28\xeb\x1e\
\x45\x05\x05\x90\xb5\x1f\xdb\x54\x23\x80\x98\xca\xe2\x10\xd6\xd8\
\xb3\x90\xd4\x43\xa7\xc4\x0f\x30\xc0\xad\x80\x01\xf6\x52\x88\xd9\
\x5b\x58\xb1\x14\x66\x06\xa0\x0b\x57\x90\x15\x40\x26\x78\xec\x53\
\x29\x9a\x3a\x84\x54\x15\x4c\x24\xf5\x63\x44\x10\x99\x78\x01\x87\
\xfd\xda\x7d\xe6\x12\x1e\xf3\xdb\x5c\x11\x44\xec\x88\x0c\x36\xd8\
\xc4\x00\x90\x70\x19\x63\xdf\x77\x19\x34\x51\x03\xce\xb5\xfc\x6c\
\x05\x8a\x74\xb0\x02\x58\x9c\xed\xa7\xc8\x63\xc0\x56\x16\xc0\x42\
\x02\x70\xec\x8b\x89\x24\x19\x29\x13\x04\xb5\x80\x9d\xcf\xd9\x69\
\xc0\x39\xf1\x58\x81\x1c\x0e\x3b\x6b\xd9\x0a\xae\xcb\xa3\xf4\x75\
\x2c\x29\xba\x5e\x28\xe9\xbd\x2a\x3a\xf4\xb8\xd5\xd1\x7d\x8e\x68\
\xe2\xd5\x10\xc5\xf9\x7b\xe0\x8e\xeb\x8e\xaf\x4f\x98\x03\x45\x35\
\x16\x44\xcd\x00\x6c\x03\x08\x31\x4c\x83\x3a\xb6\x85\x6d\x07\x14\
\x0d\x28\xe5\x78\x8d\xe3\x24\x59\x12\x24\x4e\xe4\x44\xfc\x1c\x4a\
\xe2\x6c\xe4\x1d\xb9\x9d\x63\x91\xa8\xdf\xcd\x17\x73\xf9\x30\xf9\
\x11\x83\xab\x99\xef\xf1\x2b\x7e\x06\x01\x80\x01\xc5\x1d\x49\x94\
\x0c\x50\xbc\xc3\x47\x1e\xfe\xc2\x71\x27\x1e\xbf\x4d\xde\xe6\xed\
\x49\x96\x9f\x1d\x28\x8f\xbc\xb7\x6c\xf0\xe2\x3a\xe1\x34\xe4\xf9\
\x12\x04\x0e\x5c\x2c\x2b\x75\x71\x50\x34\x96\x95\x8a\x9d\xa6\xd8\
\xa2\x60\x85\x47\x90\xa9\xd4\x03\x56\xb8\xc5\x5a\xa8\x63\x04\x21\
\xa7\x24\x21\x5b\xdf\xc0\x9a\x88\xa2\xf1\x9b\x37\x90\x5b\x9b\x63\
\x66\x08\x0d\xfc\x34\x6f\xbf\xbe\x9e\xa9\x54\xac\x30\xcc\x8f\x52\
\xfb\xb4\x47\xfe\x91\x55\x78\xfc\x10\x1b\x1e\x99\x4c\x25\x3c\x21\
\xa7\x94\x35\x5b\xd6\x9a\x6d\xd8\xea\x37\x4c\xf2\x8b\xa6\x4a\xec\
\x2a\xd8\xdb\x5c\x00\xfd\x9c\xe5\xd0\xdd\x5e\x83\xc4\x7c\xac\x8d\
\x9d\xaf\x52\xf9\xd7\xcd\x26\x06\xfa\x8d\x87\xb2\xdc\xbc\x4c\x94\
\xf9\x59\x51\x5b\xbb\x28\xfb\xe7\xb3\xd4\x42\xe4\xae\x62\x8b\xb9\
\x99\x58\x83\x73\x7d\x5e\x67\x4c\xad\xc7\xb3\x90\x91\x53\xd6\x64\
\xc0\x40\x2d\x4a\xd4\x50\x50\xf3\x93\x0a\xb1\x3d\x1c\x6e\x50\x98\
\x78\x88\x9d\x06\x30\x5e\x03\x1c\x68\x22\xd6\x6f\x60\x1b\x72\xac\
\x42\x14\x80\xca\x21\x2b\xcd\x2b\xeb\x8d\x48\xef\x95\x1d\x0f\x1e\
\x5d\x11\xe8\x35\x24\x29\x86\x62\x2d\x5c\xbb\xb8\xa1\xfc\xe1\xae\
\x5b\x4f\xd7\x0d\x6b\x2f\x5e\x50\x98\xaa\xe4\xb7\xac\xf5\xdf\x2b\
\x97\x46\x0a\xe7\x72\x7b\xa4\x12\xad\xea\x4a\xb6\xb1\x8a\xb3\xd7\
\xcd\xfe\xb9\xad\x36\x77\x98\xea\x12\x08\x45\xdc\x91\x23\x0f\x7b\
\xe1\xe8\x63\x8f\x6d\x45\x1a\xfe\xab\x50\xbd\xa6\x2f\xda\xd2\x61\
\xe2\xac\xc6\xf1\x0e\x47\x78\xd4\xf1\x05\x0e\xfb\x9f\xcb\x90\x4e\
\x1b\x80\x86\xa7\x23\x64\x2c\x09\x06\x12\x00\xac\xd4\xc3\x63\x2b\
\x50\x32\x0b\x95\xb1\xb4\x64\xd4\x91\x9d\xfe\x9a\x01\x00\xbb\xc4\
\x2e\x7c\x9e\xf9\x9e\x32\x0b\x1c\x83\x7f\x0c\xb8\xf8\x33\x23\xb7\
\xf0\xc1\x94\x05\x20\x92\x60\x94\x59\xeb\x60\x3f\x7d\x16\xf4\xb3\
\x57\x40\x29\xd9\x02\xaa\x9b\x02\xc2\xfb\x34\x42\x59\x47\x72\x7e\
\xcf\x77\x7c\xae\xfc\x23\xf7\x37\xac\xe6\x3c\xb3\x10\xfd\xa5\xe7\
\xe7\x4d\xb1\xc2\x5f\xd6\xfe\xd1\xaf\x44\xcc\x26\x19\x22\x85\x2b\
\xee\xc2\x8c\xc4\x5c\xd3\x98\x6b\x3c\xa0\xa1\x14\xc6\xda\x0e\xbf\
\xf2\x0f\x73\xc0\x30\x10\xcb\xcb\x9a\xe3\x48\xc1\xe5\x24\xda\x6d\
\x5d\xe1\xc1\xff\xaf\xbd\x6b\x8d\x8d\xe2\xba\xc2\x67\xde\x3b\xfb\
\xf0\xd8\x2c\x8e\x71\x1d\xc0\x18\x52\x13\xc0\xc1\x45\x06\x51\xa5\
\x31\x2d\x91\xab\x4a\xb4\xa8\x24\x95\x68\x93\x92\x56\x4d\x05\x52\
\x7f\x34\xb4\x51\x15\x55\x10\x92\x3e\x92\x54\xc1\xa1\xcd\xa3\x4a\
\x93\x28\x52\xa5\xa4\xfd\xd1\xd2\x36\x55\x2a\x55\x55\xf3\x87\x3e\
\xa4\x04\x45\x15\x38\x0e\x26\x38\xe6\x65\xc0\xb5\xf1\x73\x9f\xf3\
\x9e\xf6\x9c\x3b\x63\xaf\x17\x1b\xef\xae\x59\x30\x68\xaf\x64\xcd\
\x7a\x75\x77\xe6\xde\x3b\xe7\xdc\x73\xee\x79\x7c\x67\x67\x5f\xb4\
\xb1\x35\x25\x46\x67\xf7\x7b\xa0\x24\xf8\xc1\xde\x47\x76\x86\x23\
\x91\xd5\x41\xed\x44\x24\xd2\xab\xb5\x42\x19\x62\xa6\x7b\xe4\x33\
\x09\xad\x78\x5e\xd9\x87\x60\xde\xbc\x28\x9b\xdb\xb7\x7f\xe9\x95\
\xbb\xef\xb9\xe7\x0a\x54\x9b\x9b\x82\x51\xc6\x53\xba\xf0\xd8\xef\
\x7a\x1f\x75\xc4\x90\x3a\x96\x4c\x81\x56\x55\x45\x22\x17\xd5\x26\
\xc4\xec\x34\x30\xf6\x87\x2c\x4c\x6c\x57\x97\x7c\x46\xb1\xa6\xd1\
\x0f\x53\x43\x90\x68\x8a\xbb\xb2\x85\x65\x04\x8e\x69\xa9\xa8\x9f\
\x17\x7e\x65\xa0\x0c\xc1\xce\x1e\x00\x4e\xfb\xff\x53\x9a\x2d\x63\
\x1c\x1c\x37\xf6\x5b\x6a\x9c\x86\xcd\xe9\x23\xd0\x6c\x9e\x02\xcd\
\x19\x03\xd5\x49\xd1\xf3\x03\x40\x8c\x60\xc7\x0d\xa4\xde\xf4\x17\
\xcf\x18\x91\xfe\x28\x9d\x97\xa1\x3c\x62\xb8\x3a\x99\x8f\xfd\xb7\
\xcd\x00\x24\x58\xd8\x7a\x10\x89\x1b\x58\x9e\xf0\x00\x1c\xab\xae\
\x21\x48\x57\xcc\x6e\xa4\x0a\xc2\x9c\xcc\x02\x12\x11\xff\x0b\x55\
\x19\x4e\x4a\x26\x05\xf5\x7c\x78\x6d\x7b\xb7\xbc\x72\xd3\x60\x75\
\xcb\xd6\xb1\x7c\x24\x98\xd9\x08\x2b\x95\x4a\x71\x4f\xec\xfb\xe1\
\xd7\x5d\xd7\x6b\xca\x0f\x7f\x2f\x84\x18\x4b\xe9\x93\xbb\x56\x33\
\x31\x0a\x7e\x87\x67\x9c\x8c\x6e\xa4\xbf\xf1\xd0\x43\xaf\xae\xdf\
\xb0\xa1\xa4\x2a\x63\x37\x5c\xf5\xc2\x89\x3c\xf2\xfa\xbb\xf7\x8f\
\xbb\xea\x3a\x1d\xd1\x16\x45\x56\x0f\x1d\xd3\x4c\x11\x49\x92\x13\
\x43\x0c\xe5\x10\x31\xa0\x08\x56\xc7\x57\x51\xfc\x14\x52\xb6\x83\
\x04\x7b\x72\xb1\xd7\x52\x5e\xcd\xf4\xdf\x4c\x53\xfb\x7c\x42\xc6\
\x1e\x38\x52\x3c\xfc\x92\xef\x03\xcf\x48\xae\x03\x2b\xcc\x3e\xf8\
\x4c\xf2\x1d\x58\x65\x9d\x02\xd5\xcb\x80\xec\xe8\x94\xe3\x4f\xc9\
\xb8\x3e\x9a\x63\xb0\x21\x06\x6a\x25\x7b\x1a\xfb\x96\xa9\x59\x0c\
\x61\x06\xd9\x03\xe7\x8e\xd8\xc7\x98\x02\x4d\xaa\x9e\x1f\x9a\xce\
\xd4\x37\xc6\x30\x32\x96\xc6\xb3\x1c\xaa\x85\xa2\x55\x2f\x82\x64\
\x36\x43\xd2\x42\x54\x64\x72\x50\x7a\x78\x16\xb3\xb9\x61\x88\x54\
\xf5\x2b\x4d\x1b\x4f\x44\x5b\x3a\x06\xd4\x15\xeb\xd3\xa5\x24\x37\
\x8d\x5c\xbe\x2c\x1e\x78\x7c\xff\x37\x6b\xaa\xab\x1b\x70\x2c\x04\
\x0c\x58\x42\x7e\x7a\x31\x6f\x65\x2e\x46\xa1\x73\x8c\xe3\x60\x3a\
\xc6\xc4\xde\xef\xed\x7d\xa5\x69\xe5\xca\x92\xea\x56\x2e\x08\x46\
\xe9\x3c\x7c\xb4\xad\x67\x18\xb6\x89\xb1\xdb\x00\xa5\x0a\x1d\x66\
\x3d\xcc\x3f\x40\x40\x6b\x74\x11\x32\xc2\x40\x95\x06\xf3\xe9\x18\
\xd1\xe4\x82\x16\x14\xcb\x20\xb9\xfd\x8b\x79\x2d\x33\xf4\xf5\x58\
\x11\xd7\xa0\x0e\x23\x5a\xa8\x26\xcf\x41\x54\xb4\x15\xe3\xb4\x74\
\x08\xbb\x26\x95\xc5\x6e\x4f\xfe\x1d\x56\x98\xbd\xbe\x24\xca\x91\
\x3e\x7e\xf1\xd7\xe0\x09\xac\x12\x15\x03\xd2\x40\x1f\x0a\xb1\x0b\
\x9d\x37\x7c\x75\x8e\x95\x7d\xcf\x01\xb3\xcb\x45\x33\x61\x16\x31\
\x6c\x68\x1e\x97\x64\x34\x58\x88\x90\x46\x2b\x91\xa8\x80\x18\x0a\
\x39\x86\x63\x27\x9c\x58\xc3\x87\xc2\xb2\x8d\x67\x6b\x37\x7d\xf9\
\xa2\xfa\x89\xa6\x59\x23\xa0\x0b\x5d\xa1\xf3\xe7\xcf\x2b\xcf\xfc\
\xf4\x27\xdf\xe6\x00\x16\xa3\x55\x0a\x8d\x1e\xa8\xe2\x95\xb3\xcd\
\xc5\x28\xc1\xb3\x0d\xcb\x19\xd9\x7f\xe0\xf1\x5f\xd5\xd6\xd6\x5e\
\x5d\x17\x9c\x65\xb0\x0b\x82\x51\xfe\xf2\xee\xc7\x0d\x6f\x77\x8f\
\x3e\x3c\x92\x11\x38\x25\xa6\x51\xe6\x9c\xe4\x61\xbd\x43\x0c\x31\
\x41\x75\x00\xcd\xa3\xb8\x9b\x62\xde\x88\x8f\x5d\xe6\x21\xa6\x2e\
\xdb\x55\x8b\x57\xb9\x72\x55\xb4\xf9\xfc\x9e\x11\x2e\x13\xf9\x0c\
\xfd\x25\x97\x51\x28\x98\xd1\x73\x40\x71\x52\xa0\x39\x49\x3a\x9b\
\xdc\x9d\x7a\x07\x96\x99\x67\xc9\xc4\xca\x80\xc5\x03\xff\x08\x7b\
\x43\x93\x12\x6a\xf2\x60\x8e\x0c\x90\x5f\x66\xd1\x37\x2d\x78\xcc\
\x10\x80\x06\x03\xcc\x49\xa1\x43\xfb\xa4\x9b\x05\xd5\x33\x34\x8b\
\x4a\xe4\x4c\x4d\x60\xf1\x4c\x5e\xf9\xaf\x15\xab\x3d\x55\xd3\xda\
\xd1\x1b\xff\x54\xc7\x10\x1f\xab\x9b\x77\x98\x50\x2e\x5d\xf5\xf5\
\xf6\xaa\x87\x3a\x0f\xee\xd1\x34\x4d\x43\x75\x8e\xa0\x67\x11\xcf\
\xa0\x8c\xad\x10\x46\x41\xa9\x36\x91\x48\x0d\x1d\x3c\xf4\xdc\xcb\
\xe8\x14\x2e\xa5\x2d\x08\x46\xd1\x75\x93\x7f\xf4\xb7\x1f\x7c\x77\
\xdc\x89\x6a\x18\x22\x42\x29\xa2\x99\x51\x0a\x67\x71\x1d\x89\x88\
\x8a\x81\x1f\x30\xec\x2e\xa2\x26\x8f\x94\x0e\xf6\xb1\xd8\x43\x7c\
\x6e\x7f\x22\x54\x1f\xb2\xb5\xd8\x2b\x63\x91\x40\x29\xf2\x25\x1f\
\xa2\xc7\xb3\x00\x46\x82\xf2\xf1\x1c\x88\xda\xe3\x50\x67\x0f\x41\
\xb3\xd9\x03\x1b\x33\xff\x86\x25\xc6\x05\x40\xdc\x31\x86\x78\x19\
\x28\x8e\xbe\x6f\xc4\xcf\x21\xa7\x22\x3b\x84\x14\x80\x70\x42\x4c\
\x7a\xb0\xc6\xee\x8b\x39\xef\xd8\xd0\x44\x8d\x29\x02\x01\xa3\xb0\
\x1e\x18\x7f\x86\x28\xc3\x82\x67\x70\xea\x45\xa8\x5d\xf5\x61\xac\
\xe5\xde\x73\x75\xed\x5f\x2d\xc9\x34\x5a\x28\x61\x75\x77\x75\x45\
\x5f\xfe\xe5\x4b\xbb\x25\x49\x8a\x51\xc9\x0d\xac\x04\x3d\xe9\xed\
\x2f\xf4\x2e\xc5\xf5\x9b\x8b\x51\x30\xdc\x28\x91\x48\x80\xa4\xa8\
\x97\x3a\x0f\x3d\xf7\x5a\x7e\xc8\x4b\xa1\x4f\x5b\x10\x8c\x82\x83\
\xfd\xce\x6b\xef\x3d\x30\xce\x55\xdf\x61\x72\x21\xb0\xcd\x0c\x2c\
\x0a\x53\xed\x52\xe0\x21\x32\xc5\x28\x88\x0e\xc9\xa1\x47\x9d\x31\
\xca\xfc\x0b\xd1\xcc\x99\xd1\x5b\xe8\x3a\xfa\x26\x65\x3c\x70\x4f\
\x99\x99\x03\x66\xd1\xac\xcb\xb0\xdc\x38\x07\xcd\x56\x0f\xac\xd3\
\xbb\x60\x91\x35\x48\x65\x17\xc8\x22\x16\xa0\xb9\x13\x93\xe2\xc9\
\x9e\xca\x73\xd2\x9c\xd1\x44\x8d\xb0\x17\x78\x25\x69\x43\x33\x26\
\x6f\x06\x9d\x7b\xd8\xc1\x1e\xbd\xf6\x1c\xf9\x87\x90\x85\x2c\x4e\
\x70\x2c\x41\x39\x27\xd7\xaf\x3e\x51\xbd\x69\x47\x5f\x74\x75\xfb\
\x04\x3f\x4b\x7d\xc9\xc2\x27\x57\x58\xcf\xd3\x7d\xbd\xea\xb3\xcf\
\xfc\x6c\x77\x3c\x1e\xaf\x46\x6b\x57\x2e\xc4\x50\x61\x77\x28\xbe\
\xd7\x5c\x8c\x82\x63\x40\x89\x92\x4a\x67\xcf\x3d\xff\xd2\x8b\xbf\
\x2e\xfe\x09\x81\xa4\xbf\x41\xd1\xc3\xf9\x03\x7e\xfa\x4f\x27\xda\
\x8e\x0f\xc1\x36\x2f\x54\x45\x0e\x35\xc5\x4e\x00\x47\xa1\x21\xea\
\x34\x89\x02\x1c\xea\xbc\x1e\x70\xc8\x28\x93\xa5\xcd\xe6\x49\xf0\
\xd7\x10\xd2\x93\xfc\x26\x58\xa6\xda\x07\xe4\x73\x6d\x0b\x96\xcb\
\x29\xa8\x1f\x3e\x0a\x77\x72\x67\xa1\xd1\x3c\x03\x51\x63\x9c\x50\
\x2e\xc9\xf1\x67\xa7\xc8\xd1\x89\x55\x89\x31\xcc\x46\x96\x42\xbe\
\xaa\x29\xb0\xc0\x47\xb4\xaa\xf1\x68\xc8\xe0\xc0\x34\xb2\x50\xa5\
\xc8\xa4\xe6\xf1\xe8\xf0\x14\x38\xc0\x44\xde\x2c\x27\x58\xb6\xa2\
\xf5\x70\xf5\xab\xcf\xd4\x6f\xff\xfe\x89\x50\xbc\xa1\xbc\x07\x83\
\x59\xa8\x0d\x33\x0f\x9f\xd8\xbf\x6f\xa7\xa4\xc8\xcd\x68\x2a\x9e\
\x49\xa2\xe4\xa3\xa6\x60\x98\x3c\xaa\x67\x41\xba\x6f\x6e\x9a\x2f\
\x12\xf8\x5c\xcc\xe6\x61\xf2\x17\x0b\x61\x22\x07\x24\xaa\xeb\x41\
\xce\x7d\x70\xc5\x71\x64\x0d\xeb\xe4\x2f\x5e\x78\xbe\xa4\x7c\x79\
\xa6\x12\x2f\x10\x46\xf9\xdb\xb1\xfe\xdb\x0e\x1f\x4f\x3e\x3c\x9a\
\x32\x64\x04\x3c\x58\xac\x62\x09\x35\x07\xc0\x47\xaf\xa7\x5d\x13\
\x8b\xce\x20\xa3\x10\xa6\x94\xcf\x28\x14\x62\x31\x7b\x9b\x6b\xa1\
\x4b\x45\x52\x9f\x7c\xe1\x38\x46\xff\x9c\x11\x8c\x82\x4a\x52\x78\
\x08\x2e\x67\x01\x42\xbd\x46\x13\x1f\xc3\x27\xd3\x5d\xe9\xbb\xc2\
\xc3\x91\xb8\x3d\x04\x11\x57\x07\xd3\xc2\xb9\xd9\x20\xf1\x26\x41\
\x05\x09\xbc\x0c\x92\x1c\xa6\x6c\xbf\xd1\xd1\x31\x88\x6a\x55\x60\
\xfd\xbf\x8c\x1b\x12\x00\x86\x9e\x60\xd0\x65\x75\x4d\x1c\x46\xc7\
\x53\x84\x38\xc3\x83\x9c\xe6\xaa\x6a\x3f\xe2\x57\xb6\x9d\xac\xdd\
\xbc\xa3\x5f\x5a\xd2\x88\xb5\xe6\x8a\x4e\xb8\x2a\x75\x87\x9d\xe9\
\x77\x38\xd6\x9f\x77\x76\xb6\xf5\x5f\xec\xdf\x16\x78\xd1\x73\x55\
\x9d\x99\xde\x45\x40\xd8\x01\xa1\x93\xc9\x5a\x60\xc4\x8e\x2d\xdf\
\x0f\x93\xcf\x68\x18\x4c\x1b\x8b\xc5\xa8\x1f\x86\xb4\x50\x49\x76\
\x3f\xa7\x7e\xd2\x7b\xef\x38\xa0\xd5\x2c\xfa\xd7\x81\x27\x9f\xbc\
\xa2\xe2\x73\xa1\xf3\x5f\x30\x8c\x92\xd0\x6d\xae\xf3\x8f\xff\xd9\
\x92\xb5\xdc\xb0\x22\x09\x9c\x22\x7a\x9c\x99\xc9\x00\x2f\xe2\xe1\
\x8b\xf7\x1c\x3e\x28\xeb\x60\x71\xcc\xa2\x83\xb5\xd9\xd1\x05\xc0\
\xbe\x9f\xb5\x11\x4a\xcd\x54\x43\x27\x76\xf0\x9f\xef\x33\x9e\x83\
\xd1\x58\x7f\xd2\xa8\xf0\x79\x0c\xdd\x98\x1d\x99\x39\x0c\xec\x60\
\x9f\xf1\x10\x4f\x43\x01\x97\xe3\x3c\x87\x13\x5c\xfc\xc6\xf2\x54\
\xd0\xbd\x9a\xe4\x99\xba\x3b\x26\xde\xab\xaf\x33\x2f\x80\xa8\x8f\
\x52\xb8\x08\x32\x04\x85\xc2\xe8\x2c\xe6\x2c\x8b\x71\x5d\x94\xe5\
\xcb\x51\x59\x6d\x09\x2b\x5a\x39\x26\xbd\xf8\x64\x5a\x07\x50\x35\
\x48\x38\xd2\x90\x55\xd3\xd0\x5f\xb3\xe1\x8b\xc7\xb5\x75\xed\x43\
\x72\xcd\xed\x46\x29\xd9\x88\x85\x12\x47\x29\xfd\x06\x07\x07\xa5\
\xce\x67\x0f\x7e\xcb\x75\xdd\x25\x2c\xd4\x67\x3a\x70\xfc\x15\xcc\
\x82\xce\x59\x5f\x22\xa0\x04\x41\x49\x14\x48\x92\x80\x69\xae\x36\
\x0e\xfc\x2d\xa9\x56\xe8\x7b\x0b\x85\xa8\x34\x3b\x7e\xa6\x3c\x79\
\x1f\x38\x4f\x10\x04\xb7\xe5\xae\xf5\xbf\x79\x60\xd7\xae\xd3\xa5\
\xcc\x69\x41\x49\x94\x52\x27\x70\x13\xfc\x8e\x7b\xff\xf5\x1f\x3f\
\x18\x1e\x38\xba\x32\x6e\x0d\x42\x58\x40\xb5\xd1\x81\x54\x16\x63\
\xc1\xc2\x94\x56\xc0\x50\x48\x30\x64\x1f\x81\xdd\x54\x0a\x9d\x9f\
\x40\xe7\xa0\xa6\xb9\x36\x27\x0f\x59\xda\xed\x27\xd5\x35\xf7\x9e\
\x8e\xac\xfb\xdc\x90\x5c\xdb\x68\x94\x1a\xba\x7e\x3d\xd6\x0a\x09\
\xf7\x9f\x47\x8e\xd4\xbe\xf5\xd6\x9f\x77\x3a\x8e\x13\x9f\xc9\xea\
\x95\xcb\x2c\x18\xe7\x46\xe5\xc8\x79\x9e\x98\x04\xa3\x05\xf0\x8a\
\x2d\x20\xf4\xab\x8d\x1b\xfb\x8f\x8d\x8d\x4d\x41\x17\x39\x2e\x45\
\x15\xa3\x73\x15\x9f\x8d\x92\x86\xe3\xf8\x9e\x1f\x3d\xf5\xd4\xef\
\x4b\x01\xe7\x0e\x9e\xbd\x60\x24\xca\xf5\x78\x89\x37\xe2\x19\xe9\
\x91\x4b\xa1\x8b\x6f\xee\xdb\x2b\x8f\x9e\x52\x16\x8b\x3a\xf0\xb6\
\x4e\x61\xf1\xa0\xc4\x00\xd3\x92\x29\x1d\x59\x14\xc1\x36\x0d\xda\
\x59\x3d\x4e\xb0\x4c\x29\x72\x49\x6a\x58\xdb\x2b\xae\xff\xc2\xa9\
\x48\xd3\x86\x09\x39\xde\x60\x2e\x64\xe6\xc8\x5f\x57\x9c\x07\x26\
\x59\xbd\xf9\xc6\x1b\x5b\xb3\x99\x6c\xb3\xe7\x79\x91\x7c\x38\xa2\
\x29\xa9\xce\x22\x04\x72\xa5\x47\xae\xea\x45\xd2\x3a\x07\x77\x38\
\xff\x33\xfe\x8f\x6b\x33\x79\x7f\x84\xab\xf5\xd5\x37\x0a\xe5\x11\
\xf8\x81\xfb\x76\xdc\x7f\xb8\x6d\xf3\xe6\x92\x42\x57\x2a\x8c\x72\
\x9d\xb8\x66\xf8\xe8\xdb\x4b\xf4\x7f\xbc\xba\x47\xca\x8e\x42\x98\
\x33\x41\x1f\xbf\x0c\x92\x12\x01\x3e\xba\x18\x2e\x27\xb3\xa0\xc6\
\x34\xac\x8e\x6c\x86\x42\xd1\x7e\x77\xd1\xb2\x8f\xc2\x6b\x3a\xce\
\x69\x1b\x3e\x3f\x0c\xf2\x54\x42\xd5\x75\x1a\xea\x35\x7d\x4c\xa0\
\x4e\x75\x1d\x3b\xa6\xf5\xf4\xf4\xc4\x93\xc9\xa4\x6a\x1a\xa6\x64\
\xbb\xae\x60\x19\xba\x62\x98\xa6\x62\x59\x96\xec\x81\x27\x5b\xa6\
\x29\xbb\x9e\x2b\x65\x32\x59\x25\x16\x8d\x88\xa6\x6d\xcb\x92\x28\
\x2a\x9e\xe7\x29\xa2\x28\x8a\x9e\xe7\xeb\xda\xec\x4c\x3d\x6d\x9c\
\xe8\xd0\xcc\x51\xb1\xc0\xb3\x99\x84\x92\x24\xc9\xb2\x1d\xbb\xfb\
\x2b\x3b\xbf\x76\xa4\xb5\xb5\x75\x62\xbe\x1b\x4d\x45\xa2\x5c\x53\
\xf2\xb8\xf2\x66\x17\xfe\xf0\x74\x8b\xdd\xfd\xd7\xfb\x30\x45\x00\
\x33\x4b\x22\x9c\x0e\x52\x28\x02\x03\x59\xd1\xe0\xa2\xf1\x01\x58\
\xda\xf2\xbe\x76\xe7\xa7\x07\x6a\x5a\xb6\x8e\x16\x1a\x53\x55\xe6\
\x21\xdf\xb0\xdb\x23\x73\x99\xba\xce\x4d\x24\x93\x62\x3a\x9d\x16\
\xf5\x6c\x56\xcc\xa4\x93\x92\xae\x1b\x82\x61\x98\x82\xe5\x58\x82\
\x63\xdb\xbc\x6d\xda\xbc\x65\xdb\xa2\x61\x99\x82\x63\x5a\x52\x22\
\x95\x54\x2d\xcb\x0a\x8f\x8c\x0c\xab\x55\xb1\x98\x1b\x0e\x85\x87\
\x57\xaf\x5d\x7b\xe9\xb3\x5b\xb6\x0c\x8a\xd7\x28\x84\xa6\xc2\x28\
\x65\x26\x8b\x0f\x5e\xdc\xf3\xa0\x92\x1e\x58\x85\xde\x71\xc7\xb6\
\xf4\x68\x38\xd4\xe7\xc6\x97\xf7\x2e\x6e\xdf\xd5\xab\x2e\x5d\x93\
\x99\xef\x4e\x57\xe6\xe1\x57\x6e\xef\xaf\x40\x85\x51\xca\x4c\x0a\
\x47\x5e\x78\x6c\xb7\x16\x82\xc1\x70\x7d\x53\x77\x43\x5b\xc7\x85\
\x48\x5d\x23\x59\xaa\x2a\xed\xe6\x5a\x81\x0a\xa3\x94\xf9\x7d\xd9\
\xba\xce\xf3\xb2\x3c\x09\xe0\x50\xe6\xc7\x55\x6e\x5f\xa6\x15\xa8\
\x30\x4a\x99\x16\xb6\x72\xdb\x5b\x6b\x05\x2a\x8c\x72\x6b\xbd\xcf\
\xca\x6c\xca\xb4\x02\x15\x46\x29\xd3\xc2\x56\x6e\x7b\x6b\xad\x40\
\x85\x51\x6e\xad\xf7\x59\x99\x4d\x99\x56\xe0\x7f\xb3\x14\x1d\xe7\
\xcc\x7a\x41\x13\x00\x00\x00\x00\x49\x45\x4e\x44\xae\x42\x60\x82\
\
"

qt_resource_name = b"\
\x00\x05\
\x00\x6f\xa6\x53\
\x00\x69\
\x00\x63\x00\x6f\x00\x6e\x00\x73\
\x00\x09\
\x0c\x78\x54\x88\
\x00\x6e\
\x00\x65\x00\x77\x00\x50\x00\x72\x00\x65\x00\x66\x00\x69\x00\x78\
\x00\x06\
\x07\x03\x7d\xc3\
\x00\x69\
\x00\x6d\x00\x61\x00\x67\x00\x65\x00\x73\
\x00\x0e\
\x00\xa4\x9d\xc7\
\x00\x6d\
\x00\x61\x00\x69\x00\x6c\x00\x5f\x00\x77\x00\x68\x00\x69\x00\x74\x00\x65\x00\x2e\x00\x73\x00\x76\x00\x67\
\x00\x16\
\x01\x1c\xaf\x87\
\x00\x73\
\x00\x61\x00\x6d\x00\x73\x00\x75\x00\x6e\x00\x67\x00\x5f\x00\x77\x00\x68\x00\x69\x00\x74\x00\x65\x00\x5f\x00\x6c\x00\x6f\x00\x67\
\x00\x6f\x00\x2e\x00\x73\x00\x76\x00\x67\
\x00\x11\
\x01\xdc\xef\x27\
\x00\x6f\
\x00\x72\x00\x61\x00\x69\x00\x6c\x00\x5f\x00\x6c\x00\x6f\x00\x67\x00\x6f\x00\x5f\xd2\x2c\xba\x85\x00\x2e\x00\x70\x00\x6e\x00\x67\
\
\x00\x0e\
\x03\x1b\x2b\x87\
\x00\x70\
\x00\x61\x00\x75\x00\x73\x00\x65\x00\x5f\x00\x70\x00\x6c\x00\x61\x00\x79\x00\x2e\x00\x73\x00\x76\x00\x67\
\x00\x0f\
\x03\x35\x62\x07\
\x00\x72\
\x00\x65\x00\x73\x00\x65\x00\x74\x00\x5f\x00\x77\x00\x68\x00\x69\x00\x74\x00\x65\x00\x2e\x00\x73\x00\x76\x00\x67\
\x00\x0e\
\x03\x38\x9e\x07\
\x00\x75\
\x00\x73\x00\x65\x00\x72\x00\x5f\x00\x77\x00\x68\x00\x69\x00\x74\x00\x65\x00\x2e\x00\x73\x00\x76\x00\x67\
\x00\x12\
\x07\x08\x6d\x07\
\x00\x73\
\x00\x65\x00\x74\x00\x74\x00\x69\x00\x6e\x00\x67\x00\x73\x00\x5f\x00\x77\x00\x68\x00\x69\x00\x74\x00\x65\x00\x2e\x00\x73\x00\x76\
\x00\x67\
\x00\x11\
\x07\x89\x15\x07\
\x00\x6d\
\x00\x6f\x00\x6e\x00\x69\x00\x74\x00\x6f\x00\x72\x00\x5f\x00\x77\x00\x68\x00\x69\x00\x74\x00\x65\x00\x2e\x00\x73\x00\x76\x00\x67\
\
\x00\x08\
\x07\x9e\x57\xc7\
\x00\x62\
\x00\x61\x00\x63\x00\x6b\x00\x2e\x00\x73\x00\x76\x00\x67\
\x00\x09\
\x07\xff\xba\x47\
\x00\x6f\
\x00\x72\x00\x61\x00\x69\x00\x6c\x00\x2e\x00\x70\x00\x6e\x00\x67\
\x00\x0b\
\x08\x5d\x89\x67\
\x00\x66\
\x00\x6f\x00\x72\x00\x77\x00\x61\x00\x72\x00\x64\x00\x2e\x00\x73\x00\x76\x00\x67\
\x00\x0e\
\x0c\xd2\x9a\xe7\
\x00\x68\
\x00\x6f\x00\x6d\x00\x65\x00\x5f\x00\x77\x00\x68\x00\x69\x00\x74\x00\x65\x00\x2e\x00\x73\x00\x76\x00\x67\
"

qt_resource_struct_v1 = b"\
\x00\x00\x00\x00\x00\x02\x00\x00\x00\x02\x00\x00\x00\x01\
\x00\x00\x00\x00\x00\x02\x00\x00\x00\x01\x00\x00\x00\x10\
\x00\x00\x00\x10\x00\x02\x00\x00\x00\x01\x00\x00\x00\x03\
\x00\x00\x00\x28\x00\x02\x00\x00\x00\x0c\x00\x00\x00\x04\
\x00\x00\x00\x3a\x00\x00\x00\x00\x00\x01\x00\x00\x00\x00\
\x00\x00\x00\x5c\x00\x00\x00\x00\x00\x01\x00\x00\x05\x19\
\x00\x00\x00\x8e\x00\x00\x00\x00\x00\x01\x00\x00\x0b\xbe\
\x00\x00\x00\xb6\x00\x00\x00\x00\x00\x01\x00\x00\x5e\xbe\
\x00\x00\x00\xd8\x00\x00\x00\x00\x00\x01\x00\x00\x62\x2d\
\x00\x00\x00\xfc\x00\x00\x00\x00\x00\x01\x00\x00\x64\x6e\
\x00\x00\x01\x1e\x00\x00\x00\x00\x00\x01\x00\x00\x67\x74\
\x00\x00\x01\x48\x00\x00\x00\x00\x00\x01\x00\x00\x73\xf5\
\x00\x00\x01\x70\x00\x00\x00\x00\x00\x01\x00\x00\x77\x3d\
\x00\x00\x01\x86\x00\x00\x00\x00\x00\x01\x00\x00\x7a\x76\
\x00\x00\x01\x9e\x00\x00\x00\x00\x00\x01\x00\x00\xd2\xfb\
\x00\x00\x01\xba\x00\x00\x00\x00\x00\x01\x00\x00\xd6\x34\
\x00\x00\x01\x86\x00\x00\x00\x00\x00\x01\x00\x00\xd9\x85\
"

qt_resource_struct_v2 = b"\
\x00\x00\x00\x00\x00\x02\x00\x00\x00\x02\x00\x00\x00\x01\
\x00\x00\x00\x00\x00\x00\x00\x00\
\x00\x00\x00\x00\x00\x02\x00\x00\x00\x01\x00\x00\x00\x10\
\x00\x00\x00\x00\x00\x00\x00\x00\
\x00\x00\x00\x10\x00\x02\x00\x00\x00\x01\x00\x00\x00\x03\
\x00\x00\x00\x00\x00\x00\x00\x00\
\x00\x00\x00\x28\x00\x02\x00\x00\x00\x0c\x00\x00\x00\x04\
\x00\x00\x00\x00\x00\x00\x00\x00\
\x00\x00\x00\x3a\x00\x00\x00\x00\x00\x01\x00\x00\x00\x00\
\x00\x00\x01\x98\xa6\xbd\x59\xf6\
\x00\x00\x00\x5c\x00\x00\x00\x00\x00\x01\x00\x00\x05\x19\
\x00\x00\x01\x98\xa6\xbd\x5a\x73\
\x00\x00\x00\x8e\x00\x00\x00\x00\x00\x01\x00\x00\x0b\xbe\
\x00\x00\x01\x98\xa6\xbd\x5a\x30\
\x00\x00\x00\xb6\x00\x00\x00\x00\x00\x01\x00\x00\x5e\xbe\
\x00\x00\x01\x98\xa6\xbd\x5a\x44\
\x00\x00\x00\xd8\x00\x00\x00\x00\x00\x01\x00\x00\x62\x2d\
\x00\x00\x01\x98\xa6\xbd\x5a\x64\
\x00\x00\x00\xfc\x00\x00\x00\x00\x00\x01\x00\x00\x64\x6e\
\x00\x00\x01\x98\xa6\xbd\x5a\x96\
\x00\x00\x01\x1e\x00\x00\x00\x00\x00\x01\x00\x00\x67\x74\
\x00\x00\x01\x98\xa6\xbd\x5a\x8b\
\x00\x00\x01\x48\x00\x00\x00\x00\x00\x01\x00\x00\x73\xf5\
\x00\x00\x01\x98\xa6\xbd\x5a\x0f\
\x00\x00\x01\x70\x00\x00\x00\x00\x00\x01\x00\x00\x77\x3d\
\x00\x00\x01\x98\xa6\xbd\x59\xb7\
\x00\x00\x01\x86\x00\x00\x00\x00\x00\x01\x00\x00\x7a\x76\
\x00\x00\x01\x98\xa6\xbd\x5a\x22\
\x00\x00\x01\x9e\x00\x00\x00\x00\x00\x01\x00\x00\xd2\xfb\
\x00\x00\x01\x98\xa6\xbd\x59\xc9\
\x00\x00\x01\xba\x00\x00\x00\x00\x00\x01\x00\x00\xd6\x34\
\x00\x00\x01\x98\xa6\xbd\x59\xd7\
\x00\x00\x01\x86\x00\x00\x00\x00\x00\x01\x00\x00\xd9\x85\
\x00\x00\x01\x98\xa6\xbd\x5a\x22\
"

qt_version = [int(v) for v in QtCore.qVersion().split('.')]
if qt_version < [5, 8, 0]:
    rcc_version = 1
    qt_resource_struct = qt_resource_struct_v1
else:
    rcc_version = 2
    qt_resource_struct = qt_resource_struct_v2

def qInitResources():
    QtCore.qRegisterResourceData(rcc_version, qt_resource_struct, qt_resource_name, qt_resource_data)

def qCleanupResources():
    QtCore.qUnregisterResourceData(rcc_version, qt_resource_struct, qt_resource_name, qt_resource_data)

qInitResources()
